time,air_temp_c,rel_humidity_pct,precip_mm,wind_dir_deg,wind_speed_kmh,pressure_hpa,cloud_cover_okta,weather_condition_code,solar_zenith_deg,solar_elevation_deg,solar_azimuth_deg,clearsky_ghi_wm2,clearsky_dni_wm2,clearsky_dhi_wm2,wind_speed_ms,rail_temp_physical_c
2023-06-01 00:00:00+05:00,23.0,38,0.0,120,7.6,1006.0,0,1,116.5938401531545,-26.59384015315451,354.64399338289434,0.0,0.0,0.0,2.111111111111111,19.305656461254557
2023-06-01 01:00:00+05:00,23.0,38,0.0,120,7.6,1005.0,0,1,116.11391343785334,-26.11391343785334,10.160994726681622,0.0,0.0,0.0,2.111111111111111,19.305656461254557
2023-06-01 02:00:00+05:00,21.5,45,0.0,50,3.6,1003.7,0,1,112.69704390274748,-22.69704390274748,24.971209443988016,0.0,0.0,0.0,1.0,16.576333871395548
2023-06-01 03:00:00+05:00,22.0,43,0.0,57,3.6,1005.0,0,1,106.76608503919664,-16.76608503919664,38.341825544435835,0.0,0.0,0.0,1.0,17.12162530135629
2023-06-01 04:00:00+05:00,20.0,49,0.0,80,11.2,1005.0,0,1,98.8942398061158,-8.894239806115786,50.10622065047016,0.0,0.0,0.0,3.1111111111111107,16.7736652616058
2023-06-01 05:00:00+05:00,20.1,48,0.0,50,3.6,1004.0,0,1,89.2168140210661,0.783185978933895,60.50527662643702,0.1543710834336472,0.7098437053277388,0.144668408479442,1.0,15.062334224406243
2023-06-01 06:00:00+05:00,22.0,41,0.0,140,7.6,1007.0,0,1,79.30839997295831,10.69160002704168,69.97013542290358,92.85960838434931,284.4853702980876,40.081155542739985,2.111111111111111,22.233018796565318
2023-06-01 07:00:00+05:00,21.0,43,0.0,170,18.4,1008.0,0,1,68.4924401505605,21.507559849439495,79.02166990326305,278.38351360742615,549.7545538763134,76.83030730680792,5.111111111111111,26.031835674947104
2023-06-01 08:00:00+05:00,22.7,37,0.0,130,10.8,1005.6,0,1,57.31266413175344,32.68733586824656,88.30374636733006,472.5890275442095,687.9897753347475,101.03718586933444,3.0,36.45808792091077
2023-06-01 09:00:00+05:00,25.0,36,0.0,180,18.4,1008.0,0,1,46.07886107916902,43.92113892083098,98.77251823560177,649.0267440241947,764.7636453800612,118.53496327316624,5.111111111111111,39.78204177251996
2023-06-01 10:00:00+05:00,27.0,30,0.0,160,14.8,1008.0,0,1,35.22197576671839,54.77802423328161,112.20199972977451,792.0441759545196,809.0229925086668,131.13408076296162,4.111111111111112,48.013448313530546
2023-06-01 11:00:00+05:00,28.2,31,0.0,160,7.2,1005.0,0,1,25.656969206943486,64.34303079305651,132.4014826311223,890.52762909569,833.4148553460972,139.2854301827141,2.0,61.50808692003244
2023-06-01 12:00:00+05:00,30.0,24,0.0,160,11.2,1007.0,1,1,19.721696133000975,70.27830386699902,165.63721075401838,937.1863742008844,843.6377999558852,143.03398025846502,3.1111111111111107,59.0932141893573
2023-06-01 13:00:00+05:00,31.0,22,0.0,160,11.2,1007.0,1,1,20.92852957494722,69.07147042505278,206.25200050272664,928.6355614757392,841.8214541917989,142.3518245942613,3.1111111111111107,59.808722806735545
2023-06-01 14:00:00+05:00,32.3,19,0.0,220,7.2,1003.5,2,1,28.36229439464121,61.63770560535879,234.95488846640737,865.5038353487574,827.6009159268033,137.246987593212,2.0,64.55369120147589
2023-06-01 15:00:00+05:00,34.0,18,0.0,280,7.6,1006.0,2,2,38.47819980111844,51.52180019888156,252.47068241191596,752.4104028546161,797.9423837807733,127.74523106984292,2.111111111111111,61.30004696552726
2023-06-01 16:00:00+05:00,34.0,16,0.0,230,11.0,1006.0,2,2,49.50980383826486,40.49019616173514,264.71461056226815,597.8325369979187,745.5540935752321,113.73089899558374,3.0555555555555554,52.153910513033395
2023-06-01 17:00:00+05:00,33.8,17,0.0,170,3.6,1001.9,1,2,60.75642462163498,29.243575378365023,274.68577459765095,414.1231242568303,654.280450957426,94.4918106940948,1.0,51.62471789564404
2023-06-01 18:00:00+05:00,33.0,16,0.0,260,14.8,1006.0,1,2,71.84798524946223,18.152014750537777,283.8192982170857,218.957900031495,486.51323522575416,67.38995257834137,4.111111111111112,37.456194120868304
2023-06-01 19:00:00+05:00,31.0,19,0.0,250,11.0,1006.0,1,1,82.47052743194497,7.529472568055025,292.9412796641737,47.275465425115584,169.54941089123298,25.05836040748893,3.0555555555555554,30.102376849049392
2023-06-01 20:00:00+05:00,29.0,25,0.0,240,11.2,1006.0,1,1,92.54443138770031,-2.544431387700315,302.645324122974,0.0,0.0,0.0,3.1111111111111107,26.31163476322837
2023-06-01 21:00:00+05:00,28.0,28,0.0,250,7.6,1007.0,0,1,101.41944316341662,-11.419443163416616,313.42541368525406,0.0,0.0,0.0,2.111111111111111,24.68662218819958
2023-06-01 22:00:00+05:00,27.0,30,0.0,0,0.0,1008.0,0,1,108.73515194093495,-18.73515194093497,325.66823780784375,0.0,0.0,0.0,0.0,21.053730693007424
2023-06-01 23:00:00+05:00,26.0,36,0.0,130,7.2,1005.4,0,1,113.9294669431994,-23.929466943199408,339.51135547885366,0.0,0.0,0.0,2.0,22.446214965509398
2023-06-02 00:00:00+05:00,25.0,32,0.0,97,3.6,1008.0,0,1,116.45478446921936,-26.454784469219355,354.61681050896203,0.0,0.0,0.0,1.0,20.409701358320774
2023-06-02 01:00:00+05:00,23.0,38,0.0,90,7.6,1008.0,0,1,115.98373960342256,-25.983739603422556,10.10090863051704,0.0,0.0,0.0,2.111111111111111,19.305656461254557
2023-06-02 02:00:00+05:00,21.3,48,0.0,360,3.6,1006.1,0,1,112.58091119524605,-22.58091119524605,24.88518292136945,0.0,0.0,0.0,1.0,16.358432261473467
2023-06-02 03:00:00+05:00,21.0,43,0.0,90,7.6,1008.0,0,1,106.666073885835,-16.66607388583501,38.23888366410006,0.0,0.0,0.0,2.111111111111111,17.171098767927617
2023-06-02 04:00:00+05:00,21.0,43,0.0,80,7.6,1008.0,0,1,98.8097049906818,-8.80970499068181,49.99303190378805,0.0,0.0,0.0,2.111111111111111,17.171098767927617
2023-06-02 05:00:00+05:00,20.4,44,0.0,320,3.6,1006.8,0,1,89.15389346202711,0.8461065379728865,60.38481620189691,0.1830764870282126,0.8188026413043857,0.1709853854819107,1.0,15.389751123939902
2023-06-02 06:00:00+05:00,24.0,31,0.0,360,7.6,1009.0,0,1,79.24799746268441,10.75200253731559,69.84216123845601,93.65501141402775,285.6111297936904,40.37186361749575,2.111111111111111,24.38361805510243
2023-06-02 07:00:00+05:00,25.0,32,0.0,30,14.8,1009.0,0,1,68.43891418198999,21.56108581801001,78.88330434385784,279.0654476370923,549.6616846026554,77.06863624999718,4.111111111111112,30.89516005518783
2023-06-02 08:00:00+05:00,26.7,26,0.0,320,7.2,1006.7,0,1,57.26247303803226,32.73752696196774,88.14946800796741,473.0732248850891,687.5210246402033,101.2677893904251,2.0,43.278666540727556
2023-06-02 09:00:00+05:00,30.0,24,0.0,40,18.4,1009.0,0,1,46.026917720899085,43.973082279100915,98.59353721783155,649.3575516488023,764.1865290049999,118.76729648452636,5.111111111111111,44.87763053141805
2023-06-02 10:00:00+05:00,32.0,21,0.0,360,14.8,1009.0,0,1,35.160129724715766,54.839870275284234,111.98658388692525,792.2925321315184,808.421545311933,131.3708761404955,4.111111111111112,53.070877606045656
2023-06-02 11:00:00+05:00,32.0,18,0.0,320,10.8,1006.1,0,1,25.571206980804742,64.42879301919525,132.15005235360508,890.7729761929214,832.8191229618858,139.5288612073183,3.0,60.05722033276368
2023-06-02 12:00:00+05:00,33.0,19,0.0,360,11.2,1009.0,0,1,19.598086587131466,70.40191341286854,165.45342812653712,937.5085479168002,843.0617740993696,143.28647648944832,3.1111111111111107,62.08904054081222
2023-06-02 13:00:00+05:00,34.0,15,0.0,330,18.4,1008.0,1,1,20.791344642334774,69.20865535766522,206.29318291879497,929.108584074632,841.2772645959888,142.61587561459282,5.111111111111111,56.019199132891515
2023-06-02 14:00:00+05:00,34.6,16,0.0,300,7.2,1004.7,1,1,28.239224511363155,61.760775488636845,235.0852630048873,866.1903363000483,827.108044258126,137.52490751523408,2.0,66.85504920493463
2023-06-02 15:00:00+05:00,35.0,14,0.0,350,14.8,1008.0,0,1,38.36651176909537,51.63348823090463,252.5996496798684,753.3564187352748,797.5410517439955,128.0392753193695,4.111111111111112,55.01779548669799
2023-06-02 16:00:00+05:00,35.0,14,0.0,360,19.0,1008.0,0,1,49.402882087153024,40.597117912846976,264.82776872576727,599.0618213977114,745.336512772877,114.04450279811203,5.277777777777778,48.462463131480604
2023-06-02 17:00:00+05:00,34.7,13,0.0,280,7.2,1004.5,2,1,60.64975814314276,29.350241856857235,274.78422034668887,415.62631071017506,654.4802543846785,94.83479796019134,2.0,49.207883980602844
2023-06-02 18:00:00+05:00,34.0,12,0.0,10,18.4,1008.0,1,1,71.73870489501529,18.26129510498471,283.9054749454924,220.64843941393775,487.7883057563739,67.79947576512569,5.111111111111111,38.000322356137985
2023-06-02 19:00:00+05:00,33.0,12,0.0,20,14.8,1008.0,1,1,82.35753970445457,7.642460295545432,293.0164360193003,48.64615715698436,173.09677685749637,25.62585826078071,4.111111111111112,32.40243205526059
2023-06-02 20:00:00+05:00,29.9,19,0.0,300,7.2,1005.7,1,1,92.4238234133365,-2.42382341333651,302.70888307953794,0.0,0.0,0.0,2.0,26.67676266999854
2023-06-02 21:00:00+05:00,30.0,17,0.0,350,11.2,1009.0,0,1,101.29218996585452,-11.292189965854512,313.47452729218327,0.0,0.0,0.0,3.1111111111111107,27.382586307136705
2023-06-02 22:00:00+05:00,29.0,16,0.0,350,14.8,1009.0,0,1,108.602208996741,-18.602208996740995,325.6975642175091,0.0,0.0,0.0,4.111111111111112,26.69699579802085
2023-06-02 23:00:00+05:00,23.0,34,0.0,20,3.6,1007.3,0,1,113.79391697433084,-23.793916974330827,339.5140063678538,0.0,0.0,0.0,1.0,18.214524851300553
2023-06-03 00:00:00+05:00,23.0,36,0.0,70,11.2,1008.0,0,1,116.32201187396365,-26.322011873963653,354.5875887286782,0.0,0.0,0.0,3.1111111111111107,19.933489386194765
2023-06-03 01:00:00+05:00,22.0,38,0.0,70,11.2,1008.0,0,1,115.86009002753607,-25.860090027536092,10.04042796795136,0.0,0.0,0.0,3.1111111111111107,18.878116827573024
2023-06-03 02:00:00+05:00,20.6,46,0.0,90,3.6,1007.0,0,1,112.47124165155952,-22.471241651559502,24.800247572706667,0.0,0.0,0.0,1.0,15.596739258545824
2023-06-03 03:00:00+05:00,21.0,43,0.0,170,7.6,1008.0,0,1,106.57226401353265,-16.572264013532646,38.13815089573643,0.0,0.0,0.0,2.111111111111111,17.171098767927617
2023-06-03 04:00:00+05:00,19.0,49,0.0,80,14.8,1008.0,0,1,98.7310324665158,-8.73103246651579,49.88282655053587,0.0,0.0,0.0,4.111111111111112,16.203595309107754
2023-06-03 05:00:00+05:00,19.6,48,0.0,50,3.6,1007.2,0,1,89.09565343507052,0.9043465649294776,60.267898507137375,0.2126390082143829,0.9296329348569816,0.1979664537734019,1.0,14.523260351063072
2023-06-03 06:00:00+05:00,22.0,41,0.0,70,7.6,1008.0,0,1,79.19282425402581,10.807175745974195,69.71820301396434,94.37010768916936,286.55537983421294,40.639731707493794,2.111111111111111,22.297664653759114
2023-06-03 07:00:00+05:00,25.0,32,0.0,50,7.6,1009.0,0,1,68.39047885583881,21.609521144161185,78.7494413619961,279.6587678978389,549.487275157886,77.29411429191609,2.111111111111111,33.2528421921092
2023-06-03 08:00:00+05:00,27.2,32,0.0,105,3.6,1006.4,0,1,57.217341693759145,32.782658306240855,88.0002607565711,473.47607712534415,687.013826832824,101.48984953401867,1.0,47.810779906382095
2023-06-03 09:00:00+05:00,30.0,25,0.0,360,11.2,1009.0,0,1,45.980186947745366,44.019813052254634,98.42028400842396,649.6173145686333,763.589818154947,118.9933446490935,3.1111111111111107,49.62448029649033
2023-06-03 10:00:00+05:00,31.0,22,0.0,330,11.2,1009.0,0,1,35.10392465892578,54.89607534107422,111.77737044636694,792.4803750186052,807.8098031071422,131.60283149637075,3.1111111111111107,55.3623603083725
2023-06-03 11:00:00+05:00,31.4,18,0.0,280,7.2,1005.5,0,1,25.49183001143055,64.50816998856945,131.9035379875079,890.9672725225508,832.2180120128206,139.76846098358112,2.0,64.65127643517121
2023-06-03 12:00:00+05:00,33.0,15,0.0,300,14.8,1009.0,0,1,19.48124235291739,70.51875764708261,165.26736292411852,937.7872086468384,842.4829121980222,143.53583391740997,4.111111111111112,58.213000586825444
2023-06-03 13:00:00+05:00,34.0,15,0.0,250,11.2,1008.0,1,1,20.65967699566733,69.34032300433267,206.3246915910904,929.5431089155996,840.7311811385279,142.87719452302952,3.1111111111111107,62.83189693682476
2023-06-03 14:00:00+05:00,34.1,16,0.0,210,3.6,1004.8,1,1,28.12015912888112,61.87984087111888,235.20541032992557,866.8404720389707,826.6127316787733,137.80020693925724,1.0,73.4812505796765
2023-06-03 15:00:00+05:00,35.0,12,0.0,260,18.4,1008.0,1,1,38.257966343803425,51.742033656196575,252.71979562325348,754.265217697982,797.1346901117512,128.33047129850775,5.111111111111111,52.65324678318814
2023-06-03 16:00:00+05:00,35.0,10,0.0,280,18.4,1008.0,1,1,49.298747308397814,40.701252691602186,264.9333587946017,600.2502821490145,745.1074278562783,114.35456731951795,5.111111111111111,48.762894481957005
2023-06-03 17:00:00+05:00,34.8,13,0.0,280,7.2,1004.3,1,1,60.54583851241888,29.45416148758111,274.87596645170913,417.0831586840604,654.6526805630393,95.17270154190908,2.0,49.37174921478771
2023-06-03 18:00:00+05:00,34.0,10,0.0,270,7.6,1008.0,1,1,71.63234277153822,18.367657228461773,283.98552725196123,222.28839403153307,488.9932260254459,68.20009668455813,2.111111111111111,40.39431253456098
2023-06-03 19:00:00+05:00,33.0,11,0.0,270,11.2,1008.0,1,1,82.24775673075727,7.752243269242726,293.08586114986514,49.98596204246327,176.50498492654555,26.17725316771696,3.1111111111111107,32.3503520581674
2023-06-03 20:00:00+05:00,30.5,19,0.0,190,3.6,1004.7,1,1,92.30699267950384,-2.3069926795038382,302.7670315843836,0.0,0.0,0.0,1.0,26.512721937322908
2023-06-03 21:00:00+05:00,29.0,16,0.0,240,7.6,1008.0,0,1,101.16934036426991,-11.169340364269909,313.5186096267789,0.0,0.0,0.0,2.111111111111111,25.770705914114615
2023-06-03 22:00:00+05:00,28.0,22,0.0,230,7.6,1008.0,0,1,108.4743771174132,-18.474377117413205,325.72246573205507,0.0,0.0,0.0,2.111111111111111,24.68662218819958
2023-06-03 23:00:00+05:00,24.0,36,0.0,20,3.6,1006.3,0,1,113.66416757099786,-23.664167570997854,339.51323604293975,0.0,0.0,0.0,1.0,19.310539714104834
2023-06-04 00:00:00+05:00,23.0,33,0.0,80,11.2,1009.0,0,1,116.19556269853668,-26.195562698536687,354.55638242608387,0.0,0.0,0.0,3.1111111111111107,19.933489386194765
2023-06-04 01:00:00+05:00,23.0,31,0.0,90,11.2,1009.0,0,1,115.74299453355188,-25.74299453355186,9.97960433276586,0.0,0.0,0.0,3.1111111111111107,19.933489386194765
2023-06-04 02:00:00+05:00,21.9,36,0.0,50,7.2,1006.7,0,1,112.36805544890916,-22.368055448909164,24.716452990013295,0.0,0.0,0.0,2.0,18.042303833206574
2023-06-04 03:00:00+05:00,20.0,37,0.0,70,14.8,1008.0,0,1,106.4846662241808,-16.484666224180817,38.03967845806011,0.0,0.0,0.0,4.111111111111112,17.24462698155918
2023-06-04 04:00:00+05:00,19.0,40,0.0,80,11.2,1008.0,0,1,98.65822340637952,-8.658223406379538,49.7756602370153,0.0,0.0,0.0,3.1111111111111107,15.724527588131878
2023-06-04 05:00:00+05:00,19.6,39,0.0,40,7.2,1007.1,0,1,89.04213925568727,0.9578607443127196,60.15458542683609,0.242433014257357,1.0399186075898452,0.2250486480534098,2.0,15.601394869202181
2023-06-04 06:00:00+05:00,22.0,33,0.0,60,11.2,1009.0,0,1,79.14286302283709,10.857136977162908,69.59833103245933,95.00490774173277,287.32094616351844,40.884908496358946,3.1111111111111107,22.26995510992259
2023-06-04 07:00:00+05:00,25.0,28,0.0,60,14.8,1009.0,0,1,68.34710632246711,21.652893677532887,78.62016364371414,280.1641442351324,549.2325218194737,77.50682543367816,4.111111111111112,30.928028194781405
2023-06-04 08:00:00+05:00,27.8,28,0.0,60,11.2,1006.0,0,1,57.177233102125925,32.822766897874075,87.8562277773919,473.7984544358148,686.4687515640763,101.70344077329248,3.1111111111111107,41.45835711860087
2023-06-04 09:00:00+05:00,31.0,17,0.0,50,7.6,1009.0,0,1,45.938624130464525,44.061375869535475,98.25289946317751,649.8069864563741,762.9738705675929,119.213184287226,2.111111111111111,54.31182970279491
2023-06-04 10:00:00+05:00,34.0,15,0.0,130,3.6,1009.0,1,1,35.05331352729638,54.94668647270362,111.5745763726498,792.6086562883677,807.1880299453657,131.8300226796773,1.0,69.97319659485731
2023-06-04 11:00:00+05:00,33.1,18,0.0,160,3.6,1005.8,1,1,25.418808782726003,64.581191217274,131.66229520017606,891.1113892120874,831.6117328035705,140.00429970478865,1.0,73.63092020996731
2023-06-04 12:00:00+05:00,34.0,12,0.0,230,14.8,1009.0,1,1,19.371192631804163,70.62880736819584,165.07932975139806,938.0230760340496,841.9013854911051,143.7821120236075,4.111111111111112,59.227884156933555
2023-06-04 13:00:00+05:00,35.0,16,0.0,220,14.8,1009.0,1,1,20.53357346775202,69.46642653224798,206.34641957170768,929.9396445004622,840.1833398249879,143.13582547364376,4.111111111111112,60.01079358078363
2023-06-04 14:00:00+05:00,34.2,17,0.0,250,3.6,1005.3,2,1,28.00513076429401,61.99486923570599,235.3151918158001,867.4544954863379,826.1150764783451,138.07291056867746,1.0,73.60541019966985
2023-06-04 15:00:00+05:00,35.0,14,0.0,190,11.2,1008.0,1,1,38.15259748867104,51.84740251132896,252.8310375218476,755.136770869973,796.7233530540592,128.61882046412336,3.1111111111111107,58.189110772605034
2023-06-04 16:00:00+05:00,35.0,9,0.0,160,7.6,1008.0,1,1,49.1974403285302,40.8025596714698,265.0313323901311,601.3976018419752,744.8668468535818,114.6610670676916,2.111111111111111,56.502968308172626
2023-06-04 17:00:00+05:00,35.1,8,0.0,220,10.8,1004.7,2,1,60.444713745039266,29.555286254960738,274.9609851783966,418.4930702604013,654.7977418282662,95.50546657466263,3.0,47.37761834528868
2023-06-04 18:00:00+05:00,35.0,9,0.0,210,11.2,1008.0,2,1,71.52895322065268,18.47104677934731,284.0594423489856,223.87685384619544,490.1283491631696,68.59174335550364,3.1111111111111107,40.475042682183016
2023-06-04 19:00:00+05:00,33.0,11,0.0,200,14.8,1009.0,3,1,82.14124055893717,7.858759441062833,293.14955548981675,51.29278145114112,179.77232552097203,26.71223128158766,4.111111111111112,32.48136458996595
2023-06-04 20:00:00+05:00,31.1,15,0.0,180,7.2,1005.9,5,1,92.19400056157872,-2.1940005615787173,302.8197835231043,0.0,0.0,0.0,2.0,27.98689517201086
2023-06-04 21:00:00+05:00,29.0,20,0.0,168,3.6,1009.0,4,2,101.05095531269502,-11.050955312695026,313.5576887707941,0.0,0.0,0.0,1.0,24.83843657015376
2023-06-04 22:00:00+05:00,27.0,26,0.0,0,0.0,1009.0,4,2,108.35171307513866,-18.351713075138655,325.7429839572072,0.0,0.0,0.0,0.0,21.053730693007424
2023-06-04 23:00:00+05:00,23.6,35,0.0,30,3.6,1007.3,7,2,113.54026755341025,-23.540267553410235,339.50909546839137,0.0,0.0,0.0,1.0,18.871757912181238
2023-06-05 00:00:00+05:00,23.0,29,0.0,70,14.8,1009.0,3,2,116.07547555989022,-26.075475559890226,354.52324487335534,0.0,0.0,0.0,4.111111111111112,20.378473038828986
2023-06-05 01:00:00+05:00,21.0,30,0.0,70,11.2,1009.0,3,2,115.63248147353416,-25.632481473534167,9.918488488457342,0.0,0.0,0.0,3.1111111111111107,17.824851905994194
2023-06-05 02:00:00+05:00,20.7,34,0.0,50,3.6,1007.5,5,2,112.27137144949135,-22.27137144949135,24.63384822423393,0.0,0.0,0.0,1.0,15.705461121666247
2023-06-05 03:00:00+05:00,21.0,30,0.0,60,14.8,1008.0,5,2,106.40329011297206,-16.40329011297206,37.94351707156437,0.0,0.0,0.0,4.111111111111112,18.287432463000528
2023-06-05 04:00:00+05:00,21.0,30,0.0,70,14.8,1008.0,4,2,98.59127788965114,-8.591277889651131,49.67158793392218,0.0,0.0,0.0,4.111111111111112,18.287432463000528
2023-06-05 05:00:00+05:00,20.3,32,0.0,40,7.2,1007.4,5,2,88.99338987079526,1.0066101292047462,60.04493784976546,0.2718103563697379,1.1471775121175658,0.2516570202932,2.0,16.347461453284495
2023-06-05 06:00:00+05:00,24.0,22,0.0,60,18.4,1009.0,4,2,79.09809553966407,10.901904460335922,69.4826141508218,95.55948757597186,287.91049604297086,41.107527581710364,5.111111111111111,24.28925165976233
2023-06-05 07:00:00+05:00,26.0,21,0.0,70,18.4,1009.0,3,2,68.30876809570364,21.69123190429636,78.49555185825136,280.58225168916687,548.8985353434024,77.70684686537783,5.111111111111111,31.23273992130754
2023-06-05 08:00:00+05:00,27.9,22,0.0,40,7.2,1006.7,2,2,57.14210977715311,32.85789022284689,87.71746934792293,474.041216434735,685.8863318986575,101.90863420162044,2.0,44.54494087927941
2023-06-05 09:00:00+05:00,32.0,14,0.0,190,7.6,1009.0,2,2,45.90218417493325,44.09781582506675,98.09152018724978,649.9275012064459,762.3390236462558,119.4268892776688,2.111111111111111,55.32845241504009
2023-06-05 10:00:00+05:00,33.0,11,0.0,180,11.2,1009.0,2,2,35.00824850295423,54.99175149704577,111.37841248666967,792.6783013728256,806.5564757291369,132.05252295921923,3.1111111111111107,57.3856960902242
2023-06-05 11:00:00+05:00,34.2,12,0.0,150,3.6,1005.6,1,1,25.35211191815543,64.64788808184457,131.42667454412447,891.2061669881176,831.0004840851291,140.23644490031757,1.0,74.68651203681276
2023-06-05 12:00:00+05:00,35.0,8,0.0,130,11.2,1009.0,2,1,19.26796460300515,70.73203539699485,164.88965518324505,938.2168373580856,841.3173547031075,144.0253675543804,3.1111111111111107,64.11268541904286
2023-06-05 13:00:00+05:00,36.0,8,0.0,20,11.2,1009.0,2,2,20.41308173424494,69.58691826575506,206.35827337612497,930.2986671939528,839.6338663588125,143.3918098809528,3.1111111111111107,64.8627442590265
2023-06-05 14:00:00+05:00,36.1,8,0.0,220,11.2,1004.6,2,2,27.894173660202036,62.10582633979797,235.4144754428192,868.03262971354,825.6151662551781,138.34304043572308,3.1111111111111107,62.96346554877408
2023-06-05 15:00:00+05:00,37.0,7,0.0,220,11.2,1008.0,2,2,38.05044069104585,51.94955930895415,252.9332961621669,755.9710236536924,796.3070829858035,128.9043217158818,3.1111111111111107,60.257153439146634
2023-06-05 16:00:00+05:00,36.0,9,0.0,230,14.8,1008.0,2,2,49.099003079450775,40.900996920549225,265.12164329603775,602.5034431031072,744.6147636949138,114.96397408294295,4.111111111111112,51.741861066780814
2023-06-05 17:00:00+05:00,36.3,7,0.0,140,3.6,1004.2,2,2,60.34643254230771,29.65356745769229,275.03925029525897,419.8554349822989,654.9154299452725,95.8330355496392,1.0,54.5272636245208
2023-06-05 18:00:00+05:00,36.0,8,0.0,220,7.6,1008.0,2,2,71.42859088292644,18.571409117073554,284.1272085474789,225.41290846124707,491.1939850604476,68.97433963209312,2.111111111111111,42.66826501130578
2023-06-05 19:00:00+05:00,34.0,11,0.0,140,11.2,1008.0,2,2,82.03805296111356,7.961947038886434,293.2075202350999,52.56458760565496,182.8973027968023,27.23049741958274,3.1111111111111107,33.51584728685623
2023-06-05 20:00:00+05:00,30.6,19,0.0,60,3.6,1005.1,3,2,92.08490812770005,-2.084908127700044,302.86715319054287,0.0,0.0,0.0,1.0,26.62460746381896
2023-06-05 21:00:00+05:00,31.0,16,0.0,120,11.2,1008.0,3,2,100.93709526062172,-10.937095260621716,313.59179280336144,0.0,0.0,0.0,3.1111111111111107,28.4558816916703
2023-06-05 22:00:00+05:00,26.0,28,0.0,70,14.8,1008.0,2,2,108.234273072566,-18.23427307256601,325.75916009855007,0.0,0.0,0.0,4.111111111111112,23.52901613848445
2023-06-05 23:00:00+05:00,25.4,24,0.0,30,3.6,1006.3,3,2,113.42226524563776,-23.422265245637757,339.5016350247495,0.0,0.0,0.0,1.0,20.85025411838052
2023-06-06 00:00:00+05:00,24.0,24,0.0,80,11.2,1009.0,2,2,115.9617887132532,-25.961788713253195,354.4882290181421,0.0,0.0,0.0,3.1111111111111107,20.990998990357866
2023-06-06 01:00:00+05:00,23.0,27,0.0,80,14.8,1009.0,1,1,115.528578893411,-25.528578893411,9.857131455459353,0.0,0.0,0.0,4.111111111111112,20.378473038828986
2023-06-06 02:00:00+05:00,23.8,26,0.0,30,3.6,1006.7,3,1,112.18120813984044,-22.18120813984044,24.55248306616528,0.0,0.0,0.0,1.0,19.091086002631187
2023-06-06 03:00:00+05:00,21.0,28,0.0,80,14.8,1009.0,3,2,106.32814477814128,-16.328144778141287,37.84971834239258,0.0,0.0,0.0,4.111111111111112,18.287432463000528
2023-06-06 04:00:00+05:00,22.0,27,0.0,70,14.8,1008.0,2,2,98.53019541112712,-8.53019541112713,49.570665357656026,0.0,0.0,0.0,4.111111111111112,19.332038775322758
2023-06-06 05:00:00+05:00,23.2,28,0.0,50,3.6,1006.6,3,2,88.94943826812775,1.0505617318722509,59.93901711418851,0.3001216933196815,1.248948703894924,0.2772225512793722,1.0,18.450291270537548
2023-06-06 06:00:00+05:00,25.0,22,0.0,70,14.8,1009.0,2,2,79.05850290345553,10.941497096544468,69.37112127665205,96.03398208812848,288.3265335961549,41.30770660376436,4.111111111111112,25.389549545213868
2023-06-06 07:00:00+05:00,28.0,20,0.0,80,14.8,1009.0,2,2,68.27543520137732,21.724564798622676,78.37568621574576,280.9137675860607,548.4863416314948,77.89424874003271,4.111111111111112,34.06021005264512
2023-06-06 08:00:00+05:00,29.4,24,0.0,30,7.2,1006.2,2,1,57.11193386421841,32.88806613578159,87.5840845604996,474.2052103650226,685.267064511836,102.10549738833043,2.0,46.08972688398978
2023-06-06 09:00:00+05:00,33.0,15,0.0,70,11.2,1010.0,2,2,45.87082167854621,44.12917832145379,97.93628047286944,649.9797711494086,761.6855943369695,119.63453070900846,3.1111111111111107,52.695061339886195
2023-06-06 10:00:00+05:00,35.0,14,0.0,170,7.6,1010.0,2,2,34.96868127376005,55.03131872623995,111.1890857062574,792.6902066484231,805.9153757152892,132.27040278747995,2.111111111111111,63.83825027137118
2023-06-06 11:00:00+05:00,36.2,13,0.0,240,3.6,1006.1,2,2,25.291706771837667,64.70829322816233,131.19702378022163,891.2524113877867,830.3844521135177,140.46496104305675,1.0,76.60981882738014
2023-06-06 12:00:00+05:00,37.0,11,0.0,250,14.8,1010.0,2,2,19.17158437942578,70.82841562057422,164.69868017423755,938.3691400379968,840.730968554314,144.26565391555823,4.111111111111112,62.27384492525607
2023-06-06 13:00:00+05:00,37.0,10,0.0,260,22.3,1010.0,2,2,20.298251724397687,69.70174827560231,206.36017488569195,930.6206104602188,839.0828739057656,143.64518554863992,6.194444444444445,56.596094111888874
2023-06-06 14:00:00+05:00,36.9,9,0.0,230,7.2,1005.4,3,2,27.787325277354853,62.21267472264515,235.5031358998483,868.5750536080748,825.113074575801,138.6106147139502,2.0,69.2344427097982
2023-06-06 15:00:00+05:00,37.0,10,0.0,290,18.4,1009.0,3,2,37.951534384160254,52.048465615839746,253.0264954197004,756.7678778563281,795.885905456424,129.1869698355223,5.111111111111111,54.76944207378057
2023-06-06 16:00:00+05:00,37.0,8,0.0,270,14.8,1009.0,3,2,49.00347997573474,40.99652002426526,265.20424698842373,603.5674274793422,744.351149949602,115.26325589586035,4.111111111111112,52.808031535347084
2023-06-06 17:00:00+05:00,37.2,12,0.0,230,7.2,1005.1,5,2,60.2510456506872,29.748954349312793,275.1107366595719,421.1696063035775,655.0057016483624,96.1553455472544,2.0,52.061357319251044
2023-06-06 18:00:00+05:00,36.0,10,0.0,300,14.8,1009.0,2,2,71.33131205302556,18.668687946974444,284.18881492818343,226.8956228641287,492.1903723036675,69.3478010295498,4.111111111111112,40.85821193405411
2023-06-06 19:00:00+05:00,36.0,11,0.0,215,3.6,1009.0,2,2,81.93825680001238,8.061743199987623,293.2597571217442,53.79940274587763,185.8785556250729,27.73176534387907,1.0,35.56826130492908
2023-06-06 20:00:00+05:00,30.9,16,0.0,202,3.6,1006.3,2,2,91.97977750053906,-1.9797775005390632,302.9091551991444,0.0,0.0,0.0,1.0,26.96046504820555
2023-06-06 21:00:00+05:00,29.0,23,0.0,80,11.2,1010.0,2,1,100.8278215060918,-10.8278215060918,313.6209498934901,0.0,0.0,0.0,3.1111111111111107,26.31163476322837
2023-06-06 22:00:00+05:00,27.0,26,0.0,80,14.8,1010.0,2,1,108.12211404922216,-18.12211404922217,325.7710352899562,0.0,0.0,0.0,4.111111111111112,24.583035248813417
2023-06-06 23:00:00+05:00,26.0,32,0.0,50,3.6,1007.9,1,1,113.3102096839373,-23.310209683937305,339.4909051305177,0.0,0.0,0.0,1.0,21.51204101317626
2023-06-07 00:00:00+05:00,28.0,23,0.0,40,11.2,1010.0,1,1,115.85454109126847,-25.85454109126849,354.4513883880918,0.0,0.0,0.0,3.1111111111111107,25.24299745388356
2023-06-07 01:00:00+05:00,24.0,29,0.0,90,14.8,1010.0,1,1,115.43131534715108,-25.431315347151088,9.79558563107264,0.0,0.0,0.0,4.111111111111112,21.426762468579113
2023-06-07 02:00:00+05:00,23.5,31,0.0,280,3.6,1008.1,1,1,112.097584197961,-22.09758419796101,24.472409276151097,0.0,0.0,0.0,1.0,18.762140896299115
2023-06-07 03:00:00+05:00,26.0,24,0.0,60,18.4,1010.0,0,1,106.25923915507886,-16.259239155078852,37.75833601384363,0.0,0.0,0.0,5.111111111111111,23.840299613641946
2023-06-07 04:00:00+05:00,26.0,23,0.0,60,18.4,1010.0,0,1,98.47497501723564,-8.47497501723565,49.472950197918294,0.0,0.0,0.0,5.111111111111111,23.840299613641946
2023-06-07 05:00:00+05:00,24.6,29,0.0,30,3.6,1008.2,2,1,88.91031166294846,1.0896883370515371,59.83688620069688,0.3267365900112103,1.3428745591120472,0.3011984693411141,1.0,19.987864930537967
2023-06-07 06:00:00+05:00,25.0,28,0.0,70,11.2,1011.0,1,1,79.0240654131584,10.975934586841598,69.26392255150347,96.4285844768026,288.57140773779986,41.48554799384791,3.1111111111111107,25.46882776770343
2023-06-07 07:00:00+05:00,28.0,25,0.0,60,14.8,1011.0,1,1,68.24707797080903,21.752922029190973,78.26064767053043,281.15937496951034,547.9968881577198,78.06909486613216,4.111111111111112,34.067511039773365
2023-06-07 08:00:00+05:00,30.0,24,0.0,360,3.6,1007.9,1,1,57.086666897898894,32.913333102101106,87.45617260310883,474.29127534546507,684.6114130408886,102.29409488801411,1.0,50.696632286017916
2023-06-07 09:00:00+05:00,34.0,15,0.0,50,14.8,1011.0,0,1,45.84449071129779,44.15550928870221,97.7873137241209,649.9646907185215,761.0138809089846,119.83617723306372,4.111111111111112,51.03979673017437
2023-06-07 10:00:00+05:00,35.0,14,0.0,350,11.2,1011.0,0,1,34.9345629176982,55.0654370823018,111.0068006872122,792.6452415949285,805.264951339988,132.4837299852843,3.1111111111111107,59.41018083282472
2023-06-07 11:00:00+05:00,35.8,13,0.0,270,3.6,1007.2,1,1,25.237559512072437,64.76244048792756,130.97368961059306,891.2508925087917,829.7638107267737,140.68990952359184,1.0,76.22448557972848
2023-06-07 12:00:00+05:00,38.0,9,0.0,280,7.6,1010.0,1,1,19.08207737010048,70.91792262989952,164.5067623457362,938.4805883472848,840.1423631469013,144.50302090033688,2.111111111111111,72.29058754911387
2023-06-07 13:00:00+05:00,38.0,7,0.0,360,14.8,1010.0,1,1,20.18913649562799,69.81086350437201,206.35206409291249,930.905858164718,838.5304617159148,143.8959861199553,4.111111111111112,63.0815323368239
2023-06-07 14:00:00+05:00,37.7,9,0.0,340,3.6,1006.4,2,1,27.684627374168365,62.315372625831635,235.5810556641724,869.0818917172104,824.6088586178106,138.87564686851215,1.0,77.06366764497284
2023-06-07 15:00:00+05:00,38.0,7,0.0,10,14.8,1009.0,2,2,37.85592102428246,52.14407897571754,253.11056269807017,757.5271783355219,795.4598253544384,129.4667543108318,4.111111111111112,58.213557980014116
2023-06-07 16:00:00+05:00,39.0,7,0.0,50,18.4,1009.0,2,2,48.9109189611106,41.0890810388894,265.2791009031514,604.5891195198701,744.0759486685348,115.55887397671148,5.111111111111111,53.017200483694126
2023-06-07 17:00:00+05:00,37.8,10,0.0,350,3.6,1005.5,5,2,60.15860688059665,29.841393119403353,275.17542046212077,422.43488399906425,655.0684680685762,96.47232616170646,1.0,56.23396930329807
2023-06-07 18:00:00+05:00,38.0,7,0.0,30,14.8,1009.0,2,2,71.23717566410957,18.762824335890432,284.24425161873177,228.32401972977584,493.1176585323046,69.71203170146563,4.111111111111112,43.0224255580012
2023-06-07 19:00:00+05:00,37.0,8,0.0,350,7.6,1009.0,2,2,81.84191698472644,8.158083015273558,293.3062687743608,54.99528328551489,188.71479729142845,28.21575039744616,2.111111111111111,36.811005707773006
2023-06-07 20:00:00+05:00,32.0,12,0.0,300,3.6,1006.7,2,2,91.8786727495837,-1.8786727495836983,302.94580493101296,0.0,0.0,0.0,1.0,28.194533768194106
2023-06-07 21:00:00+05:00,34.0,14,0.0,340,7.6,1010.0,2,2,100.72319700225732,-10.72319700225732,313.64518888843804,0.0,0.0,0.0,2.111111111111111,31.232281930821273
2023-06-07 22:00:00+05:00,29.0,20,0.0,70,11.2,1011.0,1,1,108.01529436236314,-18.01529436236313,325.77865134842966,0.0,0.0,0.0,3.1111111111111107,26.31163476322837
2023-06-07 23:00:00+05:00,26.4,36,0.0,40,3.6,1008.5,3,1,113.20415112007088,-23.20415112007088,339.47695716220073,0.0,0.0,0.0,1.0,21.953873666486686
2023-06-08 00:00:00+05:00,27.0,24,0.0,120,11.2,1011.0,1,1,115.7537725844725,-25.753772584472504,354.4127781297142,0.0,0.0,0.0,3.1111111111111107,24.176644785552924
2023-06-08 01:00:00+05:00,27.0,23,0.0,60,14.8,1010.0,1,1,115.3407199326142,-25.340719932614203,9.733905855439332,0.0,0.0,0.0,4.111111111111112,24.583035248813417
2023-06-08 02:00:00+05:00,24.1,35,0.0,10,3.6,1008.8,3,1,112.02051829681692,-22.020518296816924,24.39368159025628,0.0,0.0,0.0,1.0,19.42031375617762
2023-06-08 03:00:00+05:00,25.0,26,0.0,70,18.4,1010.0,3,2,106.196581625821,-16.196581625820997,37.669426860399085,0.0,0.0,0.0,5.111111111111111,22.795340913316068
2023-06-08 04:00:00+05:00,22.0,31,0.0,70,11.2,1010.0,2,2,98.42561476456312,-8.425614764563111,49.37850289296466,0.0,0.0,0.0,3.1111111111111107,18.878116827573024
2023-06-08 05:00:00+05:00,23.6,31,0.0,350,3.6,1008.9,2,2,88.87603116071449,1.1239688392855136,59.73861040172869,0.3510622066913031,1.4267763593964116,0.3230749914032579,1.0,18.89139564801644
2023-06-08 06:00:00+05:00,25.0,28,0.0,50,7.6,1011.0,2,2,78.9947618523052,11.005238147694794,69.16108993867147,96.7435551640134,288.6473397907319,41.64114232679234,2.111111111111111,25.576656342073022
2023-06-08 07:00:00+05:00,30.0,21,0.0,60,11.2,1011.0,2,1,68.22366526937586,21.77633473062415,78.15051845668518,281.3197760601415,547.4310596006181,78.23144487619953,3.1111111111111107,37.160657591373024
2023-06-08 08:00:00+05:00,31.3,21,0.0,20,3.6,1008.3,2,1,57.06626900590739,32.93373099409261,87.3338332767596,474.30025585273376,683.9198162782599,102.4744897539922,1.0,52.026163698033486
2023-06-08 09:00:00+05:00,34.0,16,0.0,70,11.2,1011.0,0,1,45.82314402197057,44.17685597802943,97.64475300001652,649.8831484200421,760.324167663771,120.03189618928786,3.1111111111111107,53.71577463751305
2023-06-08 10:00:00+05:00,37.0,13,0.0,10,11.2,1011.0,1,1,34.9058431557772,55.0941568442228,110.83176043038668,792.5442581823407,804.6054129834214,132.6925705423364,3.1111111111111107,61.441443159317885
2023-06-08 11:00:00+05:00,37.4,13,0.0,250,10.8,1007.2,2,1,25.189634468870523,64.81036553112948,130.75701834898473,891.2023511844211,829.1387228759563,140.91134914723443,3.0,65.49715330752906
2023-06-08 12:00:00+05:00,38.0,11,0.0,340,14.8,1011.0,1,1,18.999467776186737,71.00053222381327,164.3142778834108,938.5517459801342,839.5516625756597,144.73751488367054,4.111111111111112,63.294973834052655
2023-06-08 13:00:00+05:00,39.0,9,0.0,350,14.8,1010.0,1,1,20.085792320155733,69.91420767984427,206.33390298759684,931.1547435056426,837.976714937554,144.14424097690937,4.111111111111112,64.10701026153686
2023-06-08 14:00:00+05:00,38.8,8,0.0,240,7.2,1005.7,3,1,27.58612649437036,62.41387350562964,235.64812746716137,869.5532098108943,824.1025581561728,139.13814527233137,2.0,71.1722274632956
2023-06-08 15:00:00+05:00,39.0,8,0.0,250,18.4,1009.0,3,2,37.763647687796784,52.236352312203216,253.18543055288632,758.2487057375514,795.0288248661946,129.74365868219422,5.111111111111111,56.866946534024294
2023-06-08 16:00:00+05:00,40.0,8,0.0,290,15.0,1009.0,2,2,48.82137211846749,41.17862788153251,265.3461657026968,605.5680175742526,743.7890708838967,115.85078282229637,4.166666666666667,55.865669504657546
2023-06-08 17:00:00+05:00,39.0,8,0.0,260,11.0,1008.0,2,2,60.06917368640366,29.930826313596345,275.23328033751596,423.65050415582493,655.1035889063115,96.78389830021462,3.0555555555555554,51.54527831060949
2023-06-08 18:00:00+05:00,39.0,9,0.0,290,11.2,1008.0,2,2,71.1462438095324,18.853756190467607,284.2935108466829,229.69706990251728,493.97589060568936,70.06692281211946,3.1111111111111107,44.94876627069755
2023-06-08 19:00:00+05:00,37.0,11,0.0,260,11.0,1008.0,2,2,81.74910091641907,8.25089908358093,293.3470597584693,56.150310695013474,191.40477705895384,28.68216494103443,3.0555555555555554,36.88050671310975
2023-06-08 20:00:00+05:00,34.0,23,0.0,180,3.6,1004.5,2,2,91.78166020784803,-1.7816602078480437,302.977119633923,0.0,0.0,0.0,1.0,30.448828644813318
2023-06-08 21:00:00+05:00,33.0,17,0.0,270,11.2,1008.0,2,2,100.6232865162953,-10.623286516295297,313.6645404767536,0.0,0.0,0.0,3.1111111111111107,30.60962243708974
2023-06-08 22:00:00+05:00,30.0,24,0.0,110,11.2,1008.0,1,2,107.91387374664907,-17.91387374664909,325.7820520107917,0.0,0.0,0.0,3.1111111111111107,27.382586307136705
2023-06-08 23:00:00+05:00,27.4,40,0.0,50,7.2,1006.0,2,1,113.10414073670488,-23.10414073670488,339.45984471823255,0.0,0.0,0.0,2.0,23.96012166308344
2023-06-09 00:00:00+05:00,26.0,32,0.0,80,14.8,1008.0,1,1,115.65952349150878,-25.65952349150878,354.3724562123713,0.0,0.0,0.0,4.111111111111112,23.52901613848445
2023-06-09 01:00:00+05:00,26.0,28,0.0,70,11.2,1008.0,1,1,115.25682149144475,-25.25682149144477,9.672150437811752,0.0,0.0,0.0,3.1111111111111107,23.11254718252809
2023-06-09 02:00:00+05:00,25.2,32,0.0,20,7.2,1005.7,2,1,111.95002810316706,-21.95002810316705,24.31635850896799,0.0,0.0,0.0,2.0,21.583471704810563
2023-06-09 03:00:00+05:00,26.0,28,0.0,70,14.8,1007.0,2,1,106.14017887762338,-16.14017887762339,37.58305123344019,0.0,0.0,0.0,4.111111111111112,23.52901613848445
2023-06-09 04:00:00+05:00,26.0,28,0.0,70,14.8,1007.0,2,2,98.38211049072856,-8.382110490728563,49.28738696456014,0.0,0.0,0.0,4.111111111111112,23.52901613848445
2023-06-09 05:00:00+05:00,24.5,34,0.0,40,3.6,1004.9,2,2,88.84661086295486,1.153389137045143,59.644257486491426,0.3725603874882493,1.4987221707343774,0.3423924913623462,1.0,19.880494482184247
2023-06-09 06:00:00+05:00,27.0,28,0.0,70,14.8,1007.0,2,2,78.97056820204295,11.02943179795705,69.06269724877598,96.97923995702142,288.5564699417451,41.774574220573825,4.111111111111112,27.51224739487776
2023-06-09 07:00:00+05:00,29.0,25,0.0,160,7.6,1008.0,2,2,68.20516318729841,21.794836812701583,78.04538200467499,281.39571522921716,546.7897022133475,78.38135781564662,2.111111111111111,37.505978441306695
2023-06-09 08:00:00+05:00,30.3,27,0.0,62,3.6,1004.6,3,1,57.05069760083038,32.94930239916962,87.21716681654846,474.2330237118136,683.1927008537702,102.64674598943031,1.0,50.99997183432936
2023-06-09 09:00:00+05:00,32.0,23,0.0,170,11.2,1008.0,3,2,45.80673173093472,44.19326826906528,97.50873076353707,649.7360461911373,759.6167322699556,120.2217554226329,3.1111111111111107,51.66530013299399
2023-06-09 10:00:00+05:00,35.0,17,0.0,240,11.2,1008.0,3,2,34.88246905553076,55.11753094446924,110.66416598318692,792.3881065981801,803.9369644494085,132.89698996282343,3.1111111111111107,59.40182308671274
2023-06-09 11:00:00+05:00,35.2,16,0.0,210,7.2,1004.8,2,2,25.14789285198394,64.85210714801606,130.5473556620572,891.1075105776263,828.5093433901425,141.1293370752935,2.0,68.40225395404991
2023-06-09 12:00:00+05:00,36.0,17,0.0,220,14.8,1009.0,3,2,18.92377735666325,71.07622264333675,164.12162312261148,938.5831433869944,838.9589805400631,144.96917939918217,4.111111111111112,61.265812090745214
2023-06-09 13:00:00+05:00,36.0,22,0.0,220,14.8,1008.0,3,2,19.988278130623613,70.01172186937639,206.30568046117867,931.3675523248872,837.4217053573947,144.38997549014846,4.111111111111112,61.06345338460699
2023-06-09 14:00:00+05:00,37.7,20,0.0,240,7.2,1003.8,2,2,27.491873997203633,62.50812600279637,235.70425793958685,869.9890147368503,823.5941955519512,139.39811317286058,2.0,70.08721705417406
2023-06-09 15:00:00+05:00,38.0,18,0.0,240,14.8,1007.0,3,1,37.67476630385853,52.32523369614147,253.25103927052925,758.9321737791909,794.5928627292477,130.01766027924305,4.111111111111112,58.253221747549844
2023-06-09 16:00:00+05:00,39.0,12,0.0,270,18.4,1007.0,3,2,48.73489595742356,41.26510404257644,265.405407322371,606.5035494968271,743.4903940178914,116.13892950765506,5.111111111111111,53.06534183935344
2023-06-09 17:00:00+05:00,38.7,14,0.0,270,10.8,1002.8,5,2,59.9828074325151,30.017192567484894,275.2842991320889,424.8156345512705,655.110869887834,97.0899735991893,3.0,51.37938155258263
2023-06-09 18:00:00+05:00,35.0,22,0.0,320,33.5,1007.0,5,2,71.05858194188258,18.941418058117428,284.33658856702164,231.01368858350168,494.7650113174544,70.41235185999679,9.305555555555555,37.85079646249096
2023-06-09 19:00:00+05:00,34.0,23,0.0,320,25.9,1008.0,5,2,81.65987859059513,8.340121409404874,293.3821381458402,57.26258719140225,193.94725674636,29.130715707361652,7.194444444444444,33.80778499997865
2023-06-09 20:00:00+05:00,31.6,26,0.0,250,10.8,1004.9,6,2,91.68880840591896,-1.6888084059189494,303.0031199728034,0.0,0.0,0.0,3.0,29.05393871804307
2023-06-09 21:00:00+05:00,31.0,26,0.0,320,22.3,1008.0,6,3,100.52815636655882,-10.528156366558823,313.6790387494916,0.0,0.0,0.0,6.194444444444445,29.31862151756536
2023-06-09 22:00:00+05:00,30.0,27,0.0,340,25.9,1008.0,5,2,107.8179128087514,-17.817912808751394,325.78128448869325,0.0,0.0,0.0,7.194444444444444,28.44299671124537
2023-06-09 23:00:00+05:00,27.5,31,0.0,270,14.4,1005.6,6,2,113.01022986851684,-23.01022986851684,339.43962510913065,0.0,0.0,0.0,4.0,25.07200208717552
2023-06-10 00:00:00+05:00,28.0,30,0.0,350,7.6,1008.0,4,2,115.57183346068724,-25.57183346068723,354.3304847321515,0.0,0.0,0.0,2.111111111111111,24.68662218819958
2023-06-10 01:00:00+05:00,27.0,32,0.0,350,11.2,1008.0,4,2,115.17964731061387,-25.17964731061387,9.610382173170194,0.0,0.0,0.0,3.1111111111111107,24.176644785552924
2023-06-10 02:00:00+05:00,24.7,43,0.0,250,7.2,1005.5,2,2,111.88612881067256,-21.886128810672567,24.24050296917784,0.0,0.0,0.0,2.0,21.045114532430887
2023-06-10 03:00:00+05:00,24.0,38,0.0,240,11.2,1008.0,2,1,106.09003433874751,-16.090034338747532,37.499273421495104,0.0,0.0,0.0,3.1111111111111107,20.990998990357866
2023-06-10 04:00:00+05:00,23.0,44,0.0,190,7.6,1008.0,3,2,98.34445421373628,-8.344454213736283,49.19966911722872,0.0,0.0,0.0,2.111111111111111,19.305656461254557
2023-06-10 05:00:00+05:00,21.1,54,0.0,90,7.2,1006.9,2,2,88.82205666804657,1.1779433319534325,59.553897600571645,0.3907627678515686,1.5570852502263133,0.358752923527897,2.0,17.20538194479809
2023-06-10 06:00:00+05:00,20.0,60,0.0,160,18.4,1009.0,3,2,78.95145606575491,11.048543934245096,68.96881988385678,97.13609294793991,288.3009130487301,41.88592956551599,5.111111111111111,20.192206051838184
2023-06-10 07:00:00+05:00,22.0,50,0.0,160,18.4,1010.0,3,2,68.19153348049785,21.808466519502144,77.94532255027332,281.3880063733435,546.0736522068942,78.51889641667987,5.111111111111111,27.13657770018608
2023-06-10 08:00:00+05:00,23.0,45,0.0,100,10.8,1007.7,6,2,57.03990584026316,32.96009415973684,87.10627338347194,474.0905039152807,682.4304959693466,102.81093143875512,3.0,36.81555069912474
2023-06-10 09:00:00+05:00,25.0,39,0.0,180,18.4,1010.0,3,2,45.795199813558455,44.204800186441545,97.37937825690732,649.5243217550031,758.8918541911647,120.4058253941538,5.111111111111111,39.79486983010395
2023-06-10 10:00:00+05:00,26.0,36,0.0,210,14.8,1010.0,3,2,34.864383521816045,55.135616478183955,110.50421572258972,792.1776534079057,803.2598081198704,133.09705482719073,4.111111111111112,47.01261849349629
2023-06-10 11:00:00+05:00,27.5,36,0.0,90,3.6,1006.8,6,2,25.112291237878978,64.88770876212102,130.34504585268996,890.9670897239893,827.8758221928514,141.34392993032998,1.0,68.32986669430613
2023-06-10 12:00:00+05:00,29.0,33,0.0,220,7.6,1009.0,3,2,18.855023919669502,71.1449760803305,163.92921581573955,938.5752867796213,838.3644223075469,145.19805585228596,2.111111111111111,63.44639297468143
2023-06-10 13:00:00+05:00,31.0,29,0.0,360,3.6,1009.0,3,2,19.89665471515582,70.10334528484418,206.26741754517107,931.5445279439766,836.8654924584702,144.63321139184893,1.0,73.48636468345052
2023-06-10 14:00:00+05:00,31.7,30,0.0,330,3.6,1004.8,6,2,27.401925916717907,62.59807408328209,235.74937166782917,870.3892557742565,823.0837760810734,139.65554878099704,1.0,71.34645169324534
2023-06-10 15:00:00+05:00,33.0,26,0.0,350,11.2,1007.0,6,2,37.58933375913006,52.41066624086994,253.30733975208315,759.5772280704944,794.1518739079969,130.28873008834546,3.1111111111111107,56.30264617432857
2023-06-10 16:00:00+05:00,34.0,26,0.0,100,7.6,1006.0,5,2,48.65155158404352,41.34844841595648,265.4567992299925,607.3950701123389,743.179760947087,116.42325340158624,2.111111111111111,55.7106840966735
2023-06-10 17:00:00+05:00,34.8,26,0.0,350,3.6,1002.1,2,2,59.89957354699132,30.100426453008676,275.32846582653156,425.92937194225664,655.0900613191824,97.39045405231924,1.0,53.25405788845785
2023-06-10 18:00:00+05:00,34.0,28,0.0,210,11.2,1006.0,5,2,70.97425895600853,19.025741043991463,284.3734861963503,232.27273357852815,495.4848582626078,70.74818232311617,3.1111111111111107,39.69860933797759
2023-06-10 19:00:00+05:00,33.0,30,0.0,250,11.2,1006.0,5,2,81.5743225873131,8.425677412686897,293.41151715307876,58.3302332558747,196.340993258648,29.561101878673806,3.1111111111111107,32.64024660901708
2023-06-10 20:00:00+05:00,32.0,27,0.0,260,7.2,1002.4,2,2,91.60018789987356,-1.600187899873565,303.02383162284536,0.0,0.0,0.0,2.0,28.97215505177644
2023-06-10 21:00:00+05:00,31.0,29,0.0,330,11.2,1006.0,2,2,100.4378740643618,-10.4378740643618,313.6887227736534,0.0,0.0,0.0,3.1111111111111107,28.4558816916703
2023-06-10 22:00:00+05:00,30.0,31,0.0,340,7.6,1006.0,2,2,107.72747244149734,-17.72747244149734,325.77640100444114,0.0,0.0,0.0,2.111111111111111,26.857492337694566
2023-06-10 23:00:00+05:00,27.3,40,0.0,220,3.6,1002.9,1,2,112.92246916385405,-22.922469163854036,339.4163607947603,0.0,0.0,0.0,1.0,22.949884608234697
2023-06-11 00:00:00+05:00,26.0,51,0.0,170,11.2,1005.0,3,2,115.49074040288674,-25.490740402886743,354.2869311465172,0.0,0.0,0.0,3.1111111111111107,23.11254718252809
2023-06-11 01:00:00+05:00,25.0,54,0.0,160,11.2,1005.0,4,2,115.1092218306614,-25.109221830661394,9.548669272409713,0.0,0.0,0.0,3.1111111111111107,22.05067509221584
2023-06-11 02:00:00+05:00,25.4,53,0.0,120,7.6,1002.2,4,2,111.82883171296234,-21.828831712962348,24.166182944451407,0.0,0.0,0.0,2.111111111111111,21.880430449434243
2023-06-11 03:00:00+05:00,24.7,54,0.0,52,1.8,1002.5,1,1,106.04614668928816,-16.046146689288154,37.41816194521448,0.0,0.0,0.0,0.5,19.374126039028226
2023-06-11 04:00:00+05:00,24.0,54,0.0,90,7.6,1002.8,2,1,98.31263262808795,-8.312632628087947,49.11541929753184,0.0,0.0,0.0,2.111111111111111,20.376693141554313
2023-06-11 05:00:00+05:00,22.8,56,0.0,70,7.6,1002.7,1,2,88.80236516158439,1.197634838415609,59.46760313898107,0.4052833500129368,1.6005907109602058,0.3718291649760795,2.111111111111111,19.109245093322443
2023-06-11 06:00:00+05:00,24.0,54,0.0,120,7.6,1005.0,3,2,78.93739123912886,11.062608760871148,68.87953456862596,97.21469726228467,287.8828096416259,41.97530220720783,2.111111111111111,24.53506044322154
2023-06-11 07:00:00+05:00,26.0,45,0.0,160,11.2,1005.0,3,2,68.18273217343203,21.817267826567967,77.85042474960085,281.2975574071876,545.2837614373452,78.64413099256839,3.1111111111111107,32.986220914172634
2023-06-11 08:00:00+05:00,26.7,46,0.0,100,3.6,1002.9,3,2,57.0338412706003,32.9661587293997,87.00125257434524,473.8736973797538,681.6336465753676,102.9671203750579,1.0,47.32530996900414
2023-06-11 09:00:00+05:00,28.0,40,0.0,180,11.2,1006.0,1,1,45.78848877766818,44.21151122233182,97.25682491347254,649.2489681805276,758.1498221681692,120.5841810492734,3.1111111111111107,47.58378103324338
2023-06-11 10:00:00+05:00,29.0,37,0.0,180,11.2,1006.0,1,1,34.8515240084383,55.1484759915617,110.35210465861188,791.9137971629368,802.574149445956,133.29283414634403,3.1111111111111107,53.33527313950782
2023-06-11 11:00:00+05:00,31.0,37,0.0,50,3.6,1002.5,2,1,25.08278029232656,64.91721970767344,130.1504310683648,890.7818150383787,827.2383070650338,141.55518474102405,1.0,71.61922480199115
2023-06-11 12:00:00+05:00,32.0,30,0.0,180,11.2,1005.0,2,1,18.793220028926427,71.20677997107357,163.73749583919016,938.528665617122,837.7680863562339,145.42418411451945,3.1111111111111107,61.124830574891405
2023-06-11 13:00:00+05:00,33.0,28,0.0,210,11.2,1005.0,3,2,19.810984012939528,70.18901598706047,206.2191719667834,931.68587507295,836.3081242722777,144.87396707502387,3.1111111111111107,61.90105894322397
2023-06-11 14:00:00+05:00,34.8,27,0.0,80,3.6,1000.4,2,2,27.316342845443906,62.683657154556094,235.78341469412584,870.7538256272576,822.571288163167,139.91044532952276,1.0,74.33301801688646
2023-06-11 15:00:00+05:00,35.0,25,0.0,320,7.6,1003.0,3,1,37.50741199318132,52.49258800681868,253.35429593898607,760.1834449870101,793.7057692596803,130.5568326217439,2.111111111111111,62.60340821932698
2023-06-11 16:00:00+05:00,36.0,21,0.0,360,11.2,1003.0,3,2,48.57140485086869,41.42859514913131,265.5003242853773,608.2418589410097,742.8569791270239,116.70368590187002,3.1111111111111107,54.40172312107143
2023-06-11 17:00:00+05:00,35.9,26,0.0,150,3.6,999.0,2,2,59.81954165822518,30.180458341774823,275.3657770875325,426.9907396217055,655.0408567146151,97.685231658938,1.0,54.457889759167585
2023-06-11 18:00:00+05:00,35.0,25,0.0,200,14.8,1003.0,5,2,70.89334727058346,19.106652729416535,284.4042119882412,233.47300358629704,496.1351624918212,71.0742632808583,4.111111111111112,39.99337619110827
2023-06-11 19:00:00+05:00,34.0,26,0.0,200,14.8,1003.0,5,2,81.49250807638559,8.507491923614413,293.43521641381153,59.35138527529426,198.58472210158152,29.973013227837384,4.111111111111112,33.78618162926739
2023-06-11 20:00:00+05:00,32.5,31,0.0,100,3.6,999.5,3,2,91.51587115204164,-1.5158711520416217,303.03928648481593,0.0,0.0,0.0,1.0,28.75682745210122
2023-06-11 21:00:00+05:00,31.0,33,0.0,180,7.6,1003.0,3,2,100.35250805423148,-10.352508054231476,313.69363776811576,0.0,0.0,0.0,2.111111111111111,27.947012375227132
2023-06-11 22:00:00+05:00,30.0,40,0.0,100,3.6,1003.0,3,2,107.64261340539612,-17.64261340539614,325.7674599296241,0.0,0.0,0.0,1.0,25.953795484104774
2023-06-11 23:00:00+05:00,27.3,49,0.0,40,3.6,1000.3,3,2,112.84090798859742,-22.840907988597426,339.3901204380195,0.0,0.0,0.0,1.0,22.949884608234697
2023-06-12 00:00:00+05:00,27.0,48,0.0,90,7.6,1003.0,3,2,115.41627972490528,-25.416279724905262,354.2418691779976,0.0,0.0,0.0,2.111111111111111,23.605210159731712
2023-06-12 01:00:00+05:00,27.0,42,0.0,90,7.6,1003.0,4,2,115.04556574164964,-25.04556574164965,9.487086043352631,0.0,0.0,0.0,2.111111111111111,23.605210159731712
2023-06-12 02:00:00+05:00,25.1,54,0.0,40,3.6,1000.4,4,2,111.7781432152653,-21.778143215265303,24.093471883251937,0.0,0.0,0.0,1.0,20.51979180016309
2023-06-12 03:00:00+05:00,27.0,45,0.0,50,11.2,1002.0,1,1,106.00850884063853,-16.008508840638527,37.33978977831447,0.0,0.0,0.0,3.1111111111111107,24.176644785552924
2023-06-12 04:00:00+05:00,25.0,50,0.0,90,14.8,1002.0,2,1,98.28662609372915,-8.286626093729158,49.03471073955029,0.0,0.0,0.0,4.111111111111112,22.47693437067454
2023-06-12 05:00:00+05:00,24.4,54,0.0,60,3.6,1000.0,2,2,88.78752293514535,1.2124770648546497,59.385448664880414,0.415828008599745,1.6283483916190484,0.3813719327545317,1.0,19.773015028833868
2023-06-12 06:00:00+05:00,26.0,48,0.0,100,11.2,1002.0,0,2,78.92833278285097,11.071667217149022,68.79491916934876,97.2157779772554,287.3043607138939,42.04279853369562,3.1111111111111107,26.55025050039535
2023-06-12 07:00:00+05:00,28.0,40,0.0,170,11.2,1003.0,0,2,68.17870867283267,21.821291327167323,77.76077341857768,281.1253857290081,544.4209147584103,78.75714204191726,3.1111111111111107,35.06274389067448
2023-06-12 08:00:00+05:00,29.5,42,0.0,140,3.6,1000.1,6,2,57.03244499192283,32.96755500807717,86.90220308599771,473.5836950647847,680.8026220574679,103.11539517345494,1.0,50.15151420174027
2023-06-12 09:00:00+05:00,30.0,35,0.0,160,11.2,1003.0,0,2,45.78653287924669,44.21346712075331,97.1411979393435,648.9110457288539,757.390939011491,120.75690298432926,3.1111111111111107,49.60094260665795
2023-06-12 10:00:00+05:00,31.0,36,0.0,160,14.8,1003.0,0,2,34.84382178417663,55.15617821582337,110.20802388520622,791.5974776534815,801.880199746636,133.48440018189297,4.111111111111112,52.03725801254063
2023-06-12 11:00:00+05:00,33.0,33,0.0,120,3.6,999.8,3,2,25.059304068541223,64.94069593145878,129.9638504161769,890.5524269385983,826.5969453031834,141.76315949293303,1.0,73.51003151395588
2023-06-12 12:00:00+05:00,34.0,30,0.0,200,14.8,1003.0,5,2,18.73837221302145,71.26162778697855,163.54692488517708,938.443756799275,837.1700653211886,145.64760285600016,4.111111111111112,59.23973354874869
2023-06-12 13:00:00+05:00,35.0,28,0.0,250,18.4,1002.0,5,2,19.731328647192385,70.26867135280762,206.16104113941253,931.791761905369,835.7496378354216,145.1122577474573,5.111111111111111,57.10149930823394
2023-06-12 14:00:00+05:00,35.6,28,0.0,150,3.6,998.7,3,2,27.235189858190928,62.76481014180907,235.8063567792487,871.0825609178397,822.0567034574556,140.16279108932292,1.0,75.11924738747615
2023-06-12 15:00:00+05:00,36.0,22,0.0,290,11.2,1002.0,4,2,37.4290680388418,52.5709319611582,253.39188627948303,760.7503311462744,793.2544353493461,130.82192583653523,3.1111111111111107,59.39097338249775
2023-06-12 16:00:00+05:00,37.0,21,0.0,310,11.2,1003.0,5,2,48.49452641953876,41.50547358046124,265.5359758101096,609.0431191920915,742.5218201656638,116.98015028701008,3.1111111111111107,55.4623995639397
2023-06-12 17:00:00+05:00,37.0,24,0.0,20,3.6,998.6,6,2,59.74278563888696,30.25721436111304,275.39623811939157,427.9986865264384,654.9628922624963,97.97418824093091,1.0,55.66266886569275
2023-06-12 18:00:00+05:00,36.0,24,0.0,150,18.4,1002.0,6,2,70.81592283889177,19.184077161108227,284.4287817575288,234.61323774572077,496.7155483016503,71.3904292151889,5.111111111111111,40.462875254954724
2023-06-12 19:00:00+05:00,34.0,25,0.0,170,18.4,1003.0,6,3,81.41451279049913,8.585487209500874,293.45326261965477,60.32419394537478,200.67714343127236,30.366128535298092,5.111111111111111,33.838000331103956
2023-06-12 20:00:00+05:00,32.8,27,0.0,110,7.2,999.4,6,3,91.43593243728192,-1.4359324372819142,303.0495232692708,0.0,0.0,0.0,2.0,29.8498762750325
2023-06-12 21:00:00+05:00,29.0,33,0.0,100,7.6,1003.0,7,3,100.27212755630636,-10.272127556306378,313.69383564226473,0.0,0.0,0.0,2.111111111111111,25.770705914114615
2023-06-12 22:00:00+05:00,29.0,33,0.0,150,7.6,1004.0,6,3,107.56339610101566,-17.56339610101565,325.75452627436164,0.0,0.0,0.0,2.111111111111111,25.770705914114615
2023-06-12 23:00:00+05:00,28.7,36,0.0,40,7.2,1001.4,6,2,112.76559413101658,-22.76559413101658,339.3609793323241,0.0,0.0,0.0,2.0,25.370635344208267
2023-06-13 00:00:00+05:00,29.0,29,0.0,70,14.8,1003.0,5,2,115.34848397606392,-25.34848397606393,354.19537914832677,0.0,0.0,0.0,4.111111111111112,26.69699579802085
2023-06-13 01:00:00+05:00,29.0,27,0.0,70,18.4,1003.0,5,2,114.98869559264432,-24.988695592644326,9.425713118551414,0.0,0.0,0.0,5.111111111111111,26.985562619225902
2023-06-13 02:00:00+05:00,27.5,32,0.0,340,3.6,1000.8,7,2,111.73406443403071,-21.73406443403072,24.02244881885025,0.0,0.0,0.0,1.0,23.17157696793987
2023-06-13 03:00:00+05:00,27.0,32,0.0,70,14.8,1003.0,7,3,105.9771075481062,-15.977107548106202,37.264234360991,0.0,0.0,0.0,4.111111111111112,24.583035248813417
2023-06-13 04:00:00+05:00,27.0,32,0.0,70,14.8,1003.0,7,3,98.26640828208107,-8.266408282081091,48.95761989907413,0.0,0.0,0.0,4.111111111111112,24.583035248813417
2023-06-13 05:00:00+05:00,26.2,38,0.0,30,3.6,1001.1,6,3,88.7775064931709,1.2224935068291003,59.30751078531267,0.4222005938211648,1.6398708189589883,0.3872140845101627,1.0,21.756276941311967
2023-06-13 06:00:00+05:00,28.0,30,0.0,70,18.4,1003.0,6,3,78.92423276593064,11.075767234069358,68.71505252384657,97.14020453155877,286.567841167531,42.088539229196,5.111111111111111,28.496188691826887
2023-06-13 07:00:00+05:00,28.0,32,0.0,60,14.8,1004.0,6,3,68.17940555799315,21.820594442006858,77.67645332158452,280.8726217662776,543.4860364025856,78.85802112086719,4.111111111111112,34.05898693103785
2023-06-13 08:00:00+05:00,28.2,38,0.0,20,7.2,1001.3,7,3,57.03565150060683,32.96434849939317,86.80922245467696,473.22168089123056,679.9379190709553,103.2558467809153,2.0,44.8184762415637
2023-06-13 09:00:00+05:00,32.0,26,0.0,60,18.4,1004.0,7,2,45.789260020669175,44.210739979330825,97.03262197019166,648.5116839509843,756.6155229677672,120.92407771541866,5.111111111111111,46.90245201274928
2023-06-13 10:00:00+05:00,34.0,25,0.0,180,3.6,1004.0,6,2,34.84120188515538,55.15879811484462,110.0721600386085,791.2296773336451,801.1781769060319,133.67182860241903,1.0,69.90937748859733
2023-06-13 11:00:00+05:00,34.6,24,0.0,310,7.2,1000.3,7,2,25.041799983444704,64.9582000165553,129.7856387504637,890.2796807857366,825.9518840834036,141.96791321708554,2.0,67.77674428395716
2023-06-13 12:00:00+05:00,37.0,17,0.0,30,11.2,1003.0,6,2,18.69048072216472,71.30951927783528,163.35798465191806,938.3210254041276,836.5704462068993,145.86834960139822,3.1111111111111107,66.12561316348666
2023-06-13 13:00:00+05:00,37.0,18,0.0,350,11.2,1003.0,5,2,19.65775162725859,70.34224837274141,206.093163070714,931.8623209391696,835.1900593659243,145.34809548301791,3.1111111111111107,65.91930229169185
2023-06-13 14:00:00+05:00,37.4,19,0.0,240,3.6,998.4,7,2,27.158536357137,62.841463642863,235.81819218018225,871.3752432865656,821.5399770884734,140.4125694346959,1.0,76.875334465251
2023-06-13 15:00:00+05:00,39.0,16,0.0,250,7.6,1003.0,7,2,37.354373883736166,52.645626116263834,253.42010411932927,761.2773249922473,792.7977348447955,131.08396123459147,2.111111111111111,66.6967469091677
2023-06-13 16:00:00+05:00,38.0,17,0.0,280,11.2,1002.0,7,2,48.42099160835955,41.57900839164045,265.5637577959314,609.7979799232072,742.1740205761431,117.25256186733692,3.1111111111111107,56.523765181623276
2023-06-13 17:00:00+05:00,38.0,19,0.0,230,7.2,997.9,5,2,59.66938343327864,30.330616566721364,275.41986276742546,428.9520899874117,654.8557483625344,98.2571956706085,2.0,53.21780062210479
2023-06-13 18:00:00+05:00,37.0,21,0.0,250,18.4,1002.0,6,3,70.74206495848449,19.25793504151551,284.4472189078007,235.69211873254912,497.2255366526832,71.69650037209445,5.111111111111111,41.544201444055886
2023-06-13 19:00:00+05:00,36.0,22,0.0,230,11.2,1002.0,6,3,81.34041683834562,8.659583161654385,293.4656894857694,61.24682522284294,202.61691510054712,30.740114894209167,3.1111111111111107,35.97425358998805
2023-06-13 20:00:00+05:00,34.2,29,0.0,170,3.6,998.4,5,3,91.36044764597364,-1.3604476459736472,303.05458739983806,0.0,0.0,0.0,1.0,30.675012678304483
2023-06-13 21:00:00+05:00,33.0,30,0.0,220,11.2,1003.0,4,2,100.19680238758862,-10.196802387588624,313.68937484043033,0.0,0.0,0.0,3.1111111111111107,30.60962243708974
2023-06-13 22:00:00+05:00,33.0,28,0.0,360,7.6,1003.0,4,2,107.48988042185586,-17.48988042185586,325.7376714694344,0.0,0.0,0.0,2.111111111111111,30.13437649634767
2023-06-13 23:00:00+05:00,29.5,40,0.0,180,3.6,999.8,6,2,112.696573706403,-22.696573706402997,339.32901913318017,0.0,0.0,0.0,1.0,25.39570160499261
2023-06-14 00:00:00+05:00,29.0,40,0.0,109,3.6,1003.0,3,2,115.28738281854862,-25.287382818548625,354.1475476692205,0.0,0.0,0.0,1.0,24.83843657015376
2023-06-14 01:00:00+05:00,28.0,42,0.0,80,7.6,1003.0,3,2,114.93862383845644,-24.938623838456436,9.36463712141432,0.0,0.0,0.0,2.111111111111111,24.68662218819958
2023-06-14 02:00:00+05:00,26.5,48,0.0,30,3.6,1000.3,3,2,111.69659132285456,-21.696591322854573,23.953198036385913,0.0,0.0,0.0,1.0,22.0644122862451
2023-06-14 03:00:00+05:00,27.0,42,0.0,60,7.6,1003.0,3,2,105.9519236139581,-15.9519236139581,37.191577278091245,0.0,0.0,0.0,2.111111111111111,23.605210159731712
2023-06-14 04:00:00+05:00,27.0,39,0.0,70,11.2,1003.0,3,2,98.2519464446264,-8.251946444626393,48.88422615452248,0.0,0.0,0.0,3.1111111111111107,24.176644785552924
2023-06-14 05:00:00+05:00,25.6,40,0.0,360,3.6,1000.6,3,2,88.77228272420093,1.2277172757990649,59.233867864535625,0.4243055883734444,1.6350763709619334,0.3892723291630203,1.0,21.094276477123913
2023-06-14 06:00:00+05:00,28.0,37,0.0,60,11.2,1003.0,2,2,78.92503665382795,11.074963346172051,68.64001416158692,96.98898303152208,285.67559302779114,42.11265828903795,3.1111111111111107,28.65615262833279
2023-06-14 07:00:00+05:00,29.0,35,0.0,70,11.2,1003.0,2,2,68.18475902392393,21.81524097607607,77.59754888074269,280.5405010536005,542.4800858173669,78.94687002861454,3.1111111111111107,36.087106580129614
2023-06-14 08:00:00+05:00,31.4,35,0.0,40,3.6,999.9,2,1,57.04338918018537,32.95661081981463,86.72240673288991,472.7889239788905,679.040058768055,103.38857402542146,1.0,52.05367820342434
2023-06-14 09:00:00+05:00,34.0,26,0.0,150,7.6,1003.0,2,2,45.7965922914218,44.2034077085782,96.93121865015542,648.052074639808,755.823905849497,121.08579709723756,2.111111111111111,57.28740993988009
2023-06-14 10:00:00+05:00,36.0,24,0.0,310,3.6,1003.0,2,2,34.843583701197595,55.156416298802405,109.94469458330684,790.8114155539861,800.4683041254341,133.8551980249124,1.0,71.84517916915047
2023-06-14 11:00:00+05:00,36.6,23,0.0,200,11.2,999.0,5,2,25.030199393700144,64.96980060629986,129.61612494400111,889.964342866318,825.3032696885297,142.16950567269487,3.1111111111111107,64.17391522768798
2023-06-14 12:00:00+05:00,37.0,21,0.0,260,18.4,1003.0,0,2,18.649539724353488,71.35046027564651,163.1711734156405,938.1609227707708,835.9693100321372,146.086460572207,5.111111111111111,59.29543713896396
2023-06-14 13:00:00+05:00,38.0,21,0.0,240,18.4,1002.0,0,2,19.590316105427533,70.40968389457247,206.0157152645811,931.8976493512858,834.6294043363407,145.58148923658246,5.111111111111111,60.16035829276308
2023-06-14 14:00:00+05:00,38.4,22,0.0,220,7.2,998.1,3,2,27.08645572699495,62.91354427300505,235.81893907240496,871.6316021140217,821.0210482422144,140.65975904175173,2.0,70.84991829526655
2023-06-14 15:00:00+05:00,38.0,20,0.0,230,7.6,1002.0,3,2,37.28340605837377,52.71659394162623,253.43895716081573,761.7638016136392,792.3355078136514,131.3428842424836,2.111111111111111,65.69813620126882
2023-06-14 16:00:00+05:00,38.0,18,0.0,260,14.8,1001.0,3,2,48.35087993811935,41.64912006188065,265.58368438358605,610.5055026313643,741.8132841899379,117.52082855866804,4.111111111111112,54.04355088772036
2023-06-14 17:00:00+05:00,38.0,19,0.0,220,7.2,996.9,2,2,59.599416595592864,30.400583404407136,275.43667300246386,429.8497633287733,654.7189539207875,98.5341166502364,2.0,53.25370175478264
2023-06-14 18:00:00+05:00,38.0,17,0.0,240,11.2,1001.0,3,2,70.67185581716556,19.328144182834436,284.45955389138936,236.70828049843135,497.66455330966534,71.99228386185558,3.1111111111111107,44.11314886097773
2023-06-14 19:00:00+05:00,36.0,19,0.0,230,11.2,1001.0,3,2,81.27030228976263,8.729697710237375,293.47253716401843,62.11746482558199,204.40265488022024,31.09462821741464,3.1111111111111107,36.004252369029984
2023-06-14 20:00:00+05:00,34.5,24,0.0,140,3.6,997.2,2,2,91.2894939093484,-1.2894939093483928,303.0545303582057,0.0,0.0,0.0,1.0,31.014547750934014
2023-06-14 21:00:00+05:00,34.0,25,0.0,200,7.6,1001.0,2,2,100.12660266945863,-10.12660266945865,313.6803196035329,0.0,0.0,0.0,2.111111111111111,31.232281930821273
2023-06-14 22:00:00+05:00,30.0,31,0.0,120,7.6,1001.0,0,2,107.42212558313273,-17.42212558313272,325.71697254990744,0.0,0.0,0.0,2.111111111111111,26.857492337694566
2023-06-14 23:00:00+05:00,28.9,39,0.0,60,7.2,998.7,0,2,112.6338911371303,-22.633891137130306,339.2943269769547,0.0,0.0,0.0,2.0,25.58804736564548
2023-06-15 00:00:00+05:00,29.0,35,0.0,100,7.6,1001.0,1,1,115.233003184059,-25.233003184058987,354.0984667497544,0.0,0.0,0.0,2.111111111111111,25.770705914114615
2023-06-15 01:00:00+05:00,26.0,42,0.0,90,11.2,1001.0,1,1,114.8953591754053,-24.895359175405307,9.30394981478861,0.0,0.0,0.0,3.1111111111111107,23.11254718252809
2023-06-15 02:00:00+05:00,25.9,44,0.0,60,7.2,999.2,1,1,111.66571516903588,-21.665715169035888,23.885808314364567,0.0,0.0,0.0,2.0,22.338279287485875
2023-06-15 03:00:00+05:00,24.0,47,0.0,80,18.4,1001.0,0,1,105.93293251672306,-15.932932516723062,37.121903605395346,0.0,0.0,0.0,5.111111111111111,21.752070816417188
2023-06-15 04:00:00+05:00,27.0,37,0.0,50,15.0,1002.0,0,1,98.243202149492,-8.243202149491987,48.81461124424516,0.0,0.0,0.0,4.166666666666667,24.602201575331378
2023-06-15 05:00:00+05:00,24.2,46,0.0,360,3.6,999.7,2,1,88.77180979655353,1.2281902034464738,59.16459953427949,0.422147530395181,1.614278789929852,0.3875465601613213,1.0,19.553679629506348
2023-06-15 06:00:00+05:00,27.0,34,0.0,60,11.2,1002.0,0,1,78.93068419004123,11.06931580995877,68.56988386182968,96.76324086136854,284.6300034774837,42.115299929644586,3.1111111111111107,27.59016534879669
2023-06-15 07:00:00+05:00,29.0,31,0.0,50,7.6,1002.0,0,1,68.19469981560093,21.805300184399073,77.5241437538744,280.1303477238678,541.4040455947362,79.02379871052943,2.111111111111111,37.454068057255085
2023-06-15 08:00:00+05:00,30.2,33,0.0,220,3.6,999.8,1,1,57.055581285965566,32.944418714034434,86.64185003816766,472.2867627823282,678.1095797389088,103.513682032335,1.0,50.80089337757096
2023-06-15 09:00:00+05:00,32.0,30,0.0,310,11.2,1003.0,1,1,45.80844699296122,44.19155300703878,96.83710606512908,647.5334579201813,755.0164287110033,121.24215709659744,3.1111111111111107,51.59226677930036
2023-06-15 10:00:00+05:00,34.0,25,0.0,350,11.0,1003.0,1,1,34.85088203389674,55.14911796610326,109.82580286882644,790.3437374766972,799.7508072206866,134.03458909706762,3.0555555555555554,58.53223779252909
2023-06-15 11:00:00+05:00,34.8,22,0.0,280,3.6,999.5,1,1,25.02442860279672,64.97557139720328,129.4556296686593,889.6071828766013,824.6512459236908,142.36799674089582,1.0,75.18907063988144
2023-06-15 12:00:00+05:00,37.0,18,0.0,300,11.2,1003.0,1,1,18.61553779461552,71.38446220538448,162.98700125877235,937.9638829281604,835.3667311161144,146.30197039458494,3.1111111111111107,66.11420788847943
2023-06-15 13:00:00+05:00,37.0,18,0.0,340,14.8,1003.0,1,1,19.529085108800743,70.47091489119926,205.9289120028021,931.8978094884762,834.0676775643772,145.81244486779917,4.111111111111112,62.092778000160706
2023-06-15 14:00:00+05:00,37.1,18,0.0,230,10.8,998.5,1,1,27.019024795693888,62.98097520430611,235.80863800804875,871.8513188755124,820.4998411371137,140.90433422174112,3.0,64.56331616840919
2023-06-15 15:00:00+05:00,38.0,15,0.0,360,11.2,1002.0,1,1,37.21624497009804,52.78375502990196,253.4484662817816,762.2090805186531,791.8675738424444,131.59863484881907,3.1111111111111107,61.482739799630735
2023-06-15 16:00:00+05:00,38.0,14,0.0,300,7.6,1002.0,1,2,48.28427441870533,41.71572558129467,265.5957788614906,611.1646915996764,741.4392859588295,117.78485181558244,2.111111111111111,59.97055927398657
2023-06-15 17:00:00+05:00,37.8,15,0.0,0,0.0,997.8,1,2,59.53296956334127,30.467030436658735,275.4466979878364,430.69046787618714,654.5519931031263,98.80480599396503,0.0,62.23183259627251
2023-06-15 18:00:00+05:00,38.0,14,0.0,260,15.0,1001.0,1,2,70.60537979459357,19.394620205406422,284.4658232876626,237.66032030433823,498.0319412006382,72.27757543732136,4.166666666666667,43.254345318827404
2023-06-15 19:00:00+05:00,36.0,16,0.0,280,11.0,1001.0,1,1,81.20425254385728,8.795747456142717,293.47385128452277,62.93432618034456,206.03295114598663,31.429314872410227,3.0555555555555554,36.03269345209037
2023-06-15 20:00:00+05:00,34.7,20,0.0,270,3.6,997.9,1,1,91.22314905267667,-1.223149052676669,303.04940866098616,0.0,0.0,0.0,1.0,31.24107747940053
2023-06-15 21:00:00+05:00,33.0,15,0.0,260,11.2,1002.0,0,1,100.06159841334072,-10.061598413340729,313.66673885294585,0.0,0.0,0.0,3.1111111111111107,30.60962243708974
2023-06-15 22:00:00+05:00,32.0,16,0.0,340,7.6,1002.0,0,1,107.36018988396732,-17.3601898839673,325.69251093963373,0.0,0.0,0.0,2.111111111111111,29.03929685219026
2023-06-15 23:00:00+05:00,27.6,27,0.0,270,3.6,999.3,0,1,112.57758913636468,-22.577589136364686,339.2569941963957,0.0,0.0,0.0,1.0,23.282471957621567
2023-06-16 00:00:00+05:00,26.0,32,0.0,80,14.8,1002.0,0,1,115.18536950652312,-25.185369506523138,354.0482325028453,0.0,0.0,0.0,4.111111111111112,23.52901613848445
2023-06-16 01:00:00+05:00,24.0,38,0.0,80,11.2,1001.0,0,1,114.8589070231932,-24.85890702319321,9.243746889812767,0.0,0.0,0.0,3.1111111111111107,20.990998990357866
2023-06-16 02:00:00+05:00,24.7,35,0.0,40,3.6,999.5,0,1,111.64142329585307,-21.64142329585309,23.82037185111335,0.0,0.0,0.0,1.0,20.07962059015398
2023-06-16 03:00:00+05:00,26.0,32,0.0,50,7.6,1001.0,0,1,105.92010528762286,-15.920105287622857,37.05530099872544,0.0,0.0,0.0,2.111111111111111,22.526438751414844
2023-06-16 04:00:00+05:00,23.0,38,0.0,90,11.2,1001.0,0,1,98.24013228844954,-8.240132288449546,48.74885850055222,0.0,0.0,0.0,3.1111111111111107,19.933489386194765
2023-06-16 05:00:00+05:00,22.9,42,0.0,320,3.6,999.9,2,1,88.77603829051515,1.2239617094848518,59.099786042440314,0.4145986269979026,1.5674586522653209,0.3811168683910217,1.0,18.128348247869383
2023-06-16 06:00:00+05:00,25.0,36,0.0,100,7.6,1002.0,0,1,78.9411105651835,11.0588894348165,68.50474107435468,96.40485188600212,283.0325499281234,42.114163726938706,2.111111111111111,25.562290243720668
2023-06-16 07:00:00+05:00,28.0,28,0.0,80,11.2,1002.0,0,1,68.20915445352094,21.790845546479055,77.45632028904174,279.55291968844466,539.8562921806888,79.1477467353495,3.1111111111111107,35.00844005531309
2023-06-16 08:00:00+05:00,29.1,32,0.0,70,3.6,999.3,2,1,57.07214721296086,32.92785278703914,86.56764398602115,471.6118011210796,676.801147998527,103.7145112103246,1.0,49.64552865172732
2023-06-16 09:00:00+05:00,31.0,26,0.0,190,11.2,1003.0,2,1,45.82473793867307,44.17526206132693,96.75039804837866,646.8448748816256,753.8925793991347,121.49068025958172,3.1111111111111107,50.54967336901848
2023-06-16 10:00:00+05:00,33.0,26,0.0,210,11.2,1003.0,1,1,34.86300840892173,55.13699159107827,109.7156530245138,789.7112815669597,798.7550770631442,134.31588979692435,3.1111111111111107,57.28873999625483
2023-06-16 11:00:00+05:00,34.3,25,0.0,220,3.6,998.8,1,1,25.0244101006773,64.9755898993227,129.3044628667887,889.090253919791,823.7429830691033,142.67395722808988,1.0,74.68618574008383
2023-06-16 12:00:00+05:00,36.0,17,0.0,270,14.8,1002.0,1,1,18.588458554208444,71.41154144579156,162.80598444576117,937.6106273277392,834.5177545033524,146.62746033141627,4.111111111111112,61.23854363142783
2023-06-16 13:00:00+05:00,37.0,14,0.0,230,14.8,1002.0,1,1,19.474121214989125,70.52587878501087,205.83300060502864,931.7432530330784,833.2589156886285,146.15327550496124,4.111111111111112,62.0884526202683
2023-06-16 14:00:00+05:00,37.4,15,0.0,250,3.6,997.9,2,1,26.956323139624565,63.043676860375435,235.78734984070567,871.9156892238859,819.72036758456,141.25601773795688,1.0,76.89966703172968
2023-06-16 15:00:00+05:00,38.0,10,0.0,330,14.8,1001.0,1,1,37.15297406263756,52.84702593736244,253.4486640425909,762.4967230022163,791.1176008169978,131.95552189587784,4.111111111111112,58.35383504468376
2023-06-16 16:00:00+05:00,37.0,9,0.0,280,18.4,1001.0,1,1,48.221260657757746,41.778739342242254,265.6000724375333,611.663524285578,740.7425372707688,118.13951124633826,5.111111111111111,51.11990693945313
2023-06-16 17:00:00+05:00,37.7,12,0.0,300,7.2,997.0,2,1,59.47012876904955,30.529871230950448,275.4499729677327,431.3704128044428,653.9968160087129,99.14820165204333,2.0,52.997808274072895
2023-06-16 18:00:00+05:00,37.0,10,0.0,290,14.8,1001.0,2,1,70.54272261308569,19.45727738691432,284.46606872106315,238.4607983653835,497.9138254745442,72.60376839319332,4.111111111111112,42.25652971142904
2023-06-16 19:00:00+05:00,36.0,10,0.0,280,18.4,1001.0,2,1,81.14235156200718,8.857648437992822,293.469681845687,63.6475043777073,207.1457541329169,31.751186727176943,5.111111111111111,36.04291938864412
2023-06-16 20:00:00+05:00,33.2,15,0.0,200,3.6,997.8,2,1,91.16149092030916,-1.1614909203091692,303.0392826739443,0.0,0.0,0.0,1.0,29.54546901340524
2023-06-16 21:00:00+05:00,32.0,16,0.0,280,7.6,1001.0,2,2,100.0018590014757,-10.001859001475696,313.6487049072101,0.0,0.0,0.0,2.111111111111111,29.03929685219026
2023-06-16 22:00:00+05:00,30.0,18,0.0,0,0.0,1002.0,2,2,107.3041303933704,-17.304130393370382,325.66437106540826,0.0,0.0,0.0,0.0,24.533058069175297
2023-06-16 23:00:00+05:00,27.3,30,0.0,40,3.6,999.2,3,1,112.5277086455587,-22.527708645558704,339.2171148628793,0.0,0.0,0.0,1.0,22.949884608234697
2023-06-17 00:00:00+05:00,26.0,30,0.0,70,11.2,1002.0,1,1,115.14450393913282,-25.144503939132814,353.9969436825493,0.0,0.0,0.0,3.1111111111111107,23.11254718252809
2023-06-17 01:00:00+05:00,26.0,28,0.0,70,11.2,1002.0,1,1,114.82927001994248,-24.829270019942477,9.184126585965371,0.0,0.0,0.0,3.1111111111111107,23.11254718252809
2023-06-17 02:00:00+05:00,22.8,39,0.0,50,3.6,1000.1,1,1,111.62369980159502,-21.62369980159502,23.756983041086585,0.0,0.0,0.0,1.0,17.995696727394886
2023-06-17 03:00:00+05:00,24.0,31,0.0,70,11.2,1001.0,0,1,105.91340944180769,-15.913409441807683,36.99185865006666,0.0,0.0,0.0,3.1111111111111107,20.990998990357866
2023-06-17 04:00:00+05:00,24.0,29,0.0,60,14.8,1001.0,0,1,98.24269015065715,-8.24269015065715,48.687051966773765,0.0,0.0,0.0,4.111111111111112,21.426762468579113
2023-06-17 05:00:00+05:00,21.5,39,0.0,30,3.6,1000.1,1,1,88.78491238026675,1.2150876197332503,59.03950749318636,0.4031373941063657,1.5070457806846056,0.3711794484012625,1.0,16.59906300468282
2023-06-17 06:00:00+05:00,26.0,26,0.0,60,14.8,1002.0,1,1,78.9562476583377,11.043752341662303,68.44466424691774,95.97482183356368,281.2898880230651,42.09134376274479,4.111111111111112,26.433923412358013
2023-06-17 07:00:00+05:00,28.0,23,0.0,60,14.8,1002.0,1,1,68.22804653045796,21.771953469542034,77.39415888993256,278.9005320956292,538.2418698133557,79.2594675868956,4.111111111111112,34.000360030448064
2023-06-17 08:00:00+05:00,30.2,30,0.0,70,3.6,999.3,2,1,57.09300382622122,32.90699617377878,86.49987703684349,470.87042638588827,675.461994280834,103.90748162795852,1.0,50.730306787067775
2023-06-17 09:00:00+05:00,32.0,23,0.0,170,11.2,1003.0,2,1,45.84537681085574,44.15462318914426,96.67120339305814,646.099993927173,752.7541231349038,121.73364783348006,3.1111111111111107,51.544728779153616
2023-06-17 10:00:00+05:00,33.0,20,0.0,200,14.8,1003.0,2,1,34.879872436022815,55.120127563977185,109.61440474957747,789.031656590841,797.7526454023722,134.5930277175038,4.111111111111112,53.99357917843196
2023-06-17 11:00:00+05:00,34.9,19,0.0,130,3.6,999.1,2,1,25.03006383233324,64.96993616766676,129.16292111281564,888.5331370873691,822.8320415476265,142.97661872945025,1.0,75.23637614554667
2023-06-17 12:00:00+05:00,37.0,12,0.0,250,18.4,1002.0,2,1,18.56828131289896,71.43171868710104,162.62863949958387,937.2213460991208,833.6679452281284,146.95011980006586,5.111111111111111,59.27209727211874
2023-06-17 13:00:00+05:00,37.0,14,0.0,250,14.8,1002.0,3,1,19.42548614934049,70.57451385065951,205.72825732722757,931.5536571549228,832.4496127679289,146.49139372313653,4.111111111111112,62.083146577391574
2023-06-17 14:00:00+05:00,37.1,12,0.0,230,7.2,998.2,3,2,26.898432283619968,63.10156771638003,235.75515356701837,871.9427577631287,818.9390944282405,141.604758726044,2.0,69.5620207763991
2023-06-17 15:00:00+05:00,37.0,13,0.0,250,14.8,1002.0,3,2,37.09367887931513,52.90632112068487,253.43959320071923,762.7417688741284,790.3623715732355,132.30884973346497,4.111111111111112,57.33332893817851
2023-06-17 16:00:00+05:00,38.0,10,0.0,250,11.2,1001.0,3,2,48.16192588053421,41.83807411946579,265.5966030398149,612.1119860542786,740.032985174584,118.48948171998842,3.1111111111111107,56.59953341166715
2023-06-17 17:00:00+05:00,35.9,14,0.0,200,7.2,997.9,6,2,59.41098167090418,30.589018329095826,275.44653819292665,431.9908525031954,653.4120241688532,99.48487357421637,2.0,51.127925533881466
2023-06-17 18:00:00+05:00,37.0,9,0.0,260,11.2,1001.0,3,2,70.48397040801011,19.516029591989888,284.46033581720104,239.19422979820953,497.72490090750273,72.91898935326054,3.1111111111111107,43.12790759132645
2023-06-17 19:00:00+05:00,36.0,8,0.0,260,7.6,1002.0,3,2,81.08468302460217,8.915316975397833,293.46008214762696,64.30300680462419,208.1006288908154,32.05271720128717,2.111111111111111,36.09511079655408
2023-06-17 20:00:00+05:00,31.8,17,0.0,160,3.6,998.6,2,2,91.1045966309478,-1.10459663094779,303.0242154793441,0.0,0.0,0.0,1.0,27.969853745980174
2023-06-17 21:00:00+05:00,32.0,16,0.0,170,7.6,1002.0,2,1,99.94745259238464,-9.947452592384654,313.6262922532487,0.0,0.0,0.0,2.111111111111111,29.03929685219026
2023-06-17 22:00:00+05:00,29.0,23,0.0,100,11.2,1002.0,2,1,107.25400254956104,-17.254002549561054,325.63263901834245,0.0,0.0,0.0,3.1111111111111107,26.31163476322837
2023-06-17 23:00:00+05:00,26.5,36,0.0,50,3.6,1000.2,2,1,112.48428867406705,-22.484288674067027,339.1747843615178,0.0,0.0,0.0,1.0,22.0644122862451
2023-06-18 00:00:00+05:00,25.0,34,0.0,80,14.8,1002.0,3,1,115.11042646576846,-25.11042646576846,353.9447002409454,0.0,0.0,0.0,4.111111111111112,22.47693437067454
2023-06-18 01:00:00+05:00,24.0,34,0.0,80,14.8,1002.0,3,2,114.80644840505332,-24.806448405053334,9.125188316476851,0.0,0.0,0.0,4.111111111111112,21.426762468579113
2023-06-18 02:00:00+05:00,24.2,36,0.0,40,3.6,1000.6,3,2,111.61252618145772,-21.61252618145772,23.69573723969239,0.0,0.0,0.0,1.0,19.530119297600834
2023-06-18 03:00:00+05:00,24.0,34,0.0,70,14.8,1002.0,3,2,105.91280979415768,-15.912809794157685,36.93166620848013,0.0,0.0,0.0,4.111111111111112,21.426762468579113
2023-06-18 04:00:00+05:00,25.0,28,0.0,60,18.4,1002.0,3,2,98.25082637850696,-8.25082637850696,48.62927547087418,0.0,0.0,0.0,5.111111111111111,22.795340913316068
2023-06-18 05:00:00+05:00,22.6,39,0.0,80,3.6,1000.6,2,2,88.79837088293365,1.2016291170663402,58.98384303800145,0.3880668877413053,1.4345884656557042,0.3579823523828292,1.0,17.798782554453396
2023-06-18 06:00:00+05:00,27.0,24,0.0,70,14.8,1002.0,3,2,78.97602515913997,11.02397484086004,68.38973009398478,95.47458407617547,279.40451513831636,42.04692794877268,4.111111111111112,27.466928124057176
2023-06-18 07:00:00+05:00,29.0,23,0.0,70,18.4,1002.0,4,2,68.2512978846125,21.7487021153875,77.33773731778172,278.1746655852343,536.5616545821019,79.3590429596261,5.111111111111111,34.27533110565912
2023-06-18 08:00:00+05:00,31.4,22,0.0,310,3.6,999.0,2,2,57.11806666877767,32.88193333122233,86.43863376990663,470.0640696626731,674.0925828742103,104.0926868538237,1.0,51.91850446429919
2023-06-18 09:00:00+05:00,35.0,16,0.0,40,11.2,1002.0,3,2,45.87027438175846,44.12972561824154,96.5996249981755,645.3000963721449,751.6013431354273,121.97114925941425,3.1111111111111107,54.591136929764104
2023-06-18 10:00:00+05:00,37.0,11,0.0,60,7.6,1001.0,3,2,34.90138302448401,55.09861697551599,109.5222080583751,788.3059027103385,796.7436861571877,134.86607765363112,2.111111111111111,65.68605688681004
2023-06-18 11:00:00+05:00,38.4,12,0.0,140,7.2,997.3,7,2,25.04130831433278,64.95869168566722,129.03128503752475,887.9365570102467,821.918513959679,143.276034253906,2.0,71.46609387204995
2023-06-18 12:00:00+05:00,40.0,8,0.0,170,7.6,1001.0,5,2,18.554981589231517,71.44501841076848,162.45547740788857,936.7963964325696,832.817323728716,147.26997488974337,2.111111111111111,74.22338313732183
2023-06-18 13:00:00+05:00,39.0,9,0.0,210,11.2,1001.0,5,2,19.383240279506182,70.61675972049382,205.61498343151695,931.3289859309946,831.6397139446302,146.82679492178647,3.1111111111111107,67.92209668204856
2023-06-18 14:00:00+05:00,40.0,10,0.0,210,11.2,1001.0,6,2,26.84543485082664,63.15456514917336,235.71214449307243,871.9320980904128,818.1558764190149,141.95051884290388,3.1111111111111107,67.04810413998672
2023-06-18 15:00:00+05:00,40.0,12,0.0,210,11.2,1001.0,7,3,37.03844611010386,52.96155388989614,253.42130551466457,762.9434329219687,789.6016202078913,132.65854275345794,3.1111111111111107,63.56005587899102
2023-06-18 16:00:00+05:00,39.0,12,0.0,210,18.4,1001.0,7,3,48.10635795151631,41.89364204848369,265.58541436810685,612.5089931362977,739.3101920373849,118.83464404547658,5.111111111111111,53.21632908397703
2023-06-18 17:00:00+05:00,37.0,15,0.0,290,18.4,1001.0,7,3,59.35561578250574,30.64438421749426,275.4364380659116,432.5504926163232,652.7969407641209,99.81464512489458,5.111111111111111,46.579530538871325
2023-06-18 18:00:00+05:00,37.0,13,0.0,330,14.8,1000.0,7,3,70.4292088009453,19.570791199054703,284.4486733716333,239.85921822183957,497.46427457213,73.22297592585082,4.111111111111112,42.297400262910855
2023-06-18 19:00:00+05:00,36.0,14,0.0,360,11.2,1001.0,8,3,81.03132947482445,8.968670525175547,293.44510793073675,64.89927278386197,208.89652074178696,32.33348102898674,3.1111111111111107,36.10008805271764
2023-06-18 20:00:00+05:00,33.5,18,0.0,40,3.6,997.7,8,3,91.05254180623366,-1.0525418062336678,303.0042719526509,0.0,0.0,0.0,1.0,29.883971282128016
2023-06-18 21:00:00+05:00,36.0,13,0.0,270,11.0,1001.0,7,4,99.89844547356697,-9.898445473566971,313.5995765294324,0.0,0.0,0.0,3.0555555555555554,33.83880184772829
2023-06-18 22:00:00+05:00,32.0,18,0.0,170,7.6,1001.0,6,3,107.20985968089504,-17.20985968089504,325.5974014406331,0.0,0.0,0.0,2.111111111111111,29.03929685219026
2023-06-18 23:00:00+05:00,30.8,24,0.0,60,7.2,997.8,6,3,112.44736602293816,-22.447366022938173,339.13009819133106,0.0,0.0,0.0,2.0,27.658983639385838
2023-06-19 00:00:00+05:00,30.0,25,0.0,120,14.8,1000.0,5,2,115.08315485463775,-25.08315485463775,353.89160208756095,0.0,0.0,0.0,4.111111111111112,27.756992572378806
2023-06-19 01:00:00+05:00,31.0,22,0.0,140,11.2,1000.0,5,2,114.79044020770772,-24.79044020770771,9.067031450752552,0.0,0.0,0.0,3.1111111111111107,28.4558816916703
2023-06-19 02:00:00+05:00,27.9,34,0.0,40,3.6,998.0,6,2,111.60788173053932,-21.60788173053933,23.636729632086485,0.0,0.0,0.0,1.0,23.61535253129324
2023-06-19 03:00:00+05:00,27.2,35,0.0,47,3.7,998.2,6,2,105.91826903312048,-15.918269033120488,36.87481277619253,0.0,0.0,0.0,1.027777777777778,22.870603429065568
2023-06-19 04:00:00+05:00,28.0,28,0.0,40,11.2,999.0,5,2,98.2644896753533,-8.264489675353296,48.5756117340087,0.0,0.0,0.0,3.1111111111111107,25.24299745388356
2023-06-19 05:00:00+05:00,26.4,33,0.0,30,7.2,997.6,6,2,88.81634805296909,1.183651947030905,58.932870078273254,0.3697609620370053,1.3518568993845288,0.3418354455274183,2.0,22.894386819719955
2023-06-19 06:00:00+05:00,28.0,32,0.0,280,3.6,1001.0,5,2,79.00037143584447,10.999628564155524,68.34001285793659,94.90561852789678,277.37886982496354,41.98100018704782,1.0,28.899095727612348
2023-06-19 07:00:00+05:00,32.0,23,0.0,130,11.0,1001.0,5,2,68.27882951143769,21.721170488562315,77.28712997817843,277.37680851803265,534.8164873383784,79.44655246297239,3.0555555555555554,39.19090142478274
2023-06-19 08:00:00+05:00,30.8,31,0.0,50,3.6,997.9,6,2,57.14725090109376,32.85274909890624,86.38399414216246,469.1941550333213,672.6933622145038,104.27021916842456,1.0,51.26047006634957
2023-06-19 09:00:00+05:00,33.0,21,0.0,220,14.8,1002.0,6,2,45.89934146471377,44.10065853528623,96.53575900892844,644.4464462080512,750.4345120177466,122.2032723413331,4.111111111111112,49.854476353096004
2023-06-19 10:00:00+05:00,32.0,28,0.0,240,14.8,1002.0,5,2,34.92744932400856,55.07255067599144,109.43920207713046,787.5350352652624,795.7283639927011,135.13511227373078,4.111111111111112,52.935003086344636
2023-06-19 11:00:00+05:00,32.9,25,0.0,160,3.6,998.3,7,2,25.058061491487663,64.94193850851234,128.9098169864252,887.3012090351866,821.0024839043116,143.5722543130156,1.0,73.26621060352323
2023-06-19 12:00:00+05:00,37.0,21,0.0,230,14.8,1002.0,0,2,18.548531439931295,71.4514685600687,162.28699842506035,936.3361050739646,831.9659013649117,147.58704900651605,4.111111111111112,62.21696892499256
2023-06-19 13:00:00+05:00,37.0,18,0.0,240,25.9,1001.0,0,2,19.34744203387993,70.65255796612007,205.49350185712063,931.0691752016046,830.8291551078206,147.15947182157356,7.194444444444444,54.73847237700426
2023-06-19 14:00:00+05:00,36.6,21,0.0,190,3.6,997.4,7,2,26.797413727029507,63.20258627297049,235.6584329518294,871.8832610069271,817.3705588602927,142.29325724160003,1.0,76.12239725408602
2023-06-19 15:00:00+05:00,38.0,15,0.0,220,14.8,1001.0,7,3,36.9873627023398,53.0126372976602,253.39386098053788,763.1009154420578,788.8350711595042,133.00452313808728,4.111111111111112,58.37088678717441
2023-06-19 16:00:00+05:00,38.0,13,0.0,230,14.8,1001.0,7,3,48.054644484354206,41.945355515645794,265.56655530330283,612.8534578757348,738.5737100913027,119.174877125843,4.111111111111112,54.110450346854975
2023-06-19 17:00:00+05:00,38.1,18,0.0,160,7.2,996.4,2,3,59.30411780514956,30.695882194850444,275.41972060803437,433.04804743502206,652.1508765233591,100.13733780759918,2.0,53.48718223227053
2023-06-19 18:00:00+05:00,37.0,16,0.0,220,18.4,1001.0,7,3,70.37852206670388,19.621477933296116,284.431132817455,240.45439198005488,497.1310289860481,73.51546266953602,5.111111111111111,41.66656947578696
2023-06-19 19:00:00+05:00,35.0,18,0.0,310,29.5,1002.0,7,3,80.98237154171318,9.017628458286824,293.4248168092814,65.43481529061799,209.5324072563938,32.593052703222334,8.194444444444445,35.02119656364039
2023-06-19 20:00:00+05:00,31.2,31,0.0,250,18.0,1000.7,7,3,91.0053998520803,-1.0053998520803051,302.97951813543364,0.0,0.0,0.0,5.0,29.27561628393846
2023-06-19 21:00:00+05:00,30.0,33,0.0,350,25.9,1005.0,7,4,99.8549014386746,-9.8549014386746,313.56863382401593,0.0,0.0,0.0,7.194444444444444,28.44299671124537
2023-06-19 22:00:00+05:00,29.0,35,0.0,40,18.4,1005.0,6,3,107.17175250180856,-17.171752501808566,325.5587447326319,0.0,0.0,0.0,5.111111111111111,26.985562619225902
2023-06-19 23:00:00+05:00,28.7,34,0.0,170,7.2,1002.2,6,3,112.41697493071422,-22.41697493071422,339.083151091118,0.0,0.0,0.0,2.0,25.370635344208267
2023-06-20 00:00:00+05:00,30.0,29,0.0,10,7.6,1005.0,6,3,115.06270447522144,-25.06270447522145,353.8377481582163,0.0,0.0,0.0,2.111111111111111,26.857492337694566
2023-06-20 01:00:00+05:00,27.0,39,0.0,210,11.2,1006.0,5,3,114.78124124211492,-24.781241242114938,9.00975438140904,0.0,0.0,0.0,3.1111111111111107,24.176644785552924
2023-06-20 02:00:00+05:00,26.5,44,0.0,40,11.2,1002.9,7,2,111.60974370520532,-21.609743705205336,23.58005434001575,0.0,0.0,0.0,3.1111111111111107,23.6443159485176
2023-06-20 03:00:00+05:00,26.0,45,0.0,80,14.8,1005.0,6,3,105.92974802485097,-15.92974802485096,36.82138607942329,0.0,0.0,0.0,4.111111111111112,23.52901613848445
2023-06-20 04:00:00+05:00,26.0,48,0.0,180,7.6,1005.0,6,3,98.28362722026095,-8.283627220260973,48.52614161515868,0.0,0.0,0.0,2.111111111111111,22.526438751414844
2023-06-20 05:00:00+05:00,23.9,58,0.0,80,3.6,1003.8,6,3,88.83877407622187,1.1612259237781368,58.88666357275474,0.3486531665144669,1.2607886406829834,0.3231022404448868,1.0,19.220277991481396
2023-06-20 06:00:00+05:00,25.0,47,0.0,130,7.6,1006.0,5,2,79.02921408581065,10.970785914189346,68.29558366080789,94.26944233195552,275.2153242801799,41.89363874162751,2.111111111111111,25.471703850281756
2023-06-20 07:00:00+05:00,28.0,40,0.0,310,11.2,1007.0,4,2,68.31056215757478,21.689437842425225,77.24240728498614,276.5084468602185,533.0071670616776,79.52207226988122,3.1111111111111107,34.903281786540845
2023-06-20 08:00:00+05:00,27.0,48,0.0,190,11.2,1007.0,4,2,57.1804719182335,32.8195280817665,86.336032830426,468.2620900724268,671.2647607407645,104.44016855853408,3.1111111111111107,40.449094741780755
2023-06-20 09:00:00+05:00,29.0,40,0.0,50,3.6,1007.0,5,3,45.93248954546196,44.06751045453804,96.47969406718336,643.5402820314036,749.2538892378982,122.43010249152552,1.0,58.01422484553933
2023-06-20 10:00:00+05:00,31.0,31,0.0,330,7.6,1007.0,5,3,34.957981347217114,55.042018652782886,109.36551404582885,786.7200388834035,794.7068328206426,135.40020160074005,2.111111111111111,59.613869069646
2023-06-20 11:00:00+05:00,30.2,36,0.0,310,3.6,1003.8,7,2,25.08024130139124,64.91975869860876,128.7987591602582,886.6277559327585,820.0840252336105,143.865326631402,1.0,70.67052579142677
2023-06-20 12:00:00+05:00,34.0,25,0.0,220,7.6,1006.0,4,2,18.548899621952415,71.45110037804758,162.12368777821848,935.8407678726056,831.1136802889267,147.90136281482762,2.111111111111111,68.23433618707975
2023-06-20 13:00:00+05:00,34.0,23,0.0,300,11.2,1006.0,0,2,19.318147325150377,70.68185267484962,205.3641547037394,930.7741350084174,830.0178633534036,147.48941463732808,3.1111111111111107,62.87155061010867
2023-06-20 14:00:00+05:00,33.5,26,0.0,120,3.6,1002.5,5,2,26.754451347740925,63.245548652259075,235.59414364970183,871.7957796746416,816.5829787221375,142.63293097060944,1.0,73.13157678327121
2023-06-20 15:00:00+05:00,35.0,22,0.0,250,11.2,1005.0,0,2,36.94051514899419,53.05948485100581,253.3573275258823,763.2134097837715,788.0624411674452,133.34671148218797,3.1111111111111107,58.45236857573718
2023-06-20 16:00:00+05:00,34.0,23,0.0,220,14.8,1005.0,0,2,48.00687214378658,41.99312785621342,265.54007967220105,613.1442982013995,737.8230846433613,119.5100588118396,4.111111111111112,49.982460917869844
2023-06-20 17:00:00+05:00,33.9,25,0.0,230,14.8,1001.7,5,2,59.25657295052801,30.74342704947199,275.39643723037625,433.48225063283576,651.4731349985298,100.45277238204189,4.111111111111112,44.68423778146774
2023-06-20 18:00:00+05:00,34.0,23,0.0,240,11.2,1005.0,3,2,70.33199248385037,19.668007516149633,284.4077679766895,240.97841526433507,496.72423137515415,73.79618258641801,3.1111111111111107,39.99580868238178
2023-06-20 19:00:00+05:00,33.0,23,0.0,220,14.8,1005.0,3,2,80.9378873383893,9.062112661610698,293.3992679941267,65.90823023696981,210.00731141179625,32.83100835478812,4.111111111111112,32.917027643733206
2023-06-20 20:00:00+05:00,32.0,26,0.0,200,11.2,1005.0,3,2,90.96324139690394,-0.9632413969039444,302.9500209124235,0.0,0.0,0.0,3.1111111111111107,29.53155053002331
2023-06-20 21:00:00+05:00,31.0,29,0.0,220,7.6,1006.0,4,3,99.8168812841244,-9.816881284124412,313.5335402959366,0.0,0.0,0.0,2.111111111111111,27.947012375227132
2023-06-20 22:00:00+05:00,30.0,33,0.0,230,7.6,1006.0,3,2,107.13972868224876,-17.139728682248773,325.51675460938026,0.0,0.0,0.0,2.111111111111111,26.857492337694566
2023-06-20 23:00:00+05:00,29.6,34,0.0,180,3.6,1002.8,2,2,112.39314673310446,-22.393146733104462,339.03403653397345,0.0,0.0,0.0,1.0,25.507253953661177
2023-06-21 00:00:00+05:00,27.0,42,0.0,60,11.2,1005.0,2,1,115.0490880617698,-25.049088061769808,353.78323585673945,0.0,0.0,0.0,3.1111111111111107,24.176644785552924
2023-06-21 01:00:00+05:00,26.0,45,0.0,100,7.6,1005.0,2,1,114.77884498289676,-24.778844982896764,8.953453932168713,0.0,0.0,0.0,2.111111111111111,22.526438751414844
2023-06-21 02:00:00+05:00,25.1,49,0.0,50,3.6,1003.0,2,1,111.61808730729618,-21.61808730729617,23.52580383138246,0.0,0.0,0.0,1.0,20.51979180016309
2023-06-21 03:00:00+05:00,24.0,47,0.0,90,11.2,1005.0,0,1,105.94720589390997,-15.94720589390996,36.77147190140329,0.0,0.0,0.0,3.1111111111111107,20.990998990357866
2023-06-21 04:00:00+05:00,24.0,47,0.0,90,11.2,1005.0,1,1,98.3081848254853,-8.3081848254853,48.48094358104697,0.0,0.0,0.0,3.1111111111111107,20.990998990357866
2023-06-21 05:00:00+05:00,23.5,53,0.0,50,3.6,1003.6,2,1,88.86557529354333,1.134424706456672,58.84529553738594,0.3252246872082567,1.1634317650123749,0.3021908875318725,1.0,18.780340254709927
2023-06-21 06:00:00+05:00,25.0,44,0.0,150,7.6,1007.0,2,1,79.06248020186482,10.937519798135185,68.25651002851004,93.5676051447702,272.91618613665355,41.784915869811144,2.111111111111111,25.44192625237571
2023-06-21 07:00:00+05:00,26.0,48,0.0,150,11.2,1007.0,2,1,68.34641661862827,21.653583381371728,77.20363519553888,275.57105931494976,531.1344489928715,79.58567453200658,3.1111111111111107,32.78745521075518
2023-06-21 08:00:00+05:00,27.0,45,0.0,80,3.6,1004.7,2,1,57.21764566891515,32.78235433108485,86.2948187568976,467.2692612873311,669.8071853117406,104.60262224446348,1.0,47.29525521130154
2023-06-21 09:00:00+05:00,30.0,40,0.0,170,11.2,1008.0,2,1,45.96963111103163,44.03036888896837,96.43151079468714,642.5828132980015,748.0597200369984,122.65172237492982,3.1111111111111107,49.38998072716828
2023-06-21 10:00:00+05:00,32.0,36,0.0,230,14.8,1008.0,3,1,34.99289030810765,55.00710969189235,109.30125865741697,785.8618648266056,793.6792351578191,135.66141276732003,4.111111111111112,52.88720755603839
2023-06-21 11:00:00+05:00,32.8,34,0.0,230,7.2,1004.9,2,2,25.10776599912907,64.89223400087093,128.6983323794036,885.9168266403,819.1632017626529,144.15529602244976,2.0,65.83284246038534
2023-06-21 12:00:00+05:00,33.0,26,0.0,240,14.8,1009.0,3,2,18.556051658207096,71.4439483417929,161.96601241782128,935.310650073936,830.2606534692842,148.21293423858253,4.111111111111112,58.14307735006514
2023-06-21 13:00:00+05:00,34.0,19,0.0,280,11.2,1008.0,3,2,19.29540906155458,70.70459093844542,205.22730149340904,930.4437514719548,829.2057573222409,147.81661120637398,3.1111111111111107,62.860908738869966
2023-06-21 14:00:00+05:00,34.2,19,0.0,100,7.2,1004.5,3,2,26.716629168318143,63.28337083168186,235.51941551323785,871.669173021938,815.7929653405366,142.96949522983664,2.0,66.66857280252219
2023-06-21 15:00:00+05:00,35.0,14,0.0,260,14.8,1007.0,3,2,36.8979890036334,53.1020109963666,253.3117810469801,763.2801070613957,787.2834404164366,133.68502717095953,4.111111111111112,55.29987229026301
2023-06-21 16:00:00+05:00,35.0,13,0.0,250,14.8,1007.0,3,2,47.963126191566005,42.036873808433995,265.5060462790879,613.3804434024815,737.0578558460617,119.84006640283997,4.111111111111112,51.02024660617286
2023-06-21 17:00:00+05:00,35.2,16,0.0,100,3.6,1002.8,3,2,59.21306451222539,30.786935487774617,275.3666427380361,433.85186175604065,650.7630152803525,100.76076949205066,1.0,54.062599033318804
2023-06-21 18:00:00+05:00,35.0,12,0.0,280,14.8,1006.0,2,2,70.28969992787056,19.71030007212945,284.3786350335808,241.42999496923855,496.2429381725564,74.0648679044136,4.111111111111112,40.2269859553266
2023-06-21 19:00:00+05:00,34.0,12,0.0,290,18.4,1007.0,2,2,80.8979520749052,9.102047925094793,293.36852223004513,66.3182028662488,210.32030767534843,33.046926651458534,5.111111111111111,33.994174758711154
2023-06-21 20:00:00+05:00,31.7,18,0.0,220,3.6,1004.0,3,2,90.92613392775034,-0.926133927750342,302.91584791875414,0.0,0.0,0.0,1.0,27.857564500606543
2023-06-21 21:00:00+05:00,31.0,15,0.0,360,14.8,1008.0,3,2,99.7844424736995,-9.784442473699492,313.49437204850994,0.0,0.0,0.0,4.111111111111112,28.81903735214513
2023-06-21 22:00:00+05:00,29.0,18,0.0,360,18.4,1008.0,2,2,107.11383255027226,-17.113832550272267,325.47151594824595,0.0,0.0,0.0,5.111111111111111,26.985562619225902
2023-06-21 23:00:00+05:00,25.8,27,0.0,330,10.8,1005.2,2,2,112.37590960223828,-22.375909602238263,338.98284653599177,0.0,0.0,0.0,3.0,22.844593570758036
2023-06-22 00:00:00+05:00,27.0,23,0.0,40,18.4,1007.0,2,1,115.04231549667892,-25.04231549667891,353.72816082996263,0.0,0.0,0.0,5.111111111111111,24.886972391899235
2023-06-22 01:00:00+05:00,24.0,31,0.0,70,14.8,1006.0,2,1,114.78324239721312,-24.78324239721312,8.898225094707414,0.0,0.0,0.0,4.111111111111112,21.426762468579113
2023-06-22 02:00:00+05:00,23.0,36,0.0,20,3.6,1004.7,5,2,111.63288556888664,-21.632885568886653,23.47406863056858,0.0,0.0,0.0,1.0,18.214524851300553
2023-06-22 03:00:00+05:00,25.0,34,0.0,40,7.6,1006.0,5,3,105.97059996017366,-15.97059996017366,36.725153780774406,0.0,0.0,0.0,2.111111111111111,21.450276815696043
2023-06-22 04:00:00+05:00,25.0,34,0.0,21,3.6,1006.0,5,3,98.33810692263232,-8.338106922632326,48.44009340280832,0.0,0.0,0.0,1.0,20.409701358320774
2023-06-22 05:00:00+05:00,21.6,41,0.0,270,3.6,1005.3,3,3,88.89667422826926,1.1033257717307432,58.80883475356757,0.2999914605482985,1.061886584738001,0.2795443274813327,1.0,16.702238238331404
2023-06-22 06:00:00+05:00,25.0,26,0.0,20,7.6,1008.0,4,2,79.10009642891328,10.899903571086728,68.22285560809377,92.80168781414498,270.48370711631713,41.6548984072995,2.111111111111111,25.409427090044574
2023-06-22 07:00:00+05:00,27.0,23,0.0,31,3.6,1008.0,4,2,68.38631381767858,21.61368618232142,77.17087493717622,274.5661163298972,529.1990462975609,79.6374273717027,1.0,37.38481417026753
2023-06-22 08:00:00+05:00,27.4,30,0.0,100,3.6,1006.0,3,2,57.258688753973445,32.741311246026555,86.26041481787735,466.2170332068501,668.3210215235307,104.75766460620764,1.0,47.64741598659202
2023-06-22 09:00:00+05:00,31.0,18,0.0,320,7.6,1009.0,1,1,46.010679764722525,43.989320235277475,96.3912815151449,641.5752196239625,746.8522354545672,122.86821183710911,2.111111111111111,53.99030785852108
2023-06-22 10:00:00+05:00,32.0,16,0.0,30,14.8,1009.0,1,1,35.03208875621814,54.96791124378186,109.24653773576222,784.9614306481902,792.6457021012038,135.91880996858615,4.111111111111112,52.8614838153016
2023-06-22 11:00:00+05:00,32.3,19,0.0,280,3.6,1006.0,2,1,25.14055431496297,64.85944568503703,128.60873543923196,885.1690164061333,818.2400672943567,144.44220437855495,1.0,72.59672621852621
2023-06-22 12:00:00+05:00,34.0,11,0.0,300,18.4,1009.0,2,1,18.56994986371676,71.43005013628324,161.81441869537207,934.7459869832522,829.406804789352,148.52177849198392,5.111111111111111,56.16012172135942
2023-06-22 13:00:00+05:00,34.0,12,0.0,300,14.8,1009.0,2,2,19.279276763690778,70.72072323630923,205.0833179692757,930.0778880218774,828.3927473962877,148.14104706470405,4.111111111111112,59.00403127208631
2023-06-22 14:00:00+05:00,34.2,12,0.0,220,7.2,1005.7,2,2,26.684027306716423,63.31597269328358,235.43440186157585,871.5029475338607,815.0003407310215,143.3029034933145,2.0,66.66219948897208
2023-06-22 15:00:00+05:00,35.0,11,0.0,280,18.4,1009.0,3,2,36.859868585985474,53.140131414014526,253.2573056493262,763.30019851097,786.4977730013013,134.01938855279184,5.111111111111111,52.88056613772716
2023-06-22 16:00:00+05:00,35.0,11,0.0,320,18.4,1009.0,2,2,47.9234902292352,42.0765097707648,265.4645190906783,613.5608369462121,736.2775593173885,120.1647768631475,5.111111111111111,49.10025763287297
2023-06-22 17:00:00+05:00,34.4,17,0.0,210,10.8,1005.7,2,1,59.17367362847207,30.826326371527927,275.33039546419855,434.1556694698384,650.0198127752615,101.0611499170842,3.0,47.17965108765327
2023-06-22 18:00:00+05:00,34.0,12,0.0,310,11.2,1009.0,2,1,70.25172165151334,19.748278348486664,284.34379263500597,241.8078842677278,495.6861959372419,74.32125031220417,3.1111111111111107,40.02411440764598
2023-06-22 19:00:00+05:00,33.0,12,0.0,300,18.4,1009.0,2,1,80.86263785307044,9.137362146929568,293.3326418714928,66.6635116703136,210.4705224095749,33.24038888186649,5.111111111111111,32.94702763213485
2023-06-22 20:00:00+05:00,30.6,17,0.0,250,7.2,1007.0,1,1,90.89414159240548,-0.8941415924054754,302.87706759645954,0.0,0.0,0.0,2.0,27.440516461884215
2023-06-22 21:00:00+05:00,30.0,14,0.0,330,14.8,1010.0,0,1,99.75763894733748,-9.75763894733749,313.45120517152975,0.0,0.0,0.0,4.111111111111112,27.756992572378806
2023-06-22 22:00:00+05:00,29.0,13,0.0,360,18.4,1010.0,0,1,107.09410490157056,-17.09410490157056,325.42311281157504,0.0,0.0,0.0,5.111111111111111,26.985562619225902
2023-06-22 23:00:00+05:00,26.4,20,0.0,300,10.8,1008.5,0,1,112.36528836076934,-22.365288360769345,338.9296716662804,0.0,0.0,0.0,3.0,23.483319967759883
2023-06-23 00:00:00+05:00,27.0,15,0.0,360,14.8,1011.0,1,1,115.04239362722166,-25.04239362722165,353.6726169459847,0.0,0.0,0.0,4.111111111111112,24.583035248813417
2023-06-23 01:00:00+05:00,26.0,17,0.0,360,18.4,1010.0,1,1,114.79442176952104,-24.79442176952106,8.84416097372781,0.0,0.0,0.0,5.111111111111111,23.840299613641946
2023-06-23 02:00:00+05:00,23.0,23,0.0,300,10.8,1009.2,1,1,111.65410919353415,-21.65410919353415,23.424937219183903,0.0,0.0,0.0,3.0,19.87450886158291
2023-06-23 03:00:00+05:00,25.0,18,0.0,10,14.8,1011.0,0,1,105.99988560288904,-15.999885602889032,36.68251288029808,0.0,0.0,0.0,4.111111111111112,22.47693437067454
2023-06-23 04:00:00+05:00,24.0,19,0.0,50,11.0,1011.0,0,1,98.37333645328344,-8.373336453283434,48.40366400490427,0.0,0.0,0.0,3.0555555555555554,20.962406417196803
2023-06-23 05:00:00+05:00,20.4,33,0.0,320,3.6,1009.9,0,1,88.9319895068209,1.068010493179104,58.77734660860284,0.273490592452084,0.9582469033055888,0.2556296175031342,1.0,15.394869577098348
2023-06-23 06:00:00+05:00,23.0,29,0.0,50,14.8,1011.0,0,1,79.14198890624193,10.858011093758066,68.19468000799611,91.97330293013232,267.9200954475898,41.50364889974068,4.111111111111112,23.179526000624662
2023-06-23 07:00:00+05:00,26.0,28,0.0,70,7.6,1012.0,0,1,68.43017476670808,21.56982523329192,77.14418285246376,273.49508117173576,527.2016335928389,79.67739518738315,2.111111111111111,34.03929740916294
2023-06-23 08:00:00+05:00,27.2,21,0.0,340,3.6,1009.7,0,1,57.303518406169,32.696481593831,86.23287773781533,465.1067494237782,666.8066350412124,104.90537732611142,1.0,47.388671311024154
2023-06-23 09:00:00+05:00,31.0,12,0.0,360,14.8,1012.0,0,1,46.05555022630448,43.94444977369552,96.35907012145616,640.5186517064186,745.6316529076526,123.0796479844754,4.111111111111112,47.69282336366382
2023-06-23 10:00:00+05:00,32.0,10,0.0,330,11.2,1012.0,0,1,35.07549060270349,54.92450939729651,109.20144011442278,784.0196210508441,791.6063536221873,136.1724545181646,3.1111111111111107,56.092450240686674
2023-06-23 11:00:00+05:00,31.7,14,0.0,250,3.6,1009.1,0,1,25.178525532750385,64.82147446724962,128.53014479535295,884.3848875786317,817.3146657874361,144.72609071433976,1.0,71.98977150065264
2023-06-23 12:00:00+05:00,33.0,10,0.0,350,14.8,1012.0,1,1,18.59055336163489,71.40944663836511,161.66933056148036,934.1469848065532,828.552109179914,148.82790812462372,4.111111111111112,58.11021860290316
2023-06-23 13:00:00+05:00,34.0,10,0.0,310,11.2,1011.0,1,1,19.269796239290557,70.73020376070944,204.9325950806977,929.6763863270348,827.5787358268764,148.46270549882274,3.1111111111111107,62.8361902532958
2023-06-23 14:00:00+05:00,34.2,12,0.0,260,3.6,1007.8,2,1,26.65672426568416,63.34327573431584,235.33927068840285,871.2965983063766,814.2049197240764,143.63310757082183,1.0,73.78060545888792
2023-06-23 15:00:00+05:00,35.0,10,0.0,320,11.2,1011.0,2,1,36.82623677810849,53.17376322189151,253.19399396765112,763.27287673172,785.7051370670976,134.34971301443022,3.1111111111111107,58.45430623370652
2023-06-23 16:00:00+05:00,35.0,10,0.0,290,18.4,1010.0,2,1,47.888046030759895,42.111953969240105,265.4155674803978,613.6844379528342,735.481726237583,120.48406690827188,5.111111111111111,49.10338935283488
2023-06-23 17:00:00+05:00,34.6,11,0.0,250,7.2,1006.8,1,1,59.138479130124075,30.861520869875925,275.28775745446256,434.3924933699461,649.2428191336037,101.35373465637628,2.0,49.86221128810536
2023-06-23 18:00:00+05:00,35.0,9,0.0,300,18.4,1011.0,1,1,70.21813213826165,19.78186786173835,284.3033020336203,242.11088491781905,495.0530409391531,74.56506098314796,5.111111111111111,39.6045891239321
2023-06-23 19:00:00+05:00,34.0,11,0.0,310,18.4,1011.0,1,1,80.83201352579201,9.167986474207998,293.2916910012061,66.94303147167695,210.4571329145702,33.4109788078355,5.111111111111111,34.010452229370344
2023-06-23 20:00:00+05:00,30.7,18,0.0,280,7.2,1008.0,1,1,90.86732505748692,-0.8673250574869074,302.83374929527827,0.0,0.0,0.0,2.0,27.549736020107673
2023-06-23 21:00:00+05:00,31.0,14,0.0,30,11.2,1011.0,0,1,99.73652097866432,-9.736520978664313,313.4041158344765,0.0,0.0,0.0,3.1111111111111107,28.4558816916703
2023-06-23 22:00:00+05:00,29.0,18,0.0,40,11.2,1011.0,0,1,107.08058285120444,-17.080582851204458,325.3716285340522,0.0,0.0,0.0,3.1111111111111107,26.31163476322837
2023-06-23 23:00:00+05:00,24.8,37,0.0,30,7.2,1009.3,0,1,112.36130432273542,-22.361304322735425,338.87460112048393,0.0,0.0,0.0,2.0,21.152733456829935
2023-06-24 00:00:00+05:00,24.0,25,0.0,70,11.2,1011.0,0,1,115.0493260958736,-25.0493260958736,353.61669634016164,0.0,0.0,0.0,3.1111111111111107,20.990998990357866
2023-06-24 01:00:00+05:00,25.0,26,0.0,140,7.6,1011.0,0,1,114.81236852828135,-24.812368528281347,8.791352783803916,0.0,0.0,0.0,2.111111111111111,21.450276815696043
2023-06-24 02:00:00+05:00,23.0,33,0.0,140,7.2,1009.5,1,1,111.68172639117972,-21.68172639117972,23.378495982417064,0.0,0.0,0.0,2.0,19.21957459471389
2023-06-24 03:00:00+05:00,23.0,31,0.0,50,11.2,1011.0,0,1,106.03501611432002,-16.035016114320015,36.64362789169337,0.0,0.0,0.0,3.1111111111111107,19.933489386194765
2023-06-24 04:00:00+05:00,22.0,33,0.0,80,11.2,1011.0,0,1,98.41381474658829,-8.413814746588269,48.37172534459489,0.0,0.0,0.0,3.1111111111111107,18.878116827573024
2023-06-24 05:00:00+05:00,20.0,45,0.0,20,3.6,1010.4,0,1,88.97143576442868,1.0285642355713205,58.750892960704505,0.2462662573373069,0.854541982189193,0.2309264867780407,1.0,14.959007469192386
2023-06-24 06:00:00+05:00,24.0,29,0.0,30,11.2,1013.0,1,1,79.18808319804751,10.811916801952483,68.1720386607779,91.08409563627497,265.22752872732724,41.331226828164205,3.1111111111111107,24.228084662054755
2023-06-24 07:00:00+05:00,26.0,24,0.0,100,7.6,1013.0,1,1,68.47792052190137,21.52207947809863,77.12361026263966,272.35941111122554,525.1428504964404,79.70563897627574,2.111111111111111,33.992246439954556
2023-06-24 08:00:00+05:00,26.4,29,0.0,140,3.6,1010.7,1,1,57.352052463072944,32.647947536927056,86.21225794439954,463.93973373595054,665.2643729501672,105.04583954266576,1.0,46.51978901606367
2023-06-24 09:00:00+05:00,28.0,25,0.0,170,14.8,1014.0,0,1,46.10415832580589,43.89584167419411,96.334931968778,639.4142323029206,744.3981767742362,123.28610526989428,4.111111111111112,44.601864039638656
2023-06-24 10:00:00+05:00,30.0,22,0.0,210,7.6,1013.0,0,1,35.12301114278184,54.87698885721816,109.16604155180649,783.0372887373672,790.5612988493156,136.4224049034243,2.111111111111111,58.478720112193116
2023-06-24 11:00:00+05:00,31.4,19,0.0,240,7.2,1010.1,0,1,25.221599561667617,64.77840043833238,128.46271434875547,883.5649704147746,816.3870315232283,145.0069912113413,2.0,64.36550141829798
2023-06-24 12:00:00+05:00,33.0,19,0.0,270,7.6,1013.0,1,1,18.61781811694765,71.38218188305235,161.53114789183292,933.5138214859284,827.6965327469137,149.13133306607574,2.111111111111111,67.16374787727005
2023-06-24 13:00:00+05:00,34.0,15,0.0,320,11.2,1012.0,1,1,19.267009267595185,70.73299073240482,204.7755377820457,929.2390672701096,826.7636168698821,148.78156760124955,3.1111111111111107,62.82210254508692
2023-06-24 14:00:00+05:00,34.4,18,0.0,260,7.2,1008.0,1,1,26.634796635647007,63.36520336435299,235.23420481184013,871.0496102804391,813.4065101408678,143.96005768459327,2.0,66.84295237767577
2023-06-24 15:00:00+05:00,34.0,15,0.0,330,11.2,1011.0,0,1,36.79717479776057,53.20282520223943,253.12194741291296,763.1973371986636,784.9052250248927,134.6759170801064,3.1111111111111107,57.4354338947353
2023-06-24 16:00:00+05:00,34.0,14,0.0,340,11.2,1011.0,1,1,47.85687334606473,42.14312665393527,265.3592664142544,613.7502231066561,734.6698836144235,120.79781313383876,3.1111111111111107,52.522199587638966
2023-06-24 17:00:00+05:00,34.3,18,0.0,220,7.2,1006.6,1,1,59.10755736674502,30.89244263325498,275.23879460707826,434.5611861764093,648.4313224154675,101.63834505846825,2.0,49.55530215845084
2023-06-24 18:00:00+05:00,34.0,13,0.0,290,18.4,1010.0,2,1,70.18900293650204,19.810997063497965,284.25722719087014,242.33784992710756,494.3424991963108,74.79603066248436,5.111111111111111,38.56103298408425
2023-06-24 19:00:00+05:00,33.0,14,0.0,310,14.8,1010.0,3,1,80.8061445343534,9.193855465646603,293.24573550450316,67.15573689729126,210.27936822214937,33.5582827186682,4.111111111111112,32.95419608936908
2023-06-24 20:00:00+05:00,30.2,18,0.0,290,10.8,1006.9,6,1,90.84574134736754,-0.845741347367537,302.78596332573375,0.0,0.0,0.0,3.0,27.547868574257052
2023-06-24 21:00:00+05:00,29.0,16,0.0,10,25.9,1009.0,5,2,99.72113501311652,-9.721135013116507,313.35318031943575,0.0,0.0,0.0,7.194444444444444,27.402360942946643
2023-06-24 22:00:00+05:00,28.0,19,0.0,360,22.3,1009.0,5,2,107.07329967387064,-17.07329967387064,325.3171457401362,0.0,0.0,0.0,6.194444444444445,26.182435305181286
2023-06-24 23:00:00+05:00,25.9,20,0.0,290,10.8,1007.1,4,2,112.36397513507782,-22.363975135077823,338.81772271448847,0.0,0.0,0.0,3.0,22.950991377279365
2023-06-25 00:00:00+05:00,26.0,17,0.0,360,22.3,1009.0,4,2,115.06311318784344,-25.06311318784343,353.56048937781856,0.0,0.0,0.0,6.194444444444445,24.09953731687841
2023-06-25 01:00:00+05:00,25.0,14,0.0,360,22.3,1009.0,4,2,114.8370651072603,-24.8370651072603,8.739889769934052,0.0,0.0,0.0,6.194444444444445,23.06038494387508
2023-06-25 02:00:00+05:00,22.0,22,0.0,250,10.8,1007.3,2,2,111.71570276267228,-21.715702762672276,23.334829090879,0.0,0.0,0.0,3.0,18.81792798431428
2023-06-25 03:00:00+05:00,24.0,15,0.0,10,14.8,1008.0,2,1,106.0759426183673,-16.075942618367304,36.60857488239799,0.0,0.0,0.0,4.111111111111112,21.426762468579113
2023-06-25 04:00:00+05:00,23.0,18,0.0,10,14.8,1008.0,3,2,98.45948147418002,-8.459481474180023,48.3443442425683,0.0,0.0,0.0,4.111111111111112,20.378473038828986
2023-06-25 05:00:00+05:00,20.7,28,0.0,220,3.6,1006.7,6,2,89.01492363187565,0.9850763681243488,58.729531965685794,0.218855316366288,0.7526806709660256,0.2059152460728602,1.0,15.717837306706201
2023-06-25 06:00:00+05:00,23.0,22,0.0,20,7.6,1008.0,4,2,79.23830431555015,10.761695684449856,68.1549826540886,90.13574310583192,262.4081638716746,41.13768945509461,2.111111111111111,23.173887936899575
2023-06-25 07:00:00+05:00,24.0,24,0.0,360,3.6,1009.0,6,2,68.52947222991043,21.47052777008958,77.10920330927843,271.16055701292373,523.0233035499974,79.72221640606475,1.0,34.067403061879304
2023-06-25 08:00:00+05:00,24.5,34,0.0,120,3.6,1006.5,6,2,57.40420944017736,32.59579055982264,86.19859941931577,462.7172896059413,663.6945641474748,105.17912781265944,1.0,44.541458697411315
2023-06-25 09:00:00+05:00,26.0,26,0.0,200,14.8,1009.0,6,2,46.156421099569656,43.843578900430344,96.31891374065732,638.2630556995525,743.1519984017488,123.4876554327526,4.111111111111112,42.538012397968714
2023-06-25 10:00:00+05:00,28.0,25,0.0,220,14.8,1009.0,6,2,35.17456717993345,54.82543282006655,109.1404046082048,782.0152540293498,789.5106359961902,136.66871673243168,4.111111111111112,48.73088135474876
2023-06-25 11:00:00+05:00,28.9,22,0.0,140,3.6,1005.6,7,3,25.269697100069266,64.73030289993073,128.4065751803501,882.7097630516688,815.4571890694242,145.2849391926295,1.0,69.26173388998609
2023-06-25 12:00:00+05:00,29.0,22,0.0,210,22.3,1010.0,7,3,18.65169704822428,71.34830295177572,161.400244689131,932.846647133874,826.8400328083,149.432060637595,6.194444444444445,48.52030616637245
2023-06-25 13:00:00+05:00,29.0,27,0.0,170,25.9,1009.0,8,3,19.270953298036915,70.72904670196309,204.6125633285278,928.7657319530576,825.9472769250531,149.09761232858443,7.194444444444444,46.55463535231621
2023-06-25 14:00:00+05:00,27.6,31,0.0,100,10.8,1006.3,7,3,26.618318755240544,63.381681244759456,235.11940169276565,870.761459876016,812.6049130631433,144.28370257978906,3.0,55.013963831534625
2023-06-25 15:00:00+05:00,26.0,30,0.0,170,14.8,1009.0,7,3,36.77276190532028,53.22723809467972,253.04127619477725,763.0727805795851,784.0977239994664,134.99791658224467,4.111111111111112,46.16974258269937
2023-06-25 16:00:00+05:00,26.0,32,0.1,150,7.6,1009.0,7,3,47.83004963938277,42.16995036061723,265.29569646958447,613.7571895422166,733.8415549295433,121.10589224073028,2.111111111111111,47.857453106369064
2023-06-25 17:00:00+05:00,26.6,29,0.0,210,3.6,1006.2,8,3,59.08098195508977,30.919018044910235,275.1835766573105,434.6606372514536,647.5846080585702,101.91480310874948,1.0,45.23642047225894
2023-06-25 18:00:00+05:00,26.0,34,0.0,210,18.4,1009.0,7,3,70.16440242240701,19.835597577592992,284.2056347344594,242.4876874882368,493.55358795790187,75.01388997509946,5.111111111111111,30.23459952556783
2023-06-25 19:00:00+05:00,26.0,30,0.0,240,3.6,1009.0,6,3,80.78509268697925,9.214907313020742,293.19484300179465,67.30070676897283,209.936512941562,33.681889877205585,1.0,25.218459842723348
2023-06-25 20:00:00+05:00,25.0,30,0.0,210,3.6,1009.0,6,3,90.24906971622522,-0.2490697162252233,302.73378086849414,0.0,0.0,0.0,1.0,20.409701358320774
2023-06-25 21:00:00+05:00,24.0,34,0.0,140,3.6,1009.0,5,3,99.71152348401088,-9.71152348401088,313.2984749050246,0.0,0.0,0.0,1.0,19.310539714104834
2023-06-25 22:00:00+05:00,23.0,44,0.0,180,7.6,1010.0,4,2,107.0722846438011,-17.0722846438011,325.2597461996783,0.0,0.0,0.0,2.111111111111111,19.305656461254557
2023-06-25 23:00:00+05:00,22.4,39,0.0,0,0.0,1007.9,4,2,112.37331464889138,-22.373314648891387,338.75912271160234,0.0,0.0,0.0,0.0,15.78826188586936
2023-06-26 00:00:00+05:00,21.0,53,0.0,130,7.6,1010.0,3,2,115.08375174144015,-25.08375174144017,353.5040844530106,0.0,0.0,0.0,2.111111111111111,17.171098767927617
2023-06-26 01:00:00+05:00,19.0,56,0.0,70,7.0,1010.0,3,2,114.86849090270582,-24.868490902705823,8.689858980121926,0.0,0.0,0.0,1.9444444444444444,14.904887715826987
2023-06-26 02:00:00+05:00,18.5,62,0.0,40,3.6,1008.2,2,1,111.7560013107407,-21.756001310740704,23.29401825315074,0.0,0.0,0.0,1.0,13.320550317379343
2023-06-26 03:00:00+05:00,19.0,52,0.0,80,11.0,1009.0,0,1,106.12261413411758,-16.122614134117587,36.577427049502376,0.0,0.0,0.0,3.0555555555555554,15.693035938468086
2023-06-26 04:00:00+05:00,18.0,52,0.0,60,11.2,1009.0,1,1,98.51027476507174,-8.510274765071747,48.32158414540368,0.0,0.0,0.0,3.1111111111111107,14.677409637743779
2023-06-26 05:00:00+05:00,17.4,59,0.0,40,3.6,1008.3,2,1,89.06235988606906,0.937640113930938,58.71331785958114,0.1917729832795253,0.6543994618324099,0.1810642748219713,1.0,12.144485621807235
2023-06-26 06:00:00+05:00,20.0,46,0.0,60,14.8,1010.0,1,1,79.29257691179487,10.707423088205127,68.14355853066814,89.12995146532866,259.46414149929984,40.9230919014733,4.111111111111112,19.97548282916273
2023-06-26 07:00:00+05:00,23.0,36,0.0,70,11.2,1010.0,1,1,68.5847513539153,21.41524864608471,77.10100277392405,269.8999597742347,520.8435649564327,79.72718137845516,3.1111111111111107,29.479799777774872
2023-06-26 08:00:00+05:00,24.8,38,0.0,60,3.6,1007.2,0,1,57.459908782072304,32.540091217927696,86.19193953637011,461.44069664313565,662.0975180309841,105.30531572796792,1.0,44.778276469369416
2023-06-26 09:00:00+05:00,26.0,28,0.0,210,7.6,1009.0,0,1,46.2122570596643,43.7877429403357,96.31105330694912,637.0661846329668,741.893295143671,123.68436719077374,2.111111111111111,48.78392189035259
2023-06-26 10:00:00+05:00,28.0,25,0.0,240,11.2,1009.0,0,1,35.23007731929102,54.76992268070898,109.12457850423158,780.9543024591788,788.4544517034894,136.9114425011062,3.1111111111111107,51.97122961736943
2023-06-26 11:00:00+05:00,28.8,27,0.0,210,7.6,1006.3,0,1,25.322739965196092,64.67726003480391,128.36183521291483,881.819729990263,814.5251528827598,145.55996497195838,2.111111111111111,61.08902635915325
2023-06-26 12:00:00+05:00,30.0,25,0.0,280,7.6,1008.0,1,1,18.692140279870856,71.30785972012914,161.27696705027302,932.1455836501152,825.9825577475382,149.7300954963838,2.111111111111111,64.1761300076252
2023-06-26 13:00:00+05:00,31.0,21,0.0,290,11.2,1008.0,1,1,19.281661194431393,70.7183388055686,204.444098875282,928.256162541392,825.1295946375399,149.41081654640277,3.1111111111111107,59.796403785465145
2023-06-26 14:00:00+05:00,31.9,23,0.0,220,3.6,1003.9,1,1,26.60736232837124,63.39263767162876,234.99507274969255,870.4316170479414,811.7999232041942,144.6039896709674,1.0,71.53910746160449
2023-06-26 15:00:00+05:00,32.0,20,0.0,280,7.6,1006.0,0,1,36.75307503977776,53.24692496022224,252.95209900988527,762.8984159154243,783.2823165294432,135.31562690992916,2.111111111111111,59.69601552758951
2023-06-26 16:00:00+05:00,33.0,17,0.0,230,11.2,1006.0,0,1,47.80764974482102,42.19235025517898,265.2249435933449,613.7043589693182,732.9962612735475,121.40818138392684,3.1111111111111107,51.49365987324927
2023-06-26 17:00:00+05:00,32.6,20,0.0,200,3.6,1002.3,1,1,59.05882345492145,30.941176545078548,275.12217694704486,434.68977735928047,646.7019606064571,102.18293186828812,1.0,51.398561097463414
2023-06-26 18:00:00+05:00,32.0,16,0.0,270,14.8,1005.0,1,1,70.14439549603395,19.85560450396605,284.148593717977,242.5593661064344,492.6853185551926,75.21836994558956,4.111111111111112,37.10168370976692
2023-06-26 19:00:00+05:00,31.0,16,0.0,270,11.2,1005.0,1,1,80.76891587755516,9.231084122444846,293.1390825851598,67.37712942755081,209.4279142024712,33.78139337439633,3.1111111111111107,30.812345346422433
2023-06-26 20:00:00+05:00,30.0,21,0.0,220,3.6,1002.3,1,1,90.23987521455986,-0.2398752145598626,302.67727368090294,0.0,0.0,0.0,1.0,25.953795484104774
2023-06-26 21:00:00+05:00,28.0,28,0.0,260,11.2,1006.0,0,1,99.7077246062085,-9.707724606208505,313.24007554177433,0.0,0.0,0.0,3.1111111111111107,25.24299745388356
2023-06-26 22:00:00+05:00,27.0,26,0.0,270,7.6,1006.0,0,1,107.077562885369,-17.077562885368984,325.1995104715288,0.0,0.0,0.0,2.111111111111111,23.605210159731712
2023-06-26 23:00:00+05:00,24.2,39,0.0,330,3.6,1003.5,0,1,112.38933283904193,-22.38933283904191,338.6988854401409,0.0,0.0,0.0,1.0,19.530119297600834
2023-06-27 00:00:00+05:00,24.0,41,0.0,70,7.6,1005.0,0,1,115.1112351449656,-25.111235144965597,353.4475675834336,0.0,0.0,0.0,2.111111111111111,20.376693141554313
2023-06-27 01:00:00+05:00,21.0,49,0.0,80,11.2,1005.0,0,1,114.90662235398682,-24.906622353986815,8.641344861396192,0.0,0.0,0.0,3.1111111111111107,17.824851905994194
2023-06-27 02:00:00+05:00,20.4,51,0.0,40,3.6,1003.6,0,1,111.80258260255656,-21.802582602556573,23.256142330768853,0.0,0.0,0.0,1.0,15.379386666556172
2023-06-27 03:00:00+05:00,22.0,41,0.0,60,11.2,1004.0,0,1,106.17497781246826,-16.174977812468253,36.55025436778578,0.0,0.0,0.0,3.1111111111111107,18.878116827573024
2023-06-27 04:00:00+05:00,21.0,40,0.0,70,14.8,1005.0,1,1,98.56613150492424,-8.566131504924238,48.30350481351229,0.0,0.0,0.0,4.111111111111112,18.287432463000528
2023-06-27 05:00:00+05:00,18.9,50,0.0,40,3.6,1003.8,2,1,89.11364780345738,0.8863521965426155,58.702300684661395,0.1654989670388804,0.5612165098349575,0.1568174262660747,1.0,13.762512067661248
2023-06-27 06:00:00+05:00,23.0,36,0.0,80,11.2,1005.0,1,1,79.35082566693116,10.64917433306884,68.13780805382248,88.06844994903257,256.3975841337016,40.68748634299229,3.1111111111111107,23.07118075876093
2023-06-27 07:00:00+05:00,25.0,34,0.0,110,7.6,1005.0,1,1,68.64368009178017,21.356319908219835,77.09904387318522,268.5790434057139,518.604167831143,79.720583030601,2.111111111111111,32.79251998747378
2023-06-27 08:00:00+05:00,27.5,33,0.0,60,3.6,1002.8,0,1,57.51907130023914,32.48092869976086,86.19230888263803,460.1112039589349,660.4735213557022,105.42447316005696,1.0,47.44086181382869
2023-06-27 09:00:00+05:00,30.0,22,0.0,150,7.6,1006.0,0,1,46.27158665599104,43.72841334400896,96.31137955131152,635.8246443718008,740.6222282901444,123.87630564998489,2.111111111111111,52.754426000705905
2023-06-27 10:00:00+05:00,31.0,22,0.0,200,7.6,1005.0,0,1,35.28946244221924,54.71053755778076,109.11859893098898,779.8551801756769,787.3928197368173,137.1506311636333,2.111111111111111,59.35006074483124
2023-06-27 11:00:00+05:00,32.2,20,0.0,150,3.6,1002.0,0,1,25.380651579837163,64.61934842016284,128.32857879179704,880.8952991433388,813.5909265557606,145.83209558016233,1.0,72.30561463583098
2023-06-27 12:00:00+05:00,34.0,13,0.0,270,11.2,1005.0,0,1,18.739095522286338,71.26090447771367,161.1616309146691,931.4107235810832,825.1240466936895,150.02543951657276,3.1111111111111107,62.89205470756474
2023-06-27 13:00:00+05:00,34.0,12,0.0,20,11.2,1000.7,0,1,19.29916101687309,70.70083898312691,204.270578433559,927.710123014622,824.3104409760458,149.72115506637545,3.1111111111111107,62.772845341106574
2023-06-27 14:00:00+05:00,35.2,14,0.0,230,3.6,1000.5,1,1,26.60199598388425,63.39800401611575,234.86144218855145,870.0595479039865,810.9913294167808,144.92086523685623,1.0,74.68689256476767
2023-06-27 15:00:00+05:00,35.0,11,0.0,360,7.6,1004.0,0,1,36.73818836715824,53.26181163284176,252.85454241779743,762.6734648725183,782.4586815848493,135.62896335477956,2.111111111111111,62.698164867497496
2023-06-27 16:00:00+05:00,36.0,12,0.0,300,14.8,1003.0,0,1,47.789745424646384,42.210254575353616,265.14709862803966,613.5907832560347,732.1335230628528,121.70455866871828,4.111111111111112,52.05928242212667
2023-06-27 17:00:00+05:00,35.7,14,0.0,220,3.6,999.5,1,1,59.04114894719753,30.958851052802476,275.0546720017272,434.6475850909932,645.7826664607161,102.44255611769744,1.0,54.62455483202041
2023-06-27 18:00:00+05:00,35.0,13,0.0,290,11.2,1003.0,1,1,70.12904318405876,19.87095681594124,284.08617520687153,242.5519213843992,491.73670114253895,75.40920281655536,3.1111111111111107,41.11112310129374
2023-06-27 19:00:00+05:00,34.0,15,0.0,220,14.8,1003.0,1,1,80.75766772859862,9.242332271401382,293.07852439653664,67.38430921029924,208.7529922681505,33.856391485710084,4.111111111111112,34.02504697939065
2023-06-27 20:00:00+05:00,32.1,21,0.0,160,3.6,999.7,1,1,90.23519305565044,-0.2351930556504206,302.6165136491569,0.0,0.0,0.0,1.0,28.3069246034446
2023-06-27 21:00:00+05:00,30.0,24,0.0,180,7.6,1003.0,0,1,99.70977212512447,-9.709772125124491,313.17805736778917,0.0,0.0,0.0,2.111111111111111,26.857492337694566
2023-06-27 22:00:00+05:00,29.0,25,0.0,250,7.6,1003.0,0,1,107.08915519712224,-17.089155197122246,325.1365173741595,0.0,0.0,0.0,2.111111111111111,25.770705914114615
2023-06-27 23:00:00+05:00,28.2,26,0.0,50,3.6,1000.7,0,1,112.412035722105,-22.412035722105003,338.63709272439644,0.0,0.0,0.0,1.0,23.948527149923507
2023-06-28 00:00:00+05:00,26.0,32,0.0,80,11.2,1004.0,0,1,115.1455533644406,-25.145553364440605,353.39102182863087,0.0,0.0,0.0,3.1111111111111107,23.11254718252809
2023-06-28 01:00:00+05:00,25.0,34,0.0,90,14.8,1004.0,1,1,114.95143308464824,-24.951433084648237,8.594428690921745,0.0,0.0,0.0,4.111111111111112,22.47693437067454
2023-06-28 02:00:00+05:00,23.4,40,0.0,50,3.6,1002.1,1,1,111.85540501704368,-21.85540501704367,23.2212768110802,0.0,0.0,0.0,1.0,18.652555191376223
2023-06-28 03:00:00+05:00,23.0,33,0.0,70,14.8,1004.0,0,1,106.2329792767509,-16.2329792767509,36.5271231156878,0.0,0.0,0.0,4.111111111111112,20.378473038828986
2023-06-28 04:00:00+05:00,25.0,32,0.0,40,14.8,1005.0,1,1,98.62698774762148,-8.626987747621486,48.29016191140352,0.0,0.0,0.0,4.111111111111112,22.47693437067454
2023-06-28 05:00:00+05:00,20.8,45,0.0,330,3.6,1003.6,2,1,89.16868766128178,0.831312338718214,58.696525935617046,0.1404646132232748,0.4743938193543289,0.1335818096005104,1.0,15.82215373940653
2023-06-28 06:00:00+05:00,25.0,32,0.0,30,14.8,1006.0,1,1,79.4129757903062,10.58702420969379,68.13776789943978,86.95298347299105,253.2105905998485,40.43092063921199,4.111111111111112,25.11483495936119
2023-06-28 07:00:00+05:00,27.0,28,0.0,10,7.6,1006.0,1,1,68.70618190887721,21.293818091122787,77.10335598413161,267.1992061180973,516.3055991961464,79.70246436991997,2.111111111111111,34.82409955637962
2023-06-28 08:00:00+05:00,28.2,27,0.0,320,3.6,1004.0,3,1,57.58161972710422,32.41838027289578,86.19973100066198,458.7300215545138,658.8228338505713,105.5366652551566,1.0,48.08281510969596
2023-06-28 09:00:00+05:00,32.0,21,0.0,40,7.6,1007.0,2,1,46.33433283498719,43.66566716501281,96.3199121166449,634.5394153292563,739.3389403761669,124.06353155999513,2.111111111111111,54.72901018314428
2023-06-28 10:00:00+05:00,32.0,20,0.0,20,7.6,1007.0,2,1,35.35264626916717,54.64735373083283,109.12248774455333,778.7185882215144,786.3257993250035,137.38632759635493,2.111111111111111,60.302998549193546
2023-06-28 11:00:00+05:00,32.7,23,0.0,230,7.2,1003.9,1,1,25.443357525341582,64.55664247465842,128.3068661047257,879.9368582047873,812.6545018803495,146.10135443071297,2.0,65.50430677539225
2023-06-28 12:00:00+05:00,34.0,19,0.0,300,11.2,1007.0,2,1,18.792508480840397,71.2074915191596,161.05451964199983,930.6421288400256,824.2644291605437,150.31809165698246,3.1111111111111107,62.86729864022885
2023-06-28 13:00:00+05:00,34.0,18,0.0,350,18.4,1007.0,2,1,19.32347577114797,70.67652422885203,204.09243941991275,927.1273603059574,823.4896793941464,150.02860071533962,5.111111111111111,55.9696636871156
2023-06-28 14:00:00+05:00,34.8,16,0.0,260,7.2,1003.5,2,1,26.60228475321765,63.397715246782354,234.71874559450913,869.6447181249964,810.1789153988848,145.23427468428758,2.0,67.18576473916403
2023-06-28 15:00:00+05:00,35.0,14,0.0,360,18.4,1007.0,2,2,36.72817273252545,53.27182726747455,252.7487400951723,762.3971671838559,781.626495942083,135.93784156609263,5.111111111111111,52.85785043668801
2023-06-28 16:00:00+05:00,34.0,15,0.0,330,25.9,1007.0,2,2,47.77640483044739,42.22359516955261,265.0622567658796,613.4155514740145,731.2528623500796,121.99490379733528,7.194444444444444,45.23535471408934
2023-06-28 17:00:00+05:00,33.6,16,0.0,270,18.0,1003.7,3,2,59.02802151381419,30.97197848618581,274.9811410552327,434.53309497181493,644.8260176848391,102.69350321283514,5.0,43.21931162173246
2023-06-28 18:00:00+05:00,33.0,14,0.0,340,22.3,1007.0,2,2,70.11840214768907,19.881597852310932,284.0184518238111,242.46446448862272,490.706751385901,75.58612317865854,6.194444444444445,36.985578956839106
2023-06-28 19:00:00+05:00,32.0,13,0.0,330,29.5,1008.0,2,2,80.75139713536339,9.248602864636608,293.01323916317335,67.32167439456681,207.9112556462406,33.90648966307056,8.194444444444445,31.934902382159862
2023-06-28 20:00:00+05:00,29.3,17,0.0,240,7.2,1005.1,2,2,90.2350561438861,-0.2350561438860973,302.5515722979158,0.0,0.0,0.0,2.0,26.02320170359542
2023-06-28 21:00:00+05:00,29.0,13,0.0,320,18.4,1009.0,2,2,99.7176949747086,-9.717694974708602,313.112494175557,0.0,0.0,0.0,5.111111111111111,26.985562619225902
2023-06-28 22:00:00+05:00,28.0,13,0.0,330,22.3,1009.0,2,2,107.10707779635084,-17.107077796350847,325.0708434080083,0.0,0.0,0.0,6.194444444444445,26.182435305181286
2023-06-28 23:00:00+05:00,25.5,18,0.0,250,7.2,1007.1,5,2,112.44142520342784,-22.441425203427848,338.5738232605167,0.0,0.0,0.0,2.0,21.906801947034012
2023-06-29 00:00:00+05:00,26.0,17,0.0,340,11.2,1009.0,2,1,115.1866929090028,-25.1866929090028,353.33452663708704,0.0,0.0,0.0,3.1111111111111107,23.11254718252809
2023-06-29 01:00:00+05:00,24.0,19,0.0,340,7.6,1009.0,2,1,115.0028939931514,-25.00289399315139,8.5491879228951,0.0,0.0,0.0,2.111111111111111,20.376693141554313
2023-06-29 02:00:00+05:00,21.1,32,0.0,270,3.6,1007.8,2,1,111.9144249544639,-21.9144249544639,23.189493191653582,0.0,0.0,0.0,1.0,16.140653103872808
2023-06-29 03:00:00+05:00,22.0,23,0.0,120,7.6,1009.0,2,2,106.29656293189834,-16.29656293189833,36.50809532169217,0.0,0.0,0.0,2.111111111111111,18.237135457063687
2023-06-29 04:00:00+05:00,24.0,25,0.0,110,3.6,1009.0,2,2,98.69277910596246,-8.692779105962462,48.281606514667715,0.0,0.0,0.0,1.0,19.310539714104834
2023-06-29 05:00:00+05:00,18.3,47,0.0,50,3.6,1008.7,1,2,89.2273772939228,0.7726227060772022,58.69603412628294,0.1170415778993788,0.394909594711634,0.1117164583994587,1.0,13.111135907021264
2023-06-29 06:00:00+05:00,21.0,40,0.0,80,7.6,1010.0,2,2,79.47895350677284,10.521046493227166,68.14346926642594,85.78530568868,249.9052309506221,40.15343700186239,2.111111111111111,20.874543723811257
2023-06-29 07:00:00+05:00,23.0,41,0.0,140,7.6,1010.0,2,2,68.77218204960003,21.227817950399967,77.11396228854778,265.76181180324926,513.9482929966142,79.6728609117796,2.111111111111111,30.595920484249632
2023-06-29 08:00:00+05:00,23.9,31,0.0,80,3.6,1008.5,1,2,57.647479239384474,32.352520760615526,86.21422204683984,457.2983121753507,657.1456839219227,105.64195145466078,1.0,43.66128771271548
2023-06-29 09:00:00+05:00,26.0,28,0.0,190,11.2,1011.0,1,1,46.40042156371599,43.59957843628401,96.33666105266616,633.2114260931165,738.0435525570755,124.24610059465395,3.1111111111111107,45.023383397119915
2023-06-29 10:00:00+05:00,28.0,22,0.0,240,11.2,1011.0,1,1,35.41955586940648,54.58044413059352,109.13625256007164,777.5451773146435,785.2534335937873,137.61857209773518,3.1111111111111107,51.85827170429667
2023-06-29 11:00:00+05:00,29.3,18,0.0,180,7.2,1007.6,1,1,25.510786016079805,64.4892139839202,128.29673255456822,878.9447515788979,811.7158580201632,146.36776102784188,2.0,62.129657425568325
2023-06-29 12:00:00+05:00,30.0,17,0.0,260,14.8,1010.0,1,1,18.852323184048757,71.14767681595124,160.95588178132334,929.8398299823878,823.403624796887,150.60804787273764,4.111111111111112,54.973561329673146
2023-06-29 13:00:00+05:00,32.0,13,0.0,240,18.4,1009.0,1,1,19.35462310548188,70.64537689451812,203.91011925782377,926.5076059812244,822.6671661095968,150.33312444907517,5.111111111111111,53.92832849198004
2023-06-29 14:00:00+05:00,31.5,14,0.0,240,10.8,1005.9,1,2,26.60828949515409,63.39171050484591,234.56722857113544,869.1865969434502,809.3624605419725,145.54416286160506,3.0,58.843811905435246
2023-06-29 15:00:00+05:00,32.0,11,0.0,260,14.8,1009.0,0,1,36.72309506915572,53.27690493084428,252.6348321669252,762.0687866476071,780.7854357385457,136.24217806050171,4.111111111111112,52.20699526605506
2023-06-29 16:00:00+05:00,33.0,10,0.0,290,11.2,1008.0,0,1,47.76769193462789,42.23230806537211,264.9705170875553,613.1777974175025,730.3538053530723,122.27909877104508,3.1111111111111107,51.47619381091852
2023-06-29 17:00:00+05:00,33.2,12,0.0,300,7.2,1004.5,1,1,59.0194996957717,30.9805003042283,274.9016656590884,434.3454059631858,643.8313161136908,102.93560400368148,2.0,48.39831704959573
2023-06-29 18:00:00+05:00,33.0,11,0.0,280,11.2,1007.0,1,1,70.1125241758381,19.887475824161893,283.94549738025745,242.29619089512073,489.5944976287253,75.74886918237621,3.1111111111111107,38.98150976828856
2023-06-29 19:00:00+05:00,31.0,19,0.0,250,18.4,1007.0,1,1,80.75014779715721,9.249852202842792,292.94329782184707,67.18878536307935,206.90231775072104,33.931302752593346,5.111111111111111,30.854113347381826
2023-06-29 20:00:00+05:00,29.0,23,0.0,220,11.0,1007.0,1,1,90.23949350038986,-0.239493500389852,302.48252039081603,0.0,0.0,0.0,3.0555555555555554,26.28639700816518
2023-06-29 21:00:00+05:00,27.0,24,0.0,210,11.2,1007.0,0,1,99.73151691446182,-9.731516914461816,313.04345797494943,0.0,0.0,0.0,3.1111111111111107,24.176644785552924
2023-06-29 22:00:00+05:00,25.0,34,0.0,160,7.6,1007.0,0,1,107.131342028785,-17.131342028785006,325.0025622688528,0.0,0.0,0.0,2.111111111111111,21.450276815696043
2023-06-29 23:00:00+05:00,23.6,38,0.0,40,3.6,1000.1,0,1,112.477498878777,-22.47749887877701,338.50915208503096,0.0,0.0,0.0,1.0,18.871757912181238
2023-06-30 00:00:00+05:00,24.0,34,0.0,70,11.2,1007.0,0,1,115.23463673773404,-25.234636737734046,353.2781572808829,0.0,0.0,0.0,3.1111111111111107,20.990998990357866
2023-06-30 01:00:00+05:00,23.0,31,0.0,70,11.2,1006.0,1,1,115.06097327099128,-25.06097327099128,8.5056956239265,0.0,0.0,0.0,3.1111111111111107,19.933489386194765
2023-06-30 02:00:00+05:00,20.5,38,0.0,50,3.6,1005.1,1,1,111.97959696032808,-21.979596960328063,23.16085844116145,0.0,0.0,0.0,1.0,15.48804778421811
2023-06-30 03:00:00+05:00,21.0,35,0.0,80,11.2,1006.0,1,1,106.36567217848904,-16.365672178489042,36.49322827393087,0.0,0.0,0.0,3.1111111111111107,17.824851905994194
2023-06-30 04:00:00+05:00,22.0,31,0.0,70,14.8,1006.0,1,1,98.76344103497152,-8.763441034971517,48.27788467758717,0.0,0.0,0.0,4.111111111111112,19.332038775322758
2023-06-30 05:00:00+05:00,19.6,40,0.0,50,7.2,1005.2,2,1,89.28961265673351,0.7103873432664917,58.70086041247919,0.0955325159600013,0.3234422717573912,0.0915223879672971,2.0,15.594844630196008
2023-06-30 06:00:00+05:00,21.0,40,0.0,110,3.6,1007.0,1,1,79.5486864142207,10.4513135857793,68.1549375492329,84.5671742307098,246.4835456657435,39.85507124376074,1.0,20.770069499955127
2023-06-30 07:00:00+05:00,23.0,31,0.0,60,11.2,1007.0,1,1,68.84160791809828,21.15839208190172,77.13087947989106,264.26818382460897,511.5326250350338,79.63179963044985,3.1111111111111107,29.28271659705888
2023-06-30 08:00:00+05:00,25.5,31,0.0,70,3.6,1004.2,2,1,57.71657784465746,32.28342215534254,86.23579052502151,455.81718539248305,655.4422654337899,105.74038474567892,1.0,45.197838029483705
2023-06-30 09:00:00+05:00,27.0,28,0.0,170,11.2,1007.0,2,1,46.46978221226722,43.53021778773278,96.36162656649606,631.8415484216644,736.7361626344596,124.42406280940833,3.1111111111111107,45.98771443795579
2023-06-30 10:00:00+05:00,28.0,28,0.0,130,11.2,1007.0,2,1,35.49012202616736,54.50987797383264,109.15988651657052,776.3355442003857,784.175748400591,137.84740001942066,3.1111111111111107,51.81818397129416
2023-06-30 11:00:00+05:00,30.7,24,0.0,160,3.6,1003.2,5,1,25.582868244946283,64.41713175505372,128.2981884793631,877.9192783056769,810.7749608979489,146.63133075446717,1.0,70.74238651713881
2023-06-30 12:00:00+05:00,32.0,20,0.0,250,7.6,1006.0,2,1,18.918482261113667,71.08151773888633,160.86592960106782,929.00382582982,822.5415432041794,150.89530105414542,2.111111111111111,66.01289835122532
2023-06-30 13:00:00+05:00,33.0,16,0.0,220,11.2,1006.0,2,1,19.39261509926733,70.60738490073267,203.724052480385,925.8505775015666,821.8427502917261,150.63469543231622,3.1111111111111107,61.7125768028784
2023-06-30 14:00:00+05:00,33.3,18,0.0,240,7.2,1002.0,1,2,26.62006647064114,63.37993352935886,234.4071456058505,868.684659864609,808.5417404827526,145.85047426839333,2.0,65.66354048855749
2023-06-30 15:00:00+05:00,34.0,14,0.0,300,11.2,1005.0,1,1,36.7230179860676,53.2769820139324,252.5129646823702,761.6876150364401,779.9351774362874,136.54189055034135,3.1111111111111107,57.386108648732716
2023-06-30 16:00:00+05:00,35.0,9,0.0,340,11.2,1004.0,1,1,47.76366615050832,42.23633384949168,264.8719822055636,612.8767043804456,729.4358839502954,122.5570283303354,3.1111111111111107,53.522653332954235
2023-06-30 17:00:00+05:00,34.4,16,0.0,300,3.6,1000.4,1,1,59.01563715078196,30.984362849218037,274.8163293840311,434.08368665255546,642.7978755720712,103.16869337451624,1.0,53.23916607642718
2023-06-30 18:00:00+05:00,34.0,12,0.0,310,11.2,1003.0,1,1,70.11145587995202,19.888544120047985,283.86738659580436,242.04638563416103,488.3989844948918,75.89718318553909,3.1111111111111107,40.032252935407485
2023-06-30 19:00:00+05:00,33.0,12,0.0,310,7.6,1004.0,1,1,80.75395796012918,9.24604203987082,292.8687712452121,66.98533979529147,205.72590746391464,33.93045632667663,2.111111111111111,32.929032599894924
2023-06-30 20:00:00+05:00,30.0,25,0.0,130,3.6,1000.7,1,1,90.24853008898148,-0.2485300889814714,302.4094276500087,0.0,0.0,0.0,1.0,25.953795484104774
2023-06-30 21:00:00+05:00,28.0,28,0.0,180,11.2,1004.0,0,1,99.75125637868696,-9.751256378686964,312.97101870636106,0.0,0.0,0.0,3.1111111111111107,25.24299745388356
2023-06-30 22:00:00+05:00,28.0,25,0.0,50,3.6,1004.0,0,1,107.1619542784733,-17.161954278473306,324.9317445512562,0.0,0.0,0.0,1.0,23.7263780253773
2023-06-30 23:00:00+05:00,24.4,41,0.0,40,3.6,1002.0,0,1,112.52025001093564,-22.520250010935655,338.4431502773235,0.0,0.0,0.0,1.0,19.74982500373477
2023-07-01 00:00:00+05:00,24.0,31,0.0,80,7.6,1004.0,0,1,115.28936430445854,-25.289364304458545,353.2219845714071,0.0,0.0,0.0,2.111111111111111,20.376693141554313
2023-07-01 01:00:00+05:00,23.0,36,0.0,70,11.2,1004.0,0,1,115.12563651147438,-25.125636511474383,8.464020219702036,0.0,0.0,0.0,3.1111111111111107,19.933489386194765
2023-07-01 02:00:00+05:00,20.7,43,0.0,10,3.6,1002.4,0,1,112.05087388828744,-22.050873888287427,23.13543479090015,0.0,0.0,0.0,1.0,15.705461121666247
2023-07-01 03:00:00+05:00,22.0,33,0.0,70,11.2,1004.0,0,1,106.44024961715806,-16.44024961715806,36.482574363568915,0.0,0.0,0.0,3.1111111111111107,18.878116827573024
2023-07-01 04:00:00+05:00,20.0,37,0.0,90,11.2,1004.0,0,1,98.83890906207824,-8.838909062078237,48.2790373347018,0.0,0.0,0.0,3.1111111111111107,16.7736652616058
2023-07-01 05:00:00+05:00,20.0,43,0.0,90,3.6,1003.0,0,1,89.35528847516159,0.6447115248384071,58.71103454939026,0.0761641922654222,0.2603671426959644,0.0732345147790666,1.0,14.949363406990926
2023-07-01 06:00:00+05:00,22.0,35,0.0,70,11.2,1005.0,0,1,79.62210372998115,10.377896270018844,68.17219235273558,83.30034786520474,242.94754860545697,39.535852548962275,3.1111111111111107,21.853466003933306
2023-07-01 07:00:00+05:00,26.0,28,0.0,70,11.2,1005.0,0,1,68.91438932482362,21.08561067517638,77.15411784077986,262.7196011702533,509.0589099309643,79.57929824387071,3.1111111111111107,32.341045389953365
2023-07-01 08:00:00+05:00,27.6,30,0.0,80,3.6,1002.3,0,1,57.78884661864658,32.21115338135342,86.26443744282255,454.287694120147,653.7127357126998,105.83201117227986,1.0,47.24847475709987
2023-07-01 09:00:00+05:00,29.0,22,0.0,160,11.2,1005.0,0,1,46.54234778645252,43.45765221354748,96.39479928766376,630.430594328647,735.4168437950633,124.59746229078372,3.1111111111111107,47.96769346635489
2023-07-01 10:00:00+05:00,31.0,18,0.0,160,7.6,1005.0,0,1,35.564279476428645,54.435720523571355,109.1933687254364,775.0902293584874,783.0927515175047,138.07284151115255,2.111111111111111,59.16682354809814
2023-07-01 11:00:00+05:00,32.4,17,0.0,210,3.6,1001.6,0,1,25.659538677080008,64.34046132291999,128.31121989199448,876.8606903136379,809.8317626413852,146.89207468439304,1.0,72.31135261160478
2023-07-01 12:00:00+05:00,34.0,14,0.0,50,7.6,1005.0,0,1,18.990927365951976,71.00907263404802,160.78483905972485,928.1340821347244,821.6780835328578,151.17984088490016,2.111111111111111,67.94600633939137
2023-07-01 13:00:00+05:00,35.0,14,0.0,290,11.2,1004.0,1,1,19.437458437407628,70.56254156259237,203.53466854827775,925.1559770963944,821.0162737160094,150.93328092112654,3.1111111111111107,63.69313368561848
2023-07-01 14:00:00+05:00,36.2,16,0.0,210,3.6,1000.4,1,1,26.637667360872364,63.36233263912764,234.2387590216567,868.1383874917907,807.7165267104394,146.1531529364231,1.0,75.56583223008761
2023-07-01 15:00:00+05:00,37.0,13,0.0,80,7.6,1003.0,0,1,36.727999814252385,53.272000185747615,252.3832890423821,761.2529705605009,779.0753972025241,136.83689778753535,2.111111111111111,64.66463006994286
2023-07-01 16:00:00+05:00,37.0,13,0.0,340,7.6,1003.0,0,1,47.764382423569174,42.235617576430826,264.7667578361859,612.5115030299781,728.4986345003432,122.82857971592654,2.111111111111111,58.990015747197674
2023-07-01 17:00:00+05:00,37.0,16,0.0,270,7.2,999.1,0,1,59.016482794080275,30.983517205919725,274.72521745794353,433.7471723754616,641.7250193515652,103.39260982723812,2.0,52.35516086166825
2023-07-01 18:00:00+05:00,36.0,16,0.0,270,14.8,1003.0,0,1,70.11523888643191,19.884761113568093,283.7841947762252,241.71441987575432,487.1192673607104,76.03081093284038,4.111111111111112,41.29240226917727
2023-07-01 19:00:00+05:00,35.0,17,0.0,260,14.8,1003.0,1,1,80.76286065798793,9.237139342012073,292.7897299501559,66.71117085150479,204.38186391921383,33.90358568035984,4.111111111111112,35.071258964428694
2023-07-01 20:00:00+05:00,33.3,23,0.0,220,3.6,999.7,1,1,90.84508209336086,-0.8450820933608549,302.33236250054216,0.0,0.0,0.0,1.0,29.658268824228344
2023-07-01 21:00:00+05:00,31.0,27,0.0,280,3.6,1003.0,0,1,99.77692683836436,-9.77692683836436,312.89524403131236,0.0,0.0,0.0,1.0,27.072484676462636
2023-07-01 22:00:00+05:00,30.0,27,0.0,70,11.2,1003.0,0,1,107.198916387362,-17.198916387362004,324.85845761604605,0.0,0.0,0.0,3.1111111111111107,27.382586307136705
2023-07-01 23:00:00+05:00,26.6,41,0.0,60,3.6,1001.3,0,1,112.56966798947828,-22.569667989478273,338.3758849257613,0.0,0.0,0.0,1.0,22.17498315009425
2023-07-02 00:00:00+05:00,27.0,37,0.0,68,3.6,1004.0,0,1,115.350852036239,-25.350852036239008,353.1660749517474,0.0,0.0,0.0,1.0,22.617589660280373
2023-07-02 01:00:00+05:00,26.0,34,0.0,60,11.2,1003.0,1,1,115.19684717952812,-25.196847179528127,8.424225711929012,0.0,0.0,0.0,3.1111111111111107,23.11254718252809
2023-07-02 02:00:00+05:00,24.0,41,0.0,20,3.6,1001.7,5,1,112.12820733697004,-22.128207336970036,23.113280066731026,0.0,0.0,0.0,1.0,19.310539714104834
2023-07-02 03:00:00+05:00,25.0,34,0.0,50,7.6,1003.0,4,3,106.5202374391242,-16.520237439124198,36.47618150332721,0.0,0.0,0.0,2.111111111111111,21.450276815696043
2023-07-02 04:00:00+05:00,24.0,36,0.0,70,11.2,1003.0,4,2,98.91911912696855,-8.919119126968546,48.28510078946812,0.0,0.0,0.0,3.1111111111111107,20.990998990357866
2023-07-02 05:00:00+05:00,22.6,45,0.0,350,3.6,1002.2,5,2,89.42429916672742,0.5757008332725743,58.72658144723232,0.0590833788972779,0.2057659223112826,0.057015903410006,1.0,17.78031054528259
2023-07-02 06:00:00+05:00,25.0,32,0.0,70,11.2,1005.0,3,2,79.69913653409233,10.300863465907677,68.19524812404933,81.98658390196408,239.2992302201056,39.19580326677859,3.1111111111111107,24.958575479302908
2023-07-02 07:00:00+05:00,28.0,26,0.0,90,7.6,1005.0,3,2,68.99045869575156,21.009541304248447,77.18368197808843,261.1172952672996,506.5273984559599,79.51536456446846,2.111111111111111,35.62160154450078
2023-07-02 08:00:00+05:00,29.0,33,0.0,90,3.6,1002.5,2,2,57.864219896663165,32.135780103336835,86.30015719187566,452.71083185185,651.9572138337146,105.91686941262668,1.0,48.5957187130644
2023-07-02 09:00:00+05:00,33.0,21,0.0,109,3.6,1005.0,0,2,46.61805511836072,43.38194488163928,96.43616138656006,628.9793137043818,734.085643491211,124.76633684922348,1.0,61.28458293856278
2023-07-02 10:00:00+05:00,34.0,19,0.0,250,7.6,1005.0,0,2,35.64196715084893,54.35803284915107,109.2366657958915,773.8097146031192,782.0044317500979,138.29492125090428,2.111111111111111,62.116769336658024
2023-07-02 11:00:00+05:00,35.6,19,0.0,200,3.6,1001.3,2,2,25.74073544975765,64.25926455024235,128.33579069712653,875.7691896122616,808.8862007531301,147.14999930145473,1.0,75.33165538238802
2023-07-02 12:00:00+05:00,37.0,15,0.0,270,14.8,1005.0,2,2,19.069599964885015,70.93040003511499,160.71275158455933,927.2305278074848,820.8131335239619,151.4616534960653,4.111111111111112,61.96214181863604
2023-07-02 13:00:00+05:00,37.0,15,0.0,250,14.8,1005.0,2,2,19.489155214483983,70.51084478551601,203.34239034320103,924.4234865619288,820.1875694997481,151.22884580546804,4.111111111111112,61.88355467092066
2023-07-02 14:00:00+05:00,37.2,17,0.0,180,3.6,1001.1,1,2,26.66113994197368,63.33886005802632,234.062337776541,867.5472585191463,806.8865847400436,146.45214181309166,1.0,76.50861993208076
2023-07-02 15:00:00+05:00,38.0,17,0.0,220,18.4,1005.0,1,1,36.73809528482488,53.26190471517512,252.24596112613932,760.7641888076276,778.2057680728902,137.12711872990326,5.111111111111111,55.89873060915181
2023-07-02 16:00:00+05:00,38.0,15,0.0,260,18.4,1005.0,2,1,47.769891945802414,42.230108054197586,264.6549520824005,612.0814601425853,727.5415930728603,123.09364151721712,5.111111111111111,52.16707495550952
2023-07-02 17:00:00+05:00,37.4,18,0.0,60,3.6,1000.9,2,1,59.02208155911484,30.97791844088516,274.6284161496614,433.3351519892982,640.6120715296927,103.60719381359928,1.0,56.34426599855556
2023-07-02 18:00:00+05:00,37.0,15,0.0,220,11.2,1005.0,3,2,70.12391065646183,19.87608934353817,283.6959972821874,241.29973661606996,485.75439520217816,76.14949884012142,3.1111111111111107,43.19920871650305
2023-07-02 19:00:00+05:00,36.0,15,0.0,220,11.2,1005.0,4,2,80.77688458946761,9.223115410532388,292.70624364818104,66.36623648158967,202.87011100701437,33.85033175068781,3.1111111111111107,36.15061741001972
2023-07-02 20:00:00+05:00,33.8,21,0.0,120,3.6,1001.8,6,2,90.86689120831356,-0.8668912083135596,302.2513917180899,0.0,0.0,0.0,1.0,30.222782490495433
2023-07-02 21:00:00+05:00,32.0,28,0.0,150,7.6,1006.0,6,2,99.80853782772095,-9.80853782772095,312.8161991052755,0.0,0.0,0.0,2.111111111111111,29.03929685219026
2023-07-02 22:00:00+05:00,30.0,29,0.0,150,11.2,1006.0,5,2,107.24222672869662,-17.24222672869662,324.7827655310318,0.0,0.0,0.0,3.1111111111111107,27.382586307136705
2023-07-02 23:00:00+05:00,27.6,41,0.0,60,7.2,1003.6,7,2,112.62573942020016,-22.62573942020016,338.30741929435635,0.0,0.0,0.0,2.0,24.176824645512795
2023-07-03 00:00:00+05:00,28.0,32,0.0,90,7.6,1006.0,5,2,115.4190743888728,-25.419074388872797,353.1104909279268,0.0,0.0,0.0,2.111111111111111,24.68662218819958
2023-07-03 01:00:00+05:00,28.0,32,0.0,100,14.8,1006.0,5,2,115.27456757744062,-25.274567577440617,8.386372368423167,0.0,0.0,0.0,4.111111111111112,25.639019258010535
2023-07-03 02:00:00+05:00,27.6,36,0.0,110,3.6,1003.7,8,2,112.21154848641984,-22.21154848641984,23.094448572041756,0.0,0.0,0.0,1.0,23.282471957621567
2023-07-03 03:00:00+05:00,28.0,35,0.0,110,7.6,1007.0,8,3,106.60557811817174,-16.605578118171735,36.474094139875206,0.0,0.0,0.0,2.111111111111111,24.68662218819958
2023-07-03 04:00:00+05:00,28.0,35,0.0,330,7.6,1008.0,0,3,99.00400813589312,-9.00400813589311,48.296107811930824,0.0,0.0,0.0,2.111111111111111,24.68662218819958
2023-07-03 05:00:00+05:00,27.5,35,0.0,80,3.6,1005.0,7,3,89.49654021211603,0.5034597878839648,58.747522346441315,0.0443558762883134,0.1594490518134237,0.0429548105650757,1.0,23.1740214361958
2023-07-03 06:00:00+05:00,27.0,34,0.0,34,3.6,1009.0,0,3,79.77971809421507,10.220281905784931,68.22411541797487,80.62763462907579,235.54055825508,38.834938322247545,1.0,27.035222511403276
2023-07-03 07:00:00+05:00,27.0,34,0.0,140,11.2,1009.0,0,3,69.06975132759084,20.930248672409167,77.21957221970501,259.46244599953616,503.9382737740846,79.43999567519478,3.1111111111111107,33.26984232894347
2023-07-03 08:00:00+05:00,29.0,31,0.0,210,11.2,1009.0,0,2,57.942635484529475,32.057364515470525,86.34293915269166,451.0875295278901,650.1757785733848,105.99499029521098,3.1111111111111107,41.921068859901936
2023-07-03 09:00:00+05:00,29.0,25,0.0,260,14.8,1010.0,4,2,46.696845079895645,43.303154920104355,96.48568852009272,627.4883915279297,732.7425821057575,124.93071766284856,4.111111111111112,45.27347464530823
2023-07-03 10:00:00+05:00,31.0,19,0.0,200,11.2,1010.0,3,2,35.72312847148667,54.27687152851333,109.28973436864312,772.4944198946149,780.9107577934786,138.51365809896606,3.1111111111111107,54.70538303414685
2023-07-03 11:00:00+05:00,32.2,22,0.0,90,7.2,1006.7,3,2,25.826400938288472,64.17359906171153,128.37184617547814,874.6449238705362,807.938196864227,147.40510607721524,2.0,64.80784868882432
2023-07-03 12:00:00+05:00,35.0,18,0.0,10,7.6,1010.0,2,2,19.15444249188417,70.84555750811583,160.6497772944408,926.2930485900772,819.9465679580592,151.74072090351467,2.111111111111111,68.86401788592974
2023-07-03 13:00:00+05:00,36.0,15,0.0,300,18.4,1009.0,2,2,19.547704297029156,70.45229570297084,203.1476331181658,923.6527583798965,819.3564599890641,151.52135184051724,5.111111111111111,57.915777794469136
2023-07-03 14:00:00+05:00,36.3,17,0.0,240,7.2,1005.4,2,2,26.690529315213283,63.30947068478672,233.8781560553008,866.9107377738346,806.0516710422293,146.74738171606225,2.0,68.57279395573033
2023-07-03 15:00:00+05:00,37.0,16,0.0,320,22.3,1009.0,0,1,36.75335672889107,53.24664327110893,252.1011401244912,760.220607477684,777.3259552491933,137.41247113869963,6.194444444444445,52.8129214983594
2023-07-03 16:00:00+05:00,36.0,17,0.0,300,22.3,1009.0,0,1,47.78024336423239,42.21975663576761,264.5366744471608,611.585860109892,726.564287787714,123.35210178293032,6.194444444444445,48.45923292144181
2023-07-03 17:00:00+05:00,36.2,20,0.0,240,14.4,1004.6,1,1,59.03247564031798,30.967524359682017,274.52601192961197,432.84694662357214,639.4583434370268,103.81228507005454,4.0,47.234886672963
2023-07-03 18:00:00+05:00,36.0,19,0.0,320,18.4,1008.0,1,1,70.13750577801781,19.862494221982185,283.6028688186075,240.8018282089626,484.3033846329841,76.25298980546515,5.111111111111111,40.622203543963906
2023-07-03 19:00:00+05:00,35.0,20,0.0,320,18.4,1009.0,1,1,80.79605545861524,9.203944541384754,292.6183806612052,65.95060247517695,201.1906178457901,33.770334778273444,5.111111111111111,35.04268128467851
2023-07-03 20:00:00+05:00,32.5,26,0.0,280,10.8,1005.4,1,1,90.89424470136883,-0.8942447013688478,302.1665799854876,0.0,0.0,0.0,3.0,30.02463607279833
2023-07-03 21:00:00+05:00,32.0,21,0.0,360,18.4,1009.0,0,1,99.8460964189091,-9.846096418909104,312.7339463175532,0.0,0.0,0.0,5.111111111111111,30.146946478866823
2023-07-03 22:00:00+05:00,31.0,21,0.0,10,22.3,1009.0,0,1,107.29188171309076,-17.291881713090778,324.7047290533185,0.0,0.0,0.0,6.194444444444445,29.31862151756536
2023-07-03 23:00:00+05:00,28.3,24,0.0,320,10.8,1006.2,1,1,112.68844961625692,-22.688449616256932,338.2378131190213,0.0,0.0,0.0,3.0,25.51138644358349
2023-07-04 00:00:00+05:00,30.0,21,0.0,20,14.8,1009.0,1,1,115.49400525267627,-25.49400525267628,353.05529171232,0.0,0.0,0.0,4.111111111111112,27.756992572378806
2023-07-04 01:00:00+05:00,29.0,22,0.0,20,18.4,1008.0,1,1,115.3587600949341,-25.35876009493409,8.350517691567234,0.0,0.0,0.0,5.111111111111111,26.985562619225902
2023-07-04 02:00:00+05:00,26.3,28,0.0,300,10.8,1006.0,1,1,112.30084914425171,-22.30084914425171,23.078992293217425,0.0,0.0,0.0,3.0,23.376808876095595
2023-07-04 03:00:00+05:00,29.0,22,0.0,20,18.4,1008.0,0,1,106.69621523928411,-16.696215239284125,36.47635460167902,0.0,0.0,0.0,5.111111111111111,26.985562619225902
2023-07-04 04:00:00+05:00,28.0,25,0.0,10,18.4,1008.0,0,1,99.09351459103912,-9.093514591039124,48.31208906207007,0.0,0.0,0.0,5.111111111111111,25.93538483098979
2023-07-04 05:00:00+05:00,25.3,31,0.0,300,10.8,1005.8,1,1,89.57191000776889,0.4280899922311055,58.773876295760374,0.0319689215611566,0.1209898237790878,0.0310649448413625,3.0,22.314101131082055
2023-07-04 06:00:00+05:00,29.0,23,0.0,20,18.4,1008.0,1,1,79.86378418741565,10.13621581258435,68.25880244888464,79.22524407903482,231.67347880212972,38.45326464795093,5.111111111111111,29.071173660232205
2023-07-04 07:00:00+05:00,29.0,23,0.0,20,18.4,1006.6,1,1,69.1522056170659,20.84779438293409,77.26178628605533,257.75617818951076,501.2916478339141,79.35317713344364,5.111111111111111,33.74341385268309
2023-07-04 08:00:00+05:00,28.7,28,0.0,310,7.2,1005.8,2,1,58.024034828285096,31.975965171714904,86.39276957144097,449.4186530444613,648.3684666008686,106.0663963719017,2.0,44.354397457296216
2023-07-04 09:00:00+05:00,32.0,20,0.0,10,22.3,1009.0,1,1,46.77866274957528,43.22133725042472,96.54335205647952,625.9584456829008,731.3876517837617,125.0906289710581,6.194444444444445,44.66567430313182
2023-07-04 10:00:00+05:00,33.0,17,0.0,10,22.3,1009.0,1,1,35.80771160169155,54.19228839830845,109.35252396006656,771.1447005968614,779.8116771761693,138.72906478513335,6.194444444444445,48.956305984994174
2023-07-04 11:00:00+05:00,33.4,20,0.0,260,10.8,1005.8,6,1,25.916482282446974,64.08351771755302,128.41931687160314,873.4879821564236,806.9876554920672,147.6573910560394,3.0,60.88876054740126
2023-07-04 12:00:00+05:00,33.0,16,0.0,310,22.3,1009.0,1,1,19.245399517385124,70.75460048261488,160.59599884964587,925.3214804282468,819.0782470016276,152.0170204132652,6.194444444444445,52.40294069630886
2023-07-04 13:00:00+05:00,34.0,14,0.0,300,18.4,1009.0,2,1,19.613102796454697,70.3868972035453,202.9508039478087,922.8434060769148,818.5227544348338,151.8107568058782,5.111111111111111,55.86253791289033
2023-07-04 14:00:00+05:00,34.0,16,0.0,260,7.2,1005.0,2,1,26.725879257079328,63.27412074292067,233.686492045136,866.2282632051965,805.2115296634939,147.0388101858988,2.0,66.26174504290765
2023-07-04 15:00:00+05:00,34.0,14,0.0,300,18.4,1008.0,2,2,36.77383538694158,53.22616461305842,251.948987500152,759.6215498464744,776.4356109553303,137.6928700438525,5.111111111111111,51.764237107251176
2023-07-04 16:00:00+05:00,34.0,14,0.0,310,18.4,1008.0,2,2,47.79548408555426,42.20451591444574,264.4120349663268,611.0239850840186,725.5662305271167,123.6038459678025,5.111111111111111,48.00480826703739
2023-07-04 17:00:00+05:00,34.2,16,0.0,270,14.4,1004.0,2,2,59.047705812494186,30.95229418750581,274.4180907541843,432.2818872155726,638.2631192697226,104.00771975693442,4.0,45.129457902054696
2023-07-04 18:00:00+05:00,34.0,15,0.0,300,22.3,1007.0,2,2,70.15605730799238,19.843942692007616,283.5048828554122,240.220213135181,482.765192963636,76.34101878984927,6.194444444444445,37.9771934132977
2023-07-04 19:00:00+05:00,33.0,15,0.0,300,18.4,1008.0,2,2,80.82039733572036,9.179602664279642,292.52620748157824,65.46442565323193,199.3433605298109,33.66322790812774,5.111111111111111,32.91573077820317
2023-07-04 20:00:00+05:00,30.8,23,0.0,260,7.2,1004.7,2,2,90.9271583041178,-0.927158304117792,302.0779896085423,0.0,0.0,0.0,2.0,27.658983639385838
2023-07-04 21:00:00+05:00,30.0,19,0.0,310,11.2,1008.0,0,1,99.88960864026876,-9.889608640268763,312.6485451985179,0.0,0.0,0.0,3.1111111111111107,27.382586307136705
2023-07-04 22:00:00+05:00,30.0,21,0.0,350,7.6,1008.0,0,1,107.34787718771778,-17.347877187717778,324.6244057793118,0.0,0.0,0.0,2.111111111111111,26.857492337694566
2023-07-04 23:00:00+05:00,25.0,35,0.0,40,7.6,1006.0,1,1,112.7577839260642,-22.75778392606421,338.16712304885954,0.0,0.0,0.0,2.111111111111111,21.450276815696043
2023-07-05 00:00:00+05:00,26.0,30,0.0,90,11.2,1008.0,1,1,115.57561914471648,-25.575619144716487,353.0005339831522,0.0,0.0,0.0,3.1111111111111107,23.11254718252809
2023-07-05 01:00:00+05:00,24.0,34,0.0,90,11.2,1008.0,1,1,115.44938820198212,-25.449388201982114,8.316717442837557,0.0,0.0,0.0,3.1111111111111107,20.990998990357866
2023-07-05 02:00:00+05:00,22.8,41,0.0,30,3.6,1005.8,1,1,112.3960625047079,-22.396062504707903,23.06696209230654,0.0,0.0,0.0,1.0,17.995696727394886
2023-07-05 03:00:00+05:00,23.0,36,0.0,70,11.2,1007.0,1,1,106.79209403008755,-16.792094030087547,36.48300435510305,0.0,0.0,0.0,3.1111111111111107,19.933489386194765
2023-07-05 04:00:00+05:00,23.0,36,0.0,90,7.6,1006.0,1,2,99.18757891727992,-9.187578917279929,48.33307436366704,0.0,0.0,0.0,2.111111111111111,19.305656461254557
2023-07-05 05:00:00+05:00,21.8,43,0.0,250,3.6,1005.8,2,2,89.65031208474626,0.3496879152537395,58.80566142826183,0.0218370638915327,0.0897684499173878,0.0212891919977652,1.0,16.904646297660634
2023-07-05 06:00:00+05:00,23.0,38,0.0,120,3.6,1005.9,1,1,79.95127312136512,10.04872687863488,68.29931638910932,77.78114951253293,227.69992767843004,38.05078211446594,1.0,22.54290587365938
2023-07-05 07:00:00+05:00,26.0,32,0.0,50,7.6,1005.7,1,1,69.23776298949798,20.76223701050202,77.31032064872971,255.9995633474626,498.5875628644787,79.25488301588982,2.111111111111111,33.31376113124958
2023-07-05 08:00:00+05:00,27.8,32,0.0,100,3.6,1005.0,2,1,58.108362882743464,31.891637117256533,86.44963304640152,447.7050057417649,646.5352734300963,106.13110206685968,1.0,47.119495955287505
2023-07-05 09:00:00+05:00,31.0,21,0.0,190,11.2,1007.0,1,1,46.86345726182453,43.13654273817547,96.6091208108286,624.3900293323939,730.0208169605564,125.24608821157568,3.1111111111111107,49.802383670758786
2023-07-05 10:00:00+05:00,32.0,21,0.0,220,7.6,1007.0,2,1,35.89566934614218,54.10433065385782,109.42497917719676,769.7608487534616,778.7071163337131,138.94114795044345,2.111111111111111,59.959450333652796
2023-07-05 11:00:00+05:00,32.7,23,0.0,210,3.6,1003.9,6,2,26.01093148002576,63.98906851997424,128.4781217491638,872.2983943210947,806.0344636522707,147.90684474443503,1.0,72.38874831471475
2023-07-05 12:00:00+05:00,33.0,20,0.0,260,14.8,1007.0,2,2,19.342418366207312,70.65758163379269,160.55147503232888,924.3156062768074,818.2080152852575,152.290524305321,4.111111111111112,57.83251061403553
2023-07-05 13:00:00+05:00,34.0,19,0.0,250,18.4,1006.0,2,2,19.685347025297062,70.31465297470294,202.75230196726423,921.9949980205356,817.6862473958618,152.09701394150636,5.111111111111111,55.84131971528103
2023-07-05 14:00:00+05:00,33.0,22,0.0,240,3.6,1002.8,6,2,26.76723316970128,63.23276683029872,233.48762769260284,865.4992364942806,804.3658896794218,147.32636063441782,1.0,72.36421018695438
2023-07-05 15:00:00+05:00,34.0,18,0.0,300,14.8,1005.0,6,3,36.79958237792905,53.20041762207095,251.78966681178264,758.9663123457068,775.5343704326274,137.9682265609473,4.111111111111112,54.15564531150545
2023-07-05 16:00:00+05:00,34.0,18,0.0,280,18.4,1005.0,5,3,47.81566124953722,42.18433875046278,264.28114408427496,610.3951000575746,724.5469104869936,123.84875534243884,5.111111111111111,47.98884054780467
2023-07-05 17:00:00+05:00,34.2,21,0.0,260,10.8,1001.5,2,3,59.06781240292898,30.932187597071024,274.30473801127874,431.63929793793665,637.0256450737232,104.19332825849555,3.0,46.884781922055765
2023-07-05 18:00:00+05:00,33.0,16,0.0,280,18.4,1005.0,5,2,70.17959773368221,19.820402266317792,283.40211165649964,239.55441952966083,481.1386983251881,76.41330947016729,5.111111111111111,37.441425966389716
2023-07-05 19:00:00+05:00,32.0,17,0.0,250,18.4,1005.0,5,2,80.84993358741562,9.150066412584383,292.42978890065996,64.9079436456796,197.32830060226857,33.52863302936524,5.111111111111111,31.84685664218165
2023-07-05 20:00:00+05:00,30.8,23,0.0,210,3.6,1002.4,6,2,90.96564729849808,-0.9656472984980624,301.9856807662064,0.0,0.0,0.0,1.0,26.848478989696957
2023-07-05 21:00:00+05:00,30.0,24,0.0,200,3.6,1005.0,5,2,99.93908031729666,-9.93908031729665,312.5600528148864,0.0,0.0,0.0,1.0,25.953795484104774
2023-07-05 22:00:00+05:00,26.0,39,0.0,180,18.4,1006.0,0,2,107.41020917471036,-17.410209174710346,324.54185071267375,0.0,0.0,0.0,5.111111111111111,23.840299613641946
2023-07-05 23:00:00+05:00,25.8,38,0.0,150,3.6,1003.6,6,2,112.83372832071576,-22.83372832071576,338.0954033943026,0.0,0.0,0.0,1.0,21.29131735060446
2023-07-06 00:00:00+05:00,26.0,36,0.0,350,11.2,1006.0,4,2,115.66389159784651,-25.66389159784653,352.94627278269616,0.0,0.0,0.0,3.1111111111111107,23.11254718252809
2023-07-06 01:00:00+05:00,27.0,34,0.0,50,7.6,1006.0,4,2,115.54641661043873,-25.54641661043873,8.285026614827757,0.0,0.0,0.0,2.111111111111111,23.605210159731712
2023-07-06 02:00:00+05:00,25.4,42,0.0,20,3.6,1003.9,8,2,112.49714308606973,-22.49714308606971,23.05840865993775,0.0,0.0,0.0,1.0,20.85025411838052
2023-07-06 03:00:00+05:00,25.0,36,0.0,90,14.8,1006.0,7,17,106.89316110363296,-16.893161103632966,36.494084877484624,0.0,0.0,0.0,4.111111111111112,22.47693437067454
2023-07-06 04:00:00+05:00,25.0,39,0.0,80,18.4,1005.0,7,17,99.28614305343456,-9.286143053434577,48.35909347549881,0.0,0.0,0.0,5.111111111111111,22.795340913316068
2023-07-06 05:00:00+05:00,23.8,45,0.0,30,7.2,1003.6,3,4,89.73165760597688,0.2683423940231288,58.84289564762037,0.0138113113720777,0.0650231525061249,0.013506779262196,2.0,20.078327497159194
2023-07-06 06:00:00+05:00,25.0,39,0.0,70,11.2,1006.0,5,3,80.04212512407155,9.957874875928452,68.34566398991456,76.29709230678176,223.62186336851863,37.62748768211214,3.1111111111111107,24.75739671721766
2023-07-06 07:00:00+05:00,26.0,39,0.0,60,11.2,1004.3,5,3,69.32636722227892,20.67363277772109,77.36517112325373,254.19363198983095,495.8260037026714,79.14507775072312,3.1111111111111107,32.04462817319563
2023-07-06 08:00:00+05:00,28.0,39,0.0,110,3.6,1003.6,3,2,58.195567383084885,31.804432616915115,86.51351313699337,445.9473408277937,644.6761601244162,106.18911501446983,1.0,47.23452892076142
2023-07-06 09:00:00+05:00,29.0,29,0.0,220,14.8,1003.6,3,2,46.95118104139081,43.04881895860919,96.68296175012694,622.783642237622,728.6420183373766,125.39710704781704,4.111111111111112,45.13682157873029
2023-07-06 10:00:00+05:00,30.0,29,0.0,210,14.8,1003.7,4,2,35.98695837335998,54.01304162664002,109.50704070437348,768.3431023204016,777.5969829933993,139.14990890430445,4.111111111111112,50.35784049141034
2023-07-06 11:00:00+05:00,29.1,29,0.0,70,3.6,1003.6,6,2,26.10970467098634,63.89029532901366,128.54816998555293,871.076137459608,805.0784921850247,148.15345260208653,1.0,68.91029613492765
2023-07-06 12:00:00+05:00,31.0,29,0.1,170,11.2,1003.5,4,2,19.445448739360486,70.55455126063951,160.5162437491074,923.2751594221118,817.3357024228603,152.56120005697676,3.1111111111111107,59.634634798326715
2023-07-06 13:00:00+05:00,32.0,26,0.6,190,14.8,1003.2,5,2,19.764432519754862,70.23556748024514,202.55251983533373,921.1070575302078,816.8467185318265,152.38007190405642,4.111111111111112,56.73442789084794
2023-07-06 14:00:00+05:00,33.0,26,0.0,180,10.8,1002.6,5,2,26.814634313395153,63.18536568660485,233.28185007389516,864.723020172518,803.5144642068861,147.609962039582,3.0,60.198431691770566
2023-07-06 15:00:00+05:00,28.0,42,0.0,190,3.6,1003.0,5,2,36.83064908022168,53.16935091977832,251.62334495038715,758.2541592278698,774.6218499686726,138.23844733313,1.0,62.55342008360873
2023-07-06 16:00:00+05:00,29.0,40,0.0,234,3.6,1002.9,5,2,47.84082217123627,42.15917782876373,264.1441137334307,609.6984458160979,723.505790746453,124.08670616826691,1.0,56.36841685269593
2023-07-06 17:00:00+05:00,28.8,38,0.0,40,10.8,1003.5,6,3,59.09283573272928,30.90716426727072,274.1860395136472,430.91848858291104,635.7451229606886,104.36893402888722,3.0,41.25256123570017
2023-07-06 18:00:00+05:00,28.0,40,0.3,90,22.3,1003.4,6,3,70.20815937722229,19.79184062277771,283.294627252924,238.8039785279497,479.4226901793173,76.46957252572489,6.194444444444445,31.71116118270743
2023-07-06 19:00:00+05:00,28.0,45,0.0,100,15.0,1007.0,6,3,80.8846871952975,9.115312804702498,292.3291890019097,64.28147377501868,195.1453863290565,33.36615983353727,4.166666666666667,27.58180781517291
2023-07-06 20:00:00+05:00,27.0,48,0.0,150,14.8,1007.0,6,3,91.00972673298786,-1.0097267329878543,301.88971255839056,0.0,0.0,0.0,4.111111111111112,24.583035248813417
2023-07-06 21:00:00+05:00,26.0,51,0.0,90,11.2,1007.0,6,25,99.99451713366862,-9.99451713366862,312.4685248900908,0.0,0.0,0.0,3.1111111111111107,23.11254718252809
2023-07-06 22:00:00+05:00,26.0,42,0.0,150,3.6,1007.0,6,3,107.47887373107062,-17.478873731070617,324.4571174521587,0.0,0.0,0.0,1.0,21.51204101317626
2023-07-06 23:00:00+05:00,22.3,57,0.0,320,21.6,1006.4,6,3,112.91626901100356,-22.916269011003568,338.0227073391752,0.0,0.0,0.0,6.0,20.216973102894144
2023-07-07 00:00:00+05:00,23.0,57,0.0,40,26.0,1009.0,5,2,115.75879851212446,-25.758798512124457,352.89256265883307,0.0,0.0,0.0,7.222222222222222,21.193190224319153
2023-07-07 01:00:00+05:00,22.0,60,0.0,50,22.3,1008.0,4,2,115.6498103755086,-25.649810375508594,8.255500400299297,0.0,0.0,0.0,6.194444444444445,19.951832771811837
2023-07-07 02:00:00+05:00,20.8,65,0.0,30,10.8,1006.7,5,2,112.6040456322674,-22.6040456322674,23.05338323276692,0.0,0.0,0.0,3.0,17.552858323443786
2023-07-07 03:00:00+05:00,22.0,53,0.0,60,22.3,1007.0,5,18,106.9993632214157,-16.9993632214157,36.50963811751012,0.0,0.0,0.0,6.194444444444445,19.951832771811837
2023-07-07 04:00:00+05:00,22.0,50,0.0,50,22.3,1007.0,5,18,99.38914913176284,-9.38914913176283,48.39017632714467,0.0,0.0,0.0,6.194444444444445,19.951832771811837
2023-07-07 05:00:00+05:00,21.0,51,0.0,180,10.8,1006.2,3,18,89.81586833360002,0.1841316663999838,58.88559668698133,0.0076910699603589,0.0459045698825884,0.0075435465219782,3.0,17.763772683984826
2023-07-07 06:00:00+05:00,23.0,44,0.0,40,18.4,1008.0,5,18,80.13628095205621,9.863719047943796,68.39785150495806,74.77484006418909,219.4413268564327,37.18338368457319,5.111111111111111,22.70018528750512
2023-07-07 07:00:00+05:00,25.0,39,0.0,40,18.4,1009.0,5,2,69.41796302772002,20.58203697227998,77.42633268509468,252.3393988602551,493.006923903588,79.02372023325759,5.111111111111111,29.459801429439267
2023-07-07 08:00:00+05:00,25.0,40,0.0,260,7.2,1006.9,2,2,58.28559740535243,31.714402594647567,86.58439209569838,444.1463856881975,642.7910671204348,106.24043886193846,2.0,40.34655959589276
2023-07-07 09:00:00+05:00,28.0,30,0.0,30,22.3,1010.0,3,2,47.04178832967828,42.95821167032172,96.76483969017652,621.1397524694353,727.2511809812003,125.54369345260476,6.194444444444445,40.46495274247627
2023-07-07 10:00:00+05:00,29.0,29,0.0,30,18.4,1010.0,3,2,36.08153768425322,53.91846231574678,109.59864513402856,766.8916633885306,776.4811712387915,139.35534520320675,5.111111111111111,46.85608658080446
2023-07-07 11:00:00+05:00,28.6,32,0.4,350,10.8,1007.1,3,2,26.21276055614384,63.78723944385616,128.62936158380046,869.8211501303028,804.11959900645,148.39719620185167,3.0,55.97495337931133
2023-07-07 12:00:00+05:00,31.0,27,0.0,340,11.2,1010.0,4,2,19.554441337920835,70.44555866207916,160.4903246984693,922.1998335598204,816.4611250577867,152.82901113252717,3.1111111111111107,59.599702299429055
2023-07-07 13:00:00+05:00,31.0,27,0.0,60,11.2,1009.0,5,2,19.85035318780234,70.14964681219766,202.35184655825068,920.1790690331584,816.0039337523765,152.6598752275022,3.1111111111111107,59.53404816624311
2023-07-07 14:00:00+05:00,30.7,27,0.0,290,10.8,1006.1,6,2,26.868125413659733,63.13187458634027,233.06945439326608,863.8989404490292,802.6569508038231,147.8895391251309,3.0,57.86925001408309
2023-07-07 15:00:00+05:00,31.0,27,0.0,10,18.4,1009.0,6,18,36.867087039098685,53.132912960901315,251.4501947583642,757.4843229373638,773.6976465793105,138.50343448140313,5.111111111111111,48.649089347948234
2023-07-07 16:00:00+05:00,30.0,27,0.1,20,18.4,1009.0,6,18,47.87101437268417,42.12898562731583,264.0010595553323,608.9332379709371,722.4423071798823,124.31756946914165,5.111111111111111,43.84420319941387
2023-07-07 17:00:00+05:00,29.6,30,0.0,300,10.8,1005.7,6,18,59.122816165604014,30.877183834395986,274.0620834684563,430.11875356948934,634.4207091959119,104.53435321891044,3.0,42.05151525741849
2023-07-07 18:00:00+05:00,31.0,26,0.0,360,18.4,1009.0,6,18,70.24177438823287,19.75822561176713,283.1825032743271,237.96842487588685,477.6158675039659,76.50950514705784,5.111111111111111,35.31033137217594
2023-07-07 19:00:00+05:00,30.0,25,0.0,360,18.4,1009.0,6,3,80.92468063583395,9.075319364166043,292.2244729373396,63.58541854520462,192.79457080389335,33.17540729205082,5.111111111111111,29.70897930666166
2023-07-07 20:00:00+05:00,28.1,29,0.0,290,10.8,1006.6,6,3,91.05941114466424,-1.0594111446642451,301.7901447726744,0.0,0.0,0.0,3.0,25.297513001285495
2023-07-07 21:00:00+05:00,28.0,30,0.0,350,11.2,1010.0,5,2,100.05592413634172,-10.055924136341725,312.3740175836307,0.0,0.0,0.0,3.1111111111111107,25.24299745388356
2023-07-07 22:00:00+05:00,27.0,34,0.0,340,11.2,1010.0,4,2,107.55386617829582,-17.553866178295817,324.37025995300576,0.0,0.0,0.0,3.1111111111111107,24.176644785552924
2023-07-07 23:00:00+05:00,24.1,45,0.0,270,3.6,1007.2,5,2,113.00539136497306,-23.005391364973068,337.94908860649207,0.0,0.0,0.0,1.0,19.42031375617762
2023-07-08 00:00:00+05:00,24.0,44,0.0,40,7.6,1009.0,3,2,115.86031475754552,-25.860314757545513,352.8394591088912,0.0,0.0,0.0,2.111111111111111,20.376693141554313
2023-07-08 01:00:00+05:00,23.0,50,0.0,40,11.2,1009.0,2,2,115.75953322920792,-25.75953322920791,8.228195277476175,0.0,0.0,0.0,3.1111111111111107,19.933489386194765
2023-07-08 02:00:00+05:00,20.3,62,0.0,30,7.2,1008.0,2,2,112.71672326244098,-22.716723262440983,23.05193825741435,0.0,0.0,0.0,2.0,16.33536575699401
2023-07-08 03:00:00+05:00,19.0,64,0.0,90,14.8,1009.0,0,1,107.11064535108068,-17.11064535108067,36.52970676283252,0.0,0.0,0.0,4.111111111111112,16.203595309107754
2023-07-08 04:00:00+05:00,20.0,56,0.0,80,11.2,1010.0,1,1,99.49653750593129,-9.496537505931272,48.42635297787581,0.0,0.0,0.0,3.1111111111111107,16.7736652616058
2023-07-08 05:00:00+05:00,19.8,61,0.0,30,3.6,1008.4,2,1,89.90288068272635,0.0971193172736558,58.933781835794946,0.0032381742591351,0.0315294612841304,0.0031847302129314,1.0,14.728239380696493
2023-07-08 06:00:00+05:00,21.0,56,0.0,90,7.6,1011.0,1,1,80.23367995580647,9.766320044193534,68.45588424477205,73.21621597857806,215.1605206772558,36.7184892432204,2.111111111111111,20.334206183759022
2023-07-08 07:00:00+05:00,24.0,47,0.0,100,7.6,1011.0,1,1,69.51249412948961,20.48750587051039,77.49379888481013,250.43789692104892,490.1302819922262,78.89076963762278,2.111111111111111,30.994723050383243
2023-07-08 08:00:00+05:00,25.1,47,0.0,100,3.6,1008.9,1,1,58.37840143826479,31.62159856173521,86.66225017492013,442.30287442600616,640.8799333088632,106.28507714616096,1.0,44.104366089884195
2023-07-08 09:00:00+05:00,28.0,32,0.0,190,7.6,1011.0,1,1,47.13523323178769,42.86476676821231,96.85471653821172,619.4588252718736,725.8482254237795,125.68585454934517,2.111111111111111,50.093236794057304
2023-07-08 10:00:00+05:00,29.0,31,0.0,190,7.6,1011.0,1,1,36.17936659811289,53.82063340188711,109.6997243232791,765.4067223262866,775.3595684292823,139.5574527884214,2.111111111111111,56.805126215559085
2023-07-08 11:00:00+05:00,30.4,30,0.0,220,3.6,1008.1,2,1,26.320058313835204,63.6799416861648,128.7215875786069,868.533351299472,803.1576335873593,148.638054808736,1.0,70.02399695611814
2023-07-08 12:00:00+05:00,31.0,26,0.0,330,11.2,1011.0,2,2,19.66934597617643,70.33065402382357,160.47372209624768,921.0892965889744,815.5840897833413,153.09391809232454,3.1111111111111107,59.56362261876308
2023-07-08 13:00:00+05:00,32.0,24,0.0,310,18.4,1010.0,3,2,19.943100061626296,70.0568999383737,202.15067106631835,919.210487143465,815.1576470420265,152.93636503266953,5.111111111111111,53.74511355741697
2023-07-08 14:00:00+05:00,32.5,22,0.0,220,3.6,1006.1,3,2,26.927748023541916,63.07225197645808,232.8507477713958,863.0262923293072,801.7930324331102,148.16501273749316,1.0,71.77194496368668
2023-07-08 15:00:00+05:00,34.0,19,0.0,350,18.4,1009.0,3,2,36.90894772186099,53.09105227813901,251.27039828831903,756.6560063285123,772.7613382180632,138.7630857195261,5.111111111111111,51.6894745205617
2023-07-08 16:00:00+05:00,34.0,18,0.0,80,14.8,1009.0,3,2,47.90628550472307,42.09371449527693,263.8521036230839,608.0986676253805,721.3558679699305,124.54121095978913,4.111111111111112,49.837380961954466
2023-07-08 17:00:00+05:00,33.9,22,0.0,230,3.6,1004.9,5,2,59.157794070717685,30.84220592928231,273.9329628569682,429.2393724175822,633.051513075312,104.68939446576276,1.0,52.47869964171832
2023-07-08 18:00:00+05:00,34.0,18,0.0,20,18.4,1008.0,3,2,70.28047466093331,19.719525339066696,283.06581712857906,237.0472989279423,475.71683830238425,76.53279075321973,5.111111111111111,38.424315194500366
2023-07-08 19:00:00+05:00,33.0,20,0.0,360,14.8,1008.0,3,2,80.96993568026285,9.030064319737154,292.1157090042121,62.82027267002372,190.27583471150055,32.955965781235435,4.111111111111112,32.82501246977631
2023-07-08 20:00:00+05:00,30.7,27,0.0,30,7.2,1005.2,2,2,91.1147141969241,-1.1147141969241012,301.68703991815465,0.0,0.0,0.0,2.0,27.549736020107673
2023-07-08 21:00:00+05:00,31.0,24,0.0,20,11.2,1009.0,2,2,100.12330514313976,-10.123305143139744,312.2765895034778,0.0,0.0,0.0,3.1111111111111107,28.4558816916703
2023-07-08 22:00:00+05:00,30.0,27,0.0,10,11.2,1008.0,2,2,107.63518022968312,-17.635180229683133,324.2813345012344,0.0,0.0,0.0,3.1111111111111107,27.382586307136705
2023-07-08 23:00:00+05:00,25.7,38,0.0,340,3.6,1006.1,1,2,113.10107871448882,-23.10107871448882,337.8746033056731,0.0,0.0,0.0,1.0,21.181003577322087
2023-07-09 00:00:00+05:00,27.0,34,0.0,50,14.8,1008.0,1,1,115.96841266185882,-25.968412661858828,352.7870201619925,0.0,0.0,0.0,4.111111111111112,24.583035248813417
2023-07-09 01:00:00+05:00,24.0,41,0.0,100,7.6,1008.0,1,1,115.8755458050092,-25.875545805009207,8.20317019436493,0.0,0.0,0.0,2.111111111111111,20.376693141554313
2023-07-09 02:00:00+05:00,22.3,50,0.0,50,3.6,1005.8,1,1,112.83512552478668,-22.835125524786697,23.05412812697,0.0,0.0,0.0,1.0,17.449169940232366
2023-07-09 03:00:00+05:00,24.0,41,0.0,100,7.6,1007.0,0,1,107.22694864240847,-17.226948642408484,36.55433457238678,0.0,0.0,0.0,2.111111111111111,20.376693141554313
2023-07-09 04:00:00+05:00,23.0,41,0.0,120,7.6,1007.0,1,1,99.6082447182464,-9.608244718246402,48.467653634139424,0.0,0.0,0.0,2.111111111111111,19.305656461254557
2023-07-09 05:00:00+05:00,20.8,54,0.0,90,3.6,1005.9,1,1,89.99265180980628,0.007348190193729,58.98746773356038,0.000192155806482,0.0210298815727154,0.0001894587218025,1.0,15.814224268220869
2023-07-09 06:00:00+05:00,23.0,47,0.0,80,11.2,1008.0,1,1,80.33425812681517,9.665741873184825,68.51976621177164,71.62312748909328,210.7818897678943,36.232852304324496,3.1111111111111107,22.486940752645523
2023-07-09 07:00:00+05:00,27.0,34,0.0,40,11.2,1008.0,1,1,69.6099013370311,20.390098662968892,77.56756137010382,248.49021128091988,487.19607908242034,78.7461914862067,3.1111111111111107,32.88917057744777
2023-07-09 08:00:00+05:00,27.8,34,0.0,340,3.6,1004.9,0,1,58.47392548025422,31.52607451974578,86.74706507099137,440.41758008985664,638.9427155473713,106.3230372467122,1.0,46.75103674681685
2023-07-09 09:00:00+05:00,31.0,26,0.0,40,7.6,1008.0,0,1,47.23146781076385,42.76853218923615,96.95255072626566,617.7413514457506,724.4330788745474,125.82359946264285,2.111111111111111,53.057623335118876
2023-07-09 10:00:00+05:00,32.0,24,0.0,290,14.8,1008.0,0,1,36.28040281891504,53.71959718108496,109.81020501323746,763.8884812586748,774.2320620865858,139.75622809608626,4.111111111111112,52.2590537291307
2023-07-09 11:00:00+05:00,31.9,28,0.0,250,7.2,1004.2,2,1,26.431555640822836,63.56844435917717,128.82473058702328,867.212658543517,802.192441340866,148.87600691459966,2.0,64.22545184707207
2023-07-09 12:00:00+05:00,33.0,23,0.0,270,14.8,1007.0,1,1,19.79010988738588,70.20989011261412,160.46642758688017,919.943203500456,814.7043959096378,153.3558796376309,4.111111111111112,57.70894741029406
2023-07-09 13:00:00+05:00,34.0,22,0.0,330,14.8,1007.0,2,2,20.0426602537422,69.9573397462578,201.9493854321765,918.200744636182,814.3076020588016,153.20947965058406,4.111111111111112,58.66918676278999
2023-07-09 14:00:00+05:00,34.0,22,0.0,240,3.6,1003.3,2,2,26.993542038499193,63.00645796150081,232.6260525166623,862.1043434324617,800.9223781062142,148.43630011313326,1.0,73.16881434501533
2023-07-09 15:00:00+05:00,35.0,19,0.0,30,11.2,1006.0,2,2,36.956282403974626,53.043717596025374,251.08414961727271,755.7683833161186,771.8124834986747,139.01729432456273,3.1111111111111107,58.209704629473606
2023-07-09 16:00:00+05:00,35.0,16,0.0,260,7.6,1006.0,2,2,47.94668340591178,42.05331659408822,263.6973767767546,607.1939000190619,720.2458522646,124.75749076270596,2.111111111111111,56.72767626795064
2023-07-09 17:00:00+05:00,35.0,19,0.0,230,3.6,1001.8,2,2,59.19780992814539,30.802190071854604,273.7987774484674,428.2796078487745,631.6365942554038,104.83385837410653,1.0,53.5790660087211
2023-07-09 18:00:00+05:00,35.0,16,0.0,350,11.2,1005.0,2,2,70.32429191636537,19.675708083634632,282.9446518293057,236.04014584492216,473.7241158311243,76.53909816955309,3.1111111111111107,40.88944087149292
2023-07-09 19:00:00+05:00,34.0,20,0.0,190,14.8,1005.0,2,2,81.02047338566803,8.97952661433197,292.0029703715019,61.986627896794744,187.5892047226893,32.70741849271796,4.111111111111112,33.864555400503434
2023-07-09 20:00:00+05:00,32.2,23,0.0,210,3.6,1002.5,2,2,91.1756485571736,-1.175648557173603,301.58046491373125,0.0,0.0,0.0,1.0,28.419349360346814
2023-07-09 21:00:00+05:00,31.0,26,0.0,250,7.6,1006.0,1,2,100.19666244647972,-10.196662446479738,312.1763033830359,0.0,0.0,0.0,2.111111111111111,27.947012375227132
2023-07-09 22:00:00+05:00,31.0,24,0.0,350,11.2,1006.0,1,1,107.72280747400588,-17.722807474005876,324.1904013702516,0.0,0.0,0.0,3.1111111111111107,28.4558816916703
2023-07-09 23:00:00+05:00,26.6,36,0.0,320,3.6,1003.4,0,1,113.20331158590524,-23.20331158590526,337.79931151242226,0.0,0.0,0.0,1.0,22.17498315009425
2023-07-10 00:00:00+05:00,27.0,30,0.0,60,11.2,1006.0,0,1,116.08306098467116,-26.083060984671143,352.7353077813849,0.0,0.0,0.0,3.1111111111111107,24.176644785552924
2023-07-10 01:00:00+05:00,24.0,44,0.0,110,7.6,1006.0,0,1,115.99780439389632,-25.997804393896335,8.18048768140494,0.0,0.0,0.0,2.111111111111111,20.376693141554313
2023-07-10 02:00:00+05:00,23.1,48,0.0,50,3.6,1004.3,0,1,112.959197009118,-22.959197009117993,23.060009948363582,0.0,0.0,0.0,1.0,18.32398562743333
2023-07-10 03:00:00+05:00,24.0,44,0.0,0,0.0,1006.0,0,1,107.34820897448724,-17.348208974487235,36.583566830626296,0.0,0.0,0.0,0.0,17.610297823175983
2023-07-10 04:00:00+05:00,23.0,44,0.0,90,7.6,1006.0,0,1,99.72420203793531,-9.724202037935331,48.51410886828376,0.0,0.0,0.0,2.111111111111111,19.305656461254557
2023-07-10 05:00:00+05:00,21.6,52,0.0,50,3.6,1004.6,0,1,90.08516877274236,-0.0851687727423576,59.046670433017994,0.0,0.0,0.0,1.0,16.68533067585315
2023-07-10 06:00:00+05:00,24.0,38,0.0,70,11.2,1007.0,0,1,80.437946696178,9.562053303821992,68.5895000682832,69.99758592793522,206.30818486641445,35.72655941490691,3.1111111111111107,23.480775143344715
2023-07-10 07:00:00+05:00,27.0,32,0.0,80,11.2,1007.0,0,1,69.7101211687141,20.289878831285908,77.64760980545805,246.49750344666387,484.2043877854565,78.58996231346188,3.1111111111111107,32.81999880774936
2023-07-10 08:00:00+05:00,28.8,35,0.0,60,3.6,1004.4,1,1,58.5721116904957,31.427888309504297,86.83881183783876,438.4913377589435,636.9794033945103,106.3543333422603,1.0,47.67551089985369
2023-07-10 09:00:00+05:00,31.0,26,0.0,70,3.6,1007.0,1,1,47.33044075734587,42.66955924265413,97.05829719621204,615.987867513498,723.0056835125773,125.9569413992163,1.0,58.662253445267424
2023-07-10 10:00:00+05:00,34.0,22,0.0,210,3.6,1007.0,1,1,36.384601118835114,53.615398881164886,109.93000907836456,762.337170491802,773.0985448562955,139.95166955858951,1.0,68.56853400868653
2023-07-10 11:00:00+05:00,33.1,28,0.0,360,3.6,1003.1,1,1,26.547207489797422,63.45279251020258,128.93866589852422,865.8590003646212,801.2238666426081,149.11103128536195,1.0,72.47652172826673
2023-07-10 12:00:00+05:00,34.0,20,0.0,230,18.4,1006.0,1,1,19.916676769658626,70.08332323034138,160.4684228726826,918.761204604098,813.821837219219,153.61485327474122,5.111111111111111,55.76043632168199
2023-07-10 13:00:00+05:00,35.0,19,0.0,280,14.8,1006.0,1,1,20.149016473453045,69.85098352654695,201.74838649222613,917.1492568383004,813.4535329369013,153.47915495004645,4.111111111111112,59.65100860864578
2023-07-10 14:00:00+05:00,35.7,22,0.0,190,7.2,1002.4,1,1,27.065545525906295,62.934454474093705,232.3957077551933,861.1323350192894,800.0446428286298,148.70331490645003,2.0,67.75469905483317
2023-07-10 15:00:00+05:00,36.0,16,0.0,290,14.8,1005.0,0,1,37.00914224434003,52.99085775565997,250.8916563503397,754.8205972505481,770.8506207077115,139.26594889597948,4.111111111111112,56.08330765928201
2023-07-10 16:00:00+05:00,37.0,14,0.0,340,11.2,1005.0,0,1,47.992256302848666,42.007743697151334,263.53701987451916,606.2180710807166,719.1116079305214,124.96626290188205,3.1111111111111107,55.36962555686813
2023-07-10 17:00:00+05:00,36.9,17,0.0,30,3.6,1001.2,1,1,59.24290457755022,30.757095422449783,273.65963486888097,427.2387015019676,630.1749584898079,104.96753667798843,1.0,55.520284009913325
2023-07-10 18:00:00+05:00,37.0,12,0.0,290,3.6,1005.0,0,1,70.37325795251911,19.62674204748088,282.819096954524,234.94651195698935,471.6361114264327,76.52808023773707,1.0,46.045524936120614
2023-07-10 19:00:00+05:00,37.0,12,0.0,320,7.6,1005.0,0,1,81.07631430624598,8.923685693754024,291.8863359849929,61.08517532919989,184.73476684979377,32.42934199104833,2.111111111111111,37.06122598104156
2023-07-10 20:00:00+05:00,33.1,26,0.0,250,3.6,1001.4,0,1,91.2422260635219,-1.2422260635218976,301.47049197211277,0.0,0.0,0.0,1.0,29.432703442959166
2023-07-10 21:00:00+05:00,31.0,26,0.0,240,3.6,1005.0,0,1,100.27599689838202,-10.275996898382022,312.07322697140035,0.0,0.0,0.0,1.0,27.072484676462636
2023-07-10 22:00:00+05:00,32.0,23,0.0,320,7.6,1005.0,0,1,107.81673735234156,-17.81673735234157,324.09752572382183,0.0,0.0,0.0,2.111111111111111,29.03929685219026
2023-07-10 23:00:00+05:00,26.2,43,0.0,20,3.6,1002.7,0,1,113.312067548185,-23.312067548185016,337.7232781704468,0.0,0.0,0.0,1.0,21.732893036256826
2023-07-11 00:00:00+05:00,27.0,34,0.0,70,11.2,1005.0,0,1,116.2042246267252,-26.204224626725196,352.68438871465247,0.0,0.0,0.0,3.1111111111111107,24.176644785552924
2023-07-11 01:00:00+05:00,25.0,36,0.0,90,14.8,1005.0,0,1,116.12626052891994,-26.126260528919936,8.16021459296087,0.0,0.0,0.0,4.111111111111112,22.47693437067454
2023-07-11 02:00:00+05:00,24.1,45,0.0,40,3.6,1003.1,0,1,113.08887684303882,-23.088876843038825,23.069644129676703,0.0,0.0,0.0,1.0,19.42031375617762
2023-07-11 03:00:00+05:00,23.0,41,0.0,80,11.2,1005.0,0,1,107.4743564060276,-17.474356406027614,36.61745078942499,0.0,0.0,0.0,3.1111111111111107,19.933489386194765
2023-07-11 04:00:00+05:00,24.0,38,0.0,70,14.8,1005.0,0,1,99.84433490000906,-9.844334900009065,48.565749953422085,0.0,0.0,0.0,4.111111111111112,21.426762468579113
2023-07-11 05:00:00+05:00,22.5,50,0.0,350,7.2,1003.6,0,1,90.18046156958324,-0.1804615695832252,59.11140567396296,0.0,0.0,0.0,2.0,18.684069177980177
2023-07-11 06:00:00+05:00,26.0,34,0.0,70,14.8,1006.0,0,1,80.54467160608687,9.455328393913128,68.6650873857833,68.34171281667754,201.74249729433865,35.199741467494704,4.111111111111112,25.59922413328161
2023-07-11 07:00:00+05:00,29.0,29,0.0,60,14.8,1006.0,0,1,69.81308534637088,20.186914653629117,77.73393213282895,244.46102029877545,481.15536604082354,78.42207186279651,4.111111111111112,34.01806918650334
2023-07-11 08:00:00+05:00,30.4,32,0.0,20,3.6,1003.0,0,1,58.672897901161775,31.32710209883822,86.93746320633608,436.52505331074775,634.9900257987373,106.37898770293612,1.0,49.218551355655336
2023-07-11 09:00:00+05:00,34.0,18,0.0,360,11.2,1007.0,0,1,47.43209692987153,42.56790307012847,97.17190783849183,614.1989632697499,721.5660000280229,126.08589849655436,3.1111111111111107,52.53704499008546
2023-07-11 10:00:00+05:00,35.0,19,0.0,340,11.2,1007.0,0,1,36.49191291221811,53.50808708778189,110.0590542307691,760.7530545205233,771.9589164910072,140.1437781799874,3.1111111111111107,58.37219237473846
2023-07-11 11:00:00+05:00,36.1,22,0.0,260,7.2,1002.8,0,1,26.666965730375935,63.333034269624065,129.06326276487675,864.4723204334168,800.2517539058941,149.343107324965,2.0,68.2805611271724
2023-07-11 12:00:00+05:00,37.0,17,0.0,280,11.2,1007.0,0,1,20.04898670617598,69.95101329382402,160.47968142111552,917.542948003893,812.936202439816,153.87079550151134,3.1111111111111107,65.46149408599854
2023-07-11 13:00:00+05:00,39.0,12,0.0,260,14.8,1007.0,0,1,20.26214709095248,69.73785290904752,201.54807524510224,916.0554224286126,812.5951642751772,153.74532436498075,4.111111111111112,63.686181838196546
2023-07-11 14:00:00+05:00,38.5,15,0.0,220,7.2,1002.2,0,1,27.143794750631443,62.85620524936856,232.1600689918058,860.109481293045,799.1594670993384,148.965967066747,2.0,70.51405726485393
2023-07-11 15:00:00+05:00,39.0,12,0.0,80,7.6,1006.0,0,1,37.067578388032686,52.932421611967314,250.69313955121032,753.811758963315,769.875266678708,139.50893307801198,2.111111111111111,66.41608833711058
2023-07-11 16:00:00+05:00,40.0,12,0.0,360,7.6,1006.0,0,1,48.04305297314876,41.95694702685124,263.3711837833034,605.1702845323395,717.9524494459628,125.16737483814212,2.111111111111111,61.814966289778226
2023-07-11 17:00:00+05:00,39.7,12,0.0,150,3.6,1001.8,0,1,59.293119419940595,30.7068805800594,273.51565058918425,426.1158704584744,628.665553690645,105.09021147172932,1.0,58.424501309596735
2023-07-11 18:00:00+05:00,40.0,11,0.0,180,7.6,1006.0,0,1,70.42740486847418,19.572595131525823,282.68924862386626,233.7659416806696,469.45112759645446,76.49937244960671,2.111111111111111,47.32922374858754
2023-07-11 19:00:00+05:00,39.0,12,0.0,215,3.6,1006.0,0,1,81.13747871970625,8.86252128029375,291.76589053774705,60.11670818689238,181.71268208497497,32.121307005651126,1.0,39.290378241756
2023-07-11 20:00:00+05:00,35.3,28,0.0,230,3.6,1002.2,0,1,91.31445798620491,-1.3144579862049095,301.3571985752286,0.0,0.0,0.0,1.0,31.92149962237562
2023-07-11 21:00:00+05:00,34.0,20,0.0,290,3.6,1006.0,0,1,100.36130818969173,-10.361308189691716,311.967433026468,0.0,0.0,0.0,1.0,30.448828644813318
2023-07-11 22:00:00+05:00,30.0,29,0.0,90,11.2,1007.0,0,1,107.9169574495416,-17.91695744954161,324.0027776382302,0.0,0.0,0.0,3.1111111111111107,27.382586307136705
2023-07-11 23:00:00+05:00,28.2,43,0.0,90,3.6,1004.0,0,1,113.42732151122654,-23.427321511226538,337.6465731578112,0.0,0.0,0.0,1.0,23.948527149923507
2023-07-12 00:00:00+05:00,27.0,37,0.0,90,11.2,1007.0,0,1,116.33186492688748,-26.331864926887473,352.63433460818277,0.0,0.0,0.0,3.1111111111111107,24.176644785552924
2023-07-12 01:00:00+05:00,27.0,34,0.0,70,11.2,1007.0,0,1,116.26086127629966,-26.260861276299657,8.14242225737678,0.0,0.0,0.0,3.1111111111111107,24.176644785552924
2023-07-12 02:00:00+05:00,24.9,41,0.0,30,3.6,1004.9,0,1,113.2240989784335,-23.224098978433503,23.083094551848944,0.0,0.0,0.0,1.0,20.299642696789192
2023-07-12 03:00:00+05:00,26.0,34,0.0,60,11.2,1006.0,0,1,107.6053154648758,-17.605315464875794,36.656035850085345,0.0,0.0,0.0,3.1111111111111107,23.11254718252809
2023-07-12 04:00:00+05:00,27.0,32,0.0,50,11.2,1006.0,0,1,99.96856320152489,-9.968563201524876,48.62260906605786,0.0,0.0,0.0,3.1111111111111107,24.176644785552924
2023-07-12 05:00:00+05:00,24.5,43,0.0,30,3.6,1005.1,0,1,90.86466888961932,-0.8646688896193252,59.181689115702056,0.0,0.0,0.0,1.0,19.85972523100304
2023-07-12 06:00:00+05:00,27.0,32,0.0,70,11.2,1007.0,0,1,80.65435381942756,9.34564618057245,68.74652892446028,66.65773377928831,197.08826582982823,34.652575387765246,3.1111111111111107,26.530979911245993
2023-07-12 07:00:00+05:00,29.0,31,0.0,100,7.6,1008.0,0,1,69.91872111902902,20.081278880970977,77.82651490850213,242.3820885711247,478.04925597990984,78.24252282010809,2.111111111111111,35.90193453428532
2023-07-12 08:00:00+05:00,31.9,30,0.0,70,3.6,1004.7,0,1,58.77621795821021,31.223782041789796,87.04298999591418,434.5196983558828,632.9746497180228,106.39703032061976,1.0,50.66548679641335
2023-07-12 09:00:00+05:00,35.0,22,0.0,300,3.6,1008.0,0,1,47.536377714349285,42.463622285650715,97.29333201411572,612.3752773352477,720.1140065020728,126.210493472459,1.0,62.50225139730429
2023-07-12 10:00:00+05:00,37.0,18,0.0,290,7.6,1008.0,0,1,36.60228664879162,53.39771335120838,110.19725470413726,759.1364283096374,770.8130829763254,140.33255723177308,2.111111111111111,64.5845790332645
2023-07-12 11:00:00+05:00,38.0,20,0.0,240,3.6,1003.6,0,1,26.790779596254588,63.20922040374541,129.1983853118519,863.052574793998,799.275946921142,149.5722148354057,1.0,77.08447699277116
2023-07-12 12:00:00+05:00,39.0,19,0.0,300,18.4,1008.0,0,1,20.186976724052727,69.81302327594727,160.50016879824557,916.2880777253224,812.0472747266995,154.1236616284432,5.111111111111111,60.79626739797766
2023-07-12 13:00:00+05:00,39.0,13,0.0,300,18.4,1008.0,0,1,20.382026471117385,69.61797352888262,201.3488541434924,914.9186224771478,811.7322107148224,154.0079187722996,5.111111111111111,60.7623501170803
2023-07-12 14:00:00+05:00,40.1,12,0.0,220,7.2,1003.0,0,1,27.228324145134614,62.771675854865386,231.91950592103944,859.0349692721633,798.2664765336112,149.224162761392,2.0,72.08228597993832
2023-07-12 15:00:00+05:00,41.0,12,0.0,290,14.8,1007.0,0,1,37.13164186881583,52.86835813118417,250.48883241937935,752.7409472457219,768.8859163600124,139.74612549817095,4.111111111111112,61.175159002660735
2023-07-12 16:00:00+05:00,42.0,9,0.0,310,14.8,1007.0,0,1,48.09912265555405,41.90087734444595,263.2000284015154,604.0496127452706,716.7676572288728,125.36066737404656,4.111111111111112,58.03187571907267
2023-07-12 17:00:00+05:00,41.5,9,0.0,250,7.2,1002.1,0,1,59.34849635465456,30.651503645345446,273.3669470975227,424.910308242254,627.1072685754228,105.20165496892388,2.0,56.773090931534114
2023-07-12 18:00:00+05:00,41.0,7,0.0,280,11.2,1007.0,0,1,70.48676504034398,19.513234959656025,282.5552087406097,232.49797885917152,467.1673556921776,76.45259231100943,3.1111111111111107,47.1954246268416
2023-07-12 19:00:00+05:00,39.0,9,0.0,260,11.2,1007.0,0,1,81.20398664277224,8.796013357227762,291.6417237438196,59.082128135471365,178.52321233253235,31.782880696508613,3.1111111111111107,39.155449619256785
2023-07-12 20:00:00+05:00,36.0,19,0.0,220,3.6,1003.0,0,1,91.39235512698554,-1.3923551269855303,301.24066675519646,0.0,0.0,0.0,1.0,32.71691101702163
2023-07-12 21:00:00+05:00,35.0,17,0.0,260,7.6,1007.0,0,1,100.45259503353456,-10.452595033534548,311.85899859281835,0.0,0.0,0.0,2.111111111111111,32.33304366714435
2023-07-12 22:00:00+05:00,33.0,21,0.0,210,3.6,1007.0,0,1,108.02345378522546,-18.023453785225453,323.9062313919717,0.0,0.0,0.0,1.0,29.31997208407006
2023-07-12 23:00:00+05:00,28.0,42,0.0,30,3.6,1004.5,0,1,113.54904613641786,-23.54904613641786,337.56927061461704,0.0,0.0,0.0,1.0,23.7263780253773
2023-07-13 00:00:00+05:00,27.0,32,0.0,90,14.8,1007.0,0,1,116.46594019571022,-26.46594019571022,352.585221427114,0.0,0.0,0.0,4.111111111111112,24.583035248813417
2023-07-13 01:00:00+05:00,27.0,30,0.0,60,11.2,1007.0,0,1,116.401549876463,-26.401549876463008,8.127186014227732,0.0,0.0,0.0,3.1111111111111107,24.176644785552924
2023-07-13 02:00:00+05:00,25.0,41,0.0,30,3.6,1005.2,0,1,113.3647929189764,-23.3647929189764,23.10042823042545,0.0,0.0,0.0,1.0,20.409701358320774
2023-07-13 03:00:00+05:00,26.0,32,0.0,60,7.6,1007.0,0,1,107.741005941154,-17.741005941153983,36.699373340655995,0.0,0.0,0.0,2.111111111111111,22.526438751414844
2023-07-13 04:00:00+05:00,24.0,34,0.0,90,11.0,1007.0,0,1,100.09680213951064,-10.096802139510649,48.684719170373,0.0,0.0,0.0,3.0555555555555554,20.962406417196803
2023-07-13 05:00:00+05:00,22.4,47,0.0,50,3.6,1005.7,0,1,90.9850995618288,-0.9850995618288092,59.257536315545735,0.0,0.0,0.0,1.0,17.558413307484443
2023-07-13 06:00:00+05:00,25.0,34,0.0,80,11.2,1008.0,0,1,80.76691019727046,9.233089802729536,68.833824691188,64.94796438448024,192.3492643784417,34.08528296611725,3.1111111111111107,24.35582040764689
2023-07-13 07:00:00+05:00,28.0,28,0.0,90,11.2,1008.0,0,1,70.02695215570412,19.973047844295877,77.92534343545924,240.26209941118617,474.88637202144827,78.05132876494383,3.1111111111111107,33.649292579114444
2023-07-13 08:00:00+05:00,31.3,28,0.0,350,3.6,1005.0,0,1,58.88200262026229,31.117997379737716,87.15536131383254,432.476295804033,630.9333730392285,106.40849737086518,1.0,49.943500337451496
2023-07-13 09:00:00+05:00,35.0,18,0.0,120,7.6,1008.0,0,1,47.64322192436076,42.35677807563924,97.42251681498,610.5174847233822,718.6496940682111,126.33075245460644,2.111111111111111,56.85645391543915
2023-07-13 10:00:00+05:00,37.0,16,0.0,170,11.2,1008.0,0,1,36.71566871466101,53.28433128533899,110.34452154275527,757.4876074259885,769.660953789934,140.51801138060375,3.1111111111111107,60.30633524780268
2023-07-13 11:00:00+05:00,37.8,18,0.0,220,3.6,1004.0,0,1,26.918596579329893,63.08140342067011,129.34389270258225,861.5997249235419,798.2962871399022,149.79833341427184,1.0,76.82420819867383
2023-07-13 12:00:00+05:00,41.0,11,0.0,360,11.2,1008.0,0,1,20.330581616999623,69.66941838300038,160.52984166659064,914.9962299200696,811.1548306893166,154.3734054344991,3.1111111111111107,69.43460572652214
2023-07-13 13:00:00+05:00,40.0,11,0.0,300,7.6,1007.0,0,1,20.50862527971495,69.49137472028505,201.15112296535204,913.7382197498974,810.8643765645335,154.2668663897765,2.111111111111111,73.37620069327937
2023-07-13 14:00:00+05:00,41.5,14,0.0,230,3.6,1002.5,0,1,27.31916604544797,62.68083395455203,231.67439922029837,857.9079609035686,797.3652820334689,149.47780449071752,1.0,80.28744540713916
2023-07-13 15:00:00+05:00,41.0,9,0.0,310,11.2,1007.0,0,1,37.20138318368102,52.79861681631898,250.278978289801,751.60721333963,767.8820435711813,139.97740007070684,3.1111111111111107,64.22675956548642
2023-07-13 16:00:00+05:00,42.0,8,0.0,300,11.0,1006.0,0,1,48.16051460167439,41.83948539832561,263.0237211873884,602.8551029360891,715.5564790776981,125.54597509881393,3.0555555555555554,60.62850709699916
2023-07-13 17:00:00+05:00,42.0,7,0.0,200,3.6,1006.0,0,1,59.40907735186136,30.590922648138648,273.21365266583217,423.62119198350103,625.4989350091155,105.30163001604932,1.0,60.75578964759029
2023-07-13 18:00:00+05:00,41.0,8,0.0,290,11.2,1006.0,0,1,70.55137074285359,19.448629257146404,282.417083870243,231.142174363493,464.78288035452795,76.3873398040366,3.1111111111111107,47.149963654278054
2023-07-13 19:00:00+05:00,38.0,16,0.0,260,14.8,1006.0,0,1,81.27585750804971,8.724142491950289,291.5139292571842,57.982456856595185,175.1667612836239,31.413631164405373,4.111111111111112,38.02574043256834
2023-07-13 20:00:00+05:00,36.6,22,0.0,260,7.6,1002.4,0,1,91.47592761217972,-1.4759276121797107,301.12098201540937,0.0,0.0,0.0,2.111111111111111,34.10027936719712
2023-07-13 21:00:00+05:00,34.0,25,0.0,240,7.6,1006.0,0,1,100.54985508677812,-10.549855086778114,311.7480038995836,0.0,0.0,0.0,2.111111111111111,31.232281930821273
2023-07-13 22:00:00+05:00,31.0,31,0.0,110,11.2,1006.0,0,1,108.1362108946731,-18.136210894673106,323.807964336734,0.0,0.0,0.0,3.1111111111111107,28.4558816916703
2023-07-13 23:00:00+05:00,29.2,42,0.0,50,3.6,1003.9,0,1,113.67721210586768,-23.677212105867664,337.491447815431,0.0,0.0,0.0,1.0,25.061243362227856
2023-07-14 00:00:00+05:00,28.0,37,0.0,90,11.2,1007.0,0,1,116.60640618657835,-26.606406186578365,352.5371283790787,0.0,0.0,0.0,3.1111111111111107,25.24299745388356
2023-07-14 01:00:00+05:00,30.0,31,0.0,350,7.6,1007.0,0,1,116.54826641025944,-26.548266410259423,8.114584262407334,0.0,0.0,0.0,2.111111111111111,26.857492337694566
2023-07-14 02:00:00+05:00,26.0,43,0.0,0,0.0,1005.0,0,1,113.5108845523302,-23.510884552330214,23.12171452038706,0.0,0.0,0.0,0.0,19.901961579612077
2023-07-14 03:00:00+05:00,28.0,35,0.0,360,7.6,1007.0,0,1,107.8813438435788,-17.881343843578787,36.747515891559715,0.0,0.0,0.0,2.111111111111111,24.68662218819958
2023-07-14 04:00:00+05:00,29.0,31,0.0,20,14.8,1007.0,0,1,100.22896325626492,-10.228963256264928,48.75211354356827,0.0,0.0,0.0,4.111111111111112,26.69699579802085
2023-07-14 05:00:00+05:00,26.4,37,0.0,290,3.6,1005.5,0,1,91.10883678331156,-1.1088367833115518,59.338962382545446,0.0,0.0,0.0,1.0,21.953873666486686
2023-07-14 06:00:00+05:00,27.0,34,0.0,340,7.6,1009.0,0,1,80.88225461853895,9.117745381461042,68.92697369285702,63.2147928554749,187.5295811787032,33.49812839586657,2.111111111111111,26.29100767558498
2023-07-14 07:00:00+05:00,27.0,37,0.0,160,11.2,1010.0,1,1,70.13769968954358,19.86230031045642,78.03040158866929,238.1024885852951,471.6670836972048,77.84851124059068,3.1111111111111107,32.52846380758939
2023-07-14 08:00:00+05:00,27.8,32,0.0,120,7.2,1007.2,0,1,58.99018070571087,31.009819294289137,87.27454442308868,430.39590120552623,628.8663146824081,106.41342910399965,2.0,42.6449927482264
2023-07-14 09:00:00+05:00,28.0,42,0.0,140,11.2,1011.0,0,1,47.75256694147195,42.24743305852805,97.55940692730849,608.6262807475125,717.173060978179,126.44670341197894,3.1111111111111107,46.22076251177941
2023-07-14 10:00:00+05:00,29.0,40,0.0,120,11.2,1011.0,0,1,36.83200454002078,53.16799545997922,110.5007623726318,755.8069155327806,768.5024382955698,140.70014555985654,3.1111111111111107,52.14140441886508
2023-07-14 11:00:00+05:00,30.8,35,0.0,90,3.6,1007.7,0,1,27.050363455282493,62.94963654471751,129.49963856600152,860.1137294046159,797.3126115694491,150.0214417236475,1.0,70.01482076060785
2023-07-14 12:00:00+05:00,33.0,30,0.0,220,7.6,1011.0,0,1,20.479734752895823,69.52026524710418,160.5686458766512,913.6670290082608,810.2586393805411,154.6199788129877,2.111111111111111,66.41818179119383
2023-07-14 13:00:00+05:00,36.0,25,0.0,40,7.6,1011.0,0,1,20.64191061926016,69.35808938073984,200.9552740789796,912.5135592892512,809.9913557082139,154.52209277988788,2.111111111111111,69.34042613597296
2023-07-14 14:00:00+05:00,35.9,26,0.0,160,7.2,1006.5,0,1,27.416350162844154,62.583649837155846,231.4251369643191,856.7275977498059,796.4554806032814,149.72679142647962,2.0,67.78563213538098
2023-07-14 15:00:00+05:00,36.0,25,0.0,110,11.2,1010.0,0,1,37.27685157193018,52.72314842806982,250.063828436366,750.4095890956058,766.8631028718777,140.20262663945516,3.1111111111111107,59.05470477766369
2023-07-14 16:00:00+05:00,37.0,21,0.0,220,11.2,1009.0,0,1,48.227277328470755,41.772722671529245,262.84243557595056,601.585787861088,714.3181334372262,125.72312729834856,3.1111111111111107,55.21745456646619
2023-07-14 17:00:00+05:00,37.7,14,0.0,300,10.8,1004.8,0,1,59.47490372819674,30.525096271803257,273.0559000379103,422.247694627033,623.8393334550315,105.38989124233228,3.0,50.23753852883573
2023-07-14 18:00:00+05:00,37.0,12,0.0,340,22.3,1009.0,0,1,70.62125347746728,19.37874652253272,282.2749840485387,229.6980988807037,462.29568977143174,76.30319879930369,6.194444444444445,40.8770600564809
2023-07-14 19:00:00+05:00,36.0,14,0.0,340,22.3,1009.0,0,1,81.35310955353552,8.64689044646449,291.3826035154558,56.81885201476251,171.6439288051402,31.01313406226211,6.194444444444445,35.881479523615496
2023-07-14 20:00:00+05:00,32.9,18,0.0,270,7.2,1005.7,0,1,91.56518440135136,-1.565184401351377,300.9982321553989,0.0,0.0,0.0,2.0,29.959720285589412
2023-07-14 21:00:00+05:00,33.0,15,0.0,350,18.4,1010.0,0,1,100.6530846015983,-10.6530846015983,311.63453113575713,0.0,0.0,0.0,5.111111111111111,31.204444547478204
2023-07-14 22:00:00+05:00,31.0,18,0.0,360,22.3,1010.0,0,1,108.2552116606806,-18.2552116606806,323.7080556072881,0.0,0.0,0.0,6.194444444444445,29.31862151756536
2023-07-14 23:00:00+05:00,28.4,22,0.0,300,14.4,1007.7,0,1,113.81178817568583,-23.81178817568585,337.4131838404858,0.0,0.0,0.0,4.0,26.024093718429185
2023-07-15 00:00:00+05:00,30.0,19,0.0,10,25.9,1010.0,0,1,116.75321639373448,-26.75321639373449,352.49013660727326,0.0,0.0,0.0,7.194444444444444,28.44299671124537
2023-07-15 01:00:00+05:00,29.0,20,0.0,10,25.9,1010.0,0,1,116.70094833868365,-26.70094833868365,8.104697249296123,0.0,0.0,0.0,7.194444444444444,27.402360942946643
2023-07-15 02:00:00+05:00,26.8,23,0.0,300,7.2,1007.8,0,1,113.6622969021936,-23.66229690219358,23.147024056764508,0.0,0.0,0.0,2.0,23.3106606095767
2023-07-15 03:00:00+05:00,29.0,19,0.0,20,18.4,1010.0,0,1,108.026242320872,-18.026242320872008,36.80051654484009,0.0,0.0,0.0,5.111111111111111,26.985562619225902
2023-07-15 04:00:00+05:00,28.0,22,0.0,20,7.6,1010.0,0,1,100.36495548078194,-10.36495548078194,48.82482504995903,0.0,0.0,0.0,2.111111111111111,24.68662218819958
2023-07-15 05:00:00+05:00,26.5,23,0.0,90,7.2,1007.4,0,1,91.23579009704692,-1.235790097046929,59.4259813902471,0.0,0.0,0.0,2.0,22.98629297811749
2023-07-15 06:00:00+05:00,25.0,32,0.0,80,7.6,1010.0,0,1,81.00029912981817,8.999700870181826,69.02597345404132,61.460662799672406,182.63359660309777,32.89141557151635,2.111111111111111,24.07709562784015
2023-07-15 07:00:00+05:00,27.0,30,0.0,100,7.6,1010.0,0,1,70.25088370060193,19.749116299398064,78.14167139818198,235.90471604806953,468.3917969860454,77.63409656536942,2.111111111111111,33.52815372634427
2023-07-15 08:00:00+05:00,27.9,31,0.0,280,3.6,1007.1,0,1,59.10068027788883,30.89931972211117,87.40050434883216,428.2795833666318,626.7736038993006,106.41186758074087,1.0,46.23845193403372
2023-07-15 09:00:00+05:00,31.0,22,0.0,360,18.4,1010.0,0,1,47.8643498782542,42.1356501217458,97.70394420093584,606.7023644409435,715.6841062916833,126.5583745030196,5.111111111111111,44.81151885034927
2023-07-15 10:00:00+05:00,33.0,16,0.0,20,14.8,1010.0,0,1,36.95123970760052,53.04876029239948,110.66588081281424,754.0946716739362,767.3374419787849,140.87896380353789,4.111111111111112,52.99685578387147
2023-07-15 11:00:00+05:00,33.7,16,0.0,250,10.8,1006.0,0,1,27.186027263341938,62.813972736658066,129.66546998580344,858.594535783483,796.3247506640035,150.24151676512156,3.0,60.69934932188869
2023-07-15 12:00:00+05:00,36.0,12,0.0,20,14.8,1008.0,0,1,20.63436876343512,69.36563123656488,160.6165142167573,912.3000844633414,809.3584614104243,154.86333146716322,4.111111111111112,60.52826629463016
2023-07-15 13:00:00+05:00,36.0,14,0.0,30,14.8,1008.0,0,1,20.78184602069116,69.21815397930884,200.76168773258777,911.2439701213358,809.1128317673363,154.7735209484074,4.111111111111112,60.498604252970495
2023-07-15 14:00:00+05:00,36.7,13,0.0,320,10.8,1003.5,0,1,27.519902903234808,62.48009709676519,231.17211106339488,855.493007275652,795.5366565789781,149.97101989227485,3.0,63.62418160949261
2023-07-15 15:00:00+05:00,38.0,12,0.0,350,18.4,1007.0,0,1,37.35809413963963,52.64190586036037,249.8436399282679,749.1470971399118,765.8285320661848,140.42167181279183,5.111111111111111,55.6081378388846
2023-07-15 16:00:00+05:00,37.0,13,0.0,340,18.4,1006.0,0,1,48.299457710692366,41.700542289307634,262.6563494538736,600.2406989804109,713.0518137143196,125.89194913166996,5.111111111111111,50.831517013367716
2023-07-15 17:00:00+05:00,36.1,14,0.0,290,10.8,1002.1,0,1,59.54601526719236,30.45398473280764,272.8938251788821,420.7889998232091,622.1272001695398,105.46618656780328,3.0,48.504845908350944
2023-07-15 18:00:00+05:00,36.0,14,0.0,360,22.3,1006.0,0,1,70.69644314627672,19.303556853723283,282.1290216462092,228.16535845846593,459.7036892489363,76.19973901425124,6.194444444444445,39.79375973945855
2023-07-15 19:00:00+05:00,35.0,16,0.0,350,25.9,1006.0,0,1,81.43575906607188,8.56424093392812,291.24784464090425,55.592625564294096,167.95557439171324,30.58098068681091,7.194444444444444,34.81969573323079
2023-07-15 20:00:00+05:00,32.0,15,0.0,300,14.4,1002.9,1,1,91.66013265358852,-1.6601326535885244,300.8725061476128,0.0,0.0,0.0,4.0,29.84912743230427
2023-07-15 21:00:00+05:00,32.0,15,0.0,340,19.0,1006.0,1,1,100.762277930923,-10.762277930922991,311.51866326171927,0.0,0.0,0.0,5.277777777777778,30.184639836195515
2023-07-15 22:00:00+05:00,31.0,14,0.0,320,18.4,1007.0,0,1,108.38043700006692,-18.380437000066937,323.6065848508674,0.0,0.0,0.0,5.111111111111111,29.091317505141774
2023-07-15 23:00:00+05:00,27.6,19,0.0,290,7.2,1004.0,0,1,113.95274108378908,-23.95274108378908,337.33455823395616,0.0,0.0,0.0,2.0,24.176824645512795
2023-07-16 00:00:00+05:00,28.0,17,0.0,330,18.4,1006.0,1,1,116.906322213079,-26.906322213079,352.4443278418146,0.0,0.0,0.0,5.111111111111111,25.93538483098979
2023-07-16 01:00:00+05:00,27.0,21,0.0,340,11.2,1006.0,1,1,116.8595309186629,-26.859530918662905,8.097605791787032,0.0,0.0,0.0,3.1111111111111107,24.176644785552924
2023-07-16 02:00:00+05:00,24.2,29,0.0,310,3.6,1004.0,1,1,113.81895077139856,-23.818950771398555,23.17642761350885,0.0,0.0,0.0,1.0,19.530119297600834
2023-07-16 03:00:00+05:00,24.0,25,0.0,100,7.6,1005.0,0,1,108.17561248587847,-18.17561248587849,36.85842777944106,0.0,0.0,0.0,2.111111111111111,20.376693141554313
2023-07-16 04:00:00+05:00,23.0,33,0.0,130,3.6,1005.0,0,1,100.50468608062316,-10.504686080623175,48.90288533237606,0.0,0.0,0.0,1.0,18.214524851300553
2023-07-16 05:00:00+05:00,20.7,49,0.0,90,7.6,1004.3,1,1,91.36586786960856,-1.365867869608547,59.51860570273987,0.0,0.0,0.0,2.111111111111111,16.85176750950609
2023-07-16 06:00:00+05:00,22.0,43,0.0,160,11.2,1006.0,0,1,81.1209550186271,8.879044981372894,69.13081944519354,59.788945948688806,178.35736274059715,32.259657273572415,3.1111111111111107,21.01567303107464
2023-07-16 07:00:00+05:00,22.0,43,0.0,140,11.2,1007.0,0,1,70.36642402197802,19.633575978021973,78.25913253984737,233.8573140898865,465.9176269594063,77.30732880686085,3.1111111111111107,27.1811366687308
2023-07-16 08:00:00+05:00,25.2,34,0.0,30,7.2,1004.5,0,1,59.213429746898946,30.786570253101058,87.53320338867996,426.3533743747301,625.4140592964537,106.24049391107576,2.0,39.81042257454362
2023-07-16 09:00:00+05:00,27.0,32,0.0,180,11.2,1007.0,0,1,47.978508655564106,42.021491344435894,97.8560671091343,604.9908570801841,714.8468815212085,126.46570009360256,3.1111111111111107,45.08373244081014
2023-07-16 10:00:00+05:00,28.0,30,0.0,180,11.2,1007.0,0,1,37.073320965215615,52.926679034784385,110.83977576876556,752.60644198587,766.7638346327675,140.83263105890296,3.1111111111111107,51.03096921495495
2023-07-16 11:00:00+05:00,30.2,28,0.0,30,3.6,1003.9,0,1,27.32553617355199,62.67446382644801,129.8412264054964,857.303278451708,795.8901080816887,150.22437575077674,1.0,69.31366376302879
2023-07-16 12:00:00+05:00,32.0,26,0.0,150,11.2,1007.0,0,1,20.79441611922566,69.20558388077434,160.67336431775607,911.1588380669484,808.9927142892124,154.86368294938677,3.1111111111111107,60.23817063417624
2023-07-16 13:00:00+05:00,33.0,23,0.0,150,11.2,1006.0,0,1,20.928391388474523,69.07160861152548,200.57072778470257,910.1925719365274,808.7674734860254,154.78143968508198,3.1111111111111107,61.20635763457733
2023-07-16 14:00:00+05:00,35.4,20,0.0,130,3.6,1002.3,1,1,27.62984668190672,62.37015331809328,230.91571393223836,854.4643682063468,795.1669952680403,149.97653331141362,1.0,74.17103582743863
2023-07-16 15:00:00+05:00,35.0,19,0.0,190,11.2,1006.0,0,1,37.44515498804001,52.55484501195999,249.61867363978303,748.0737395565612,765.3775907971009,140.4131469890924,3.1111111111111107,57.95874437216264
2023-07-16 16:00:00+05:00,36.0,15,0.0,230,7.6,1006.0,0,1,48.37710008912266,41.62289991087734,262.46564377130125,599.0628000994672,712.4236430159813,125.85317825263836,2.111111111111111,57.44086415290121
2023-07-16 17:00:00+05:00,36.2,20,0.0,120,3.6,1001.7,0,1,59.622449356530005,30.377550643469995,272.72756614873003,419.468322401337,621.1238075724232,105.36863446884333,1.0,54.403120324535735
2023-07-16 18:00:00+05:00,35.0,19,0.0,190,14.8,1006.0,1,1,70.77696724327632,19.223032756723676,281.9793103537595,226.72863038654572,457.8635571061208,75.97876797458713,4.111111111111112,39.79527874688955
2023-07-16 19:00:00+05:00,34.0,20,0.0,220,18.4,1006.0,1,1,81.52381962380356,8.476180376196433,291.10975145048417,54.40104164522034,164.7692891345719,30.114339417426176,5.111111111111111,33.68362952705212
2023-07-16 20:00:00+05:00,32.3,25,0.0,160,3.6,1003.0,5,1,91.76077708937562,-1.7607770893756285,300.74389312594155,0.0,0.0,0.0,1.0,28.531808068029875
2023-07-16 21:00:00+05:00,31.0,26,0.0,200,11.2,1007.0,4,2,100.87742702234496,-10.87742702234498,311.4004829401292,0.0,0.0,0.0,3.1111111111111107,28.4558816916703
2023-07-16 22:00:00+05:00,28.0,37,0.0,130,7.6,1007.0,3,2,108.51186552479668,-18.511865524796697,323.5036310807519,0.0,0.0,0.0,2.111111111111111,24.68662218819958
2023-07-16 23:00:00+05:00,27.4,41,0.0,70,3.6,1004.6,2,1,114.10003541587498,-24.100035415874984,337.2556497933402,0.0,0.0,0.0,1.0,23.060714528302924
2023-07-17 00:00:00+05:00,26.0,36,0.0,110,7.6,1007.0,2,1,117.06567303872023,-27.06567303872025,352.39978317242037,0.0,0.0,0.0,2.111111111111111,22.526438751414844
2023-07-17 01:00:00+05:00,25.0,39,0.0,80,11.2,1007.0,1,1,117.02394753337995,-27.023947533379964,8.093390108336564,0.0,0.0,0.0,3.1111111111111107,22.05067509221584
2023-07-17 02:00:00+05:00,24.2,46,0.0,50,3.6,1005.1,1,1,113.9807652810852,-23.98076528108519,23.209995055226383,0.0,0.0,0.0,1.0,19.530119297600834
2023-07-17 03:00:00+05:00,23.0,44,0.0,90,11.2,1007.0,0,1,108.32936412093945,-18.32936412093944,36.92130061197821,0.0,0.0,0.0,3.1111111111111107,19.933489386194765
2023-07-17 04:00:00+05:00,23.0,44,0.0,80,11.2,1007.0,1,1,100.6480614874426,-10.648061487442597,48.98632405899065,0.0,0.0,0.0,3.1111111111111107,19.933489386194765
2023-07-17 05:00:00+05:00,22.3,51,0.0,40,3.6,1005.3,1,1,91.4989781889623,-1.4989781889623026,59.61684535148055,0.0,0.0,0.0,1.0,17.449169940232366
2023-07-17 06:00:00+05:00,24.0,41,0.0,90,7.6,1007.0,1,1,81.24413373875393,8.755866261246066,69.24150455275543,58.19738166502153,174.6811144417131,31.60662249830578,2.111111111111111,22.871704080175448
2023-07-17 07:00:00+05:00,27.0,37,0.0,80,7.6,1007.0,1,1,70.48424128982678,19.515758710173216,78.38276186503788,231.95990499347343,464.2456026021126,76.87118150995713,2.111111111111111,33.36445669773059
2023-07-17 08:00:00+05:00,29.5,35,0.0,30,3.6,1004.5,1,1,59.32835881731921,30.671641182680784,87.67260065563732,424.6174688107846,624.7903842204249,105.90110528947316,1.0,47.69415495636656
2023-07-17 09:00:00+05:00,31.0,27,0.0,170,11.2,1008.0,0,1,48.09498291474234,41.90501708525766,98.0157102557962,603.4919563941194,714.6634896694202,126.1698351481176,3.1111111111111107,49.105640305559916
2023-07-17 10:00:00+05:00,33.0,24,0.0,190,11.2,1008.0,0,1,37.19819706817924,52.80180293182076,111.0223408107787,751.3422157871679,766.7831002988887,140.5619480340149,3.1111111111111107,56.03273126916196
2023-07-17 11:00:00+05:00,34.8,19,0.0,170,3.6,1004.3,0,1,27.46884018692473,62.53115981307527,130.02673874557058,856.2396638727888,796.0097371093373,149.97061580792092,1.0,73.67200207557534
2023-07-17 12:00:00+05:00,36.0,14,0.0,280,14.8,1007.0,0,1,20.95980958936103,69.04019041063897,160.73909712067405,910.2427062135592,809.1621761875557,154.62151615852667,4.111111111111112,60.4704809046093
2023-07-17 13:00:00+05:00,37.0,14,0.0,290,11.2,1007.0,0,1,21.081502968070467,68.91849703192953,200.38273817978987,909.3585233901658,808.9558981934538,154.54628173655976,3.1111111111111107,65.19957793582608
2023-07-17 14:00:00+05:00,37.4,13,0.0,200,3.6,1002.5,0,1,27.74619933842458,62.25380066157542,230.6563355540991,853.6406366500054,795.3470420033999,149.74377336396822,1.0,76.07555467864177
2023-07-17 15:00:00+05:00,39.0,11,0.0,290,14.8,1006.0,0,1,37.53807445979724,52.46192554020276,249.38919250194976,747.1883322587253,765.5108242580691,140.17757432558005,4.111111111111112,58.95208194811113
2023-07-17 16:00:00+05:00,39.0,9,0.0,290,14.8,1005.0,0,1,48.460245502930654,41.539754497069346,262.2705013452446,598.0508140661533,712.4341894353382,125.60752681120783,4.111111111111112,54.728762706034786
2023-07-17 17:00:00+05:00,38.5,11,0.0,200,3.6,1001.3,0,1,59.70424024868802,30.295759751311973,272.55726214686143,418.28427785322555,620.8294623567983,105.0983342342966,1.0,56.77180822424225
2023-07-17 18:00:00+05:00,38.0,11,0.0,340,11.2,1005.0,0,1,70.8628501682295,19.137149831770508,281.8259643351919,225.3862344988133,456.7729682441713,75.64211359520957,3.1111111111111107,43.73045035576655
2023-07-17 19:00:00+05:00,37.0,12,0.0,300,7.6,1004.0,0,1,81.61730145692569,8.382698543074314,290.9684226461501,53.242004762463374,162.06569808364142,29.615371398109364,2.111111111111111,36.73893418971153
2023-07-17 20:00:00+05:00,34.6,20,0.0,170,3.6,1001.3,1,1,91.8671194582466,-1.8671194582465915,300.61248156558486,0.0,0.0,0.0,1.0,31.127795294902455
2023-07-17 21:00:00+05:00,33.0,20,0.0,153,3.6,1005.0,0,1,100.99852099089904,-10.998520990899037,311.280071669829,0.0,0.0,0.0,1.0,29.31997208407006
2023-07-17 22:00:00+05:00,31.0,26,0.0,122,3.6,1005.0,0,1,108.64947325074372,-18.64947325074373,323.3992717504908,0.0,0.0,0.0,1.0,27.072484676462636
2023-07-17 23:00:00+05:00,27.3,42,0.0,30,3.6,1002.9,0,1,114.25363347856602,-24.25363347856602,337.1765355899456,0.0,0.0,0.0,1.0,22.949884608234697
2023-07-18 00:00:00+05:00,26.0,39,0.0,70,14.8,1006.0,0,1,117.23121632278529,-27.231216322785286,352.3565820622223,0.0,0.0,0.0,4.111111111111112,23.52901613848445
2023-07-18 01:00:00+05:00,26.0,34,0.0,80,11.2,1005.0,0,1,117.194129938639,-27.19412993863899,8.092128883558416,0.0,0.0,0.0,3.1111111111111107,23.11254718252809
2023-07-18 02:00:00+05:00,25.0,40,0.0,30,3.6,1003.4,0,1,114.1476582833782,-24.14765828337821,23.247794495298876,0.0,0.0,0.0,1.0,20.409701358320774
2023-07-18 03:00:00+05:00,25.0,34,0.0,60,14.8,1005.0,0,1,108.487406220535,-18.487406220535004,36.989183876675895,0.0,0.0,0.0,4.111111111111112,22.47693437067454
2023-07-18 04:00:00+05:00,25.0,32,0.0,60,14.8,1005.0,0,1,100.79498793002509,-10.794987930025084,49.07516832491973,0.0,0.0,0.0,4.111111111111112,22.47693437067454
2023-07-18 05:00:00+05:00,25.4,31,0.0,30,10.8,1003.3,1,1,91.63502955177184,-1.635029551771852,59.720707541459035,0.0,0.0,0.0,3.0,22.419227724893688
2023-07-18 06:00:00+05:00,26.0,30,0.0,70,14.8,1006.0,1,1,81.369747609194,8.630252390806012,69.35801866419689,56.58578695349327,170.90854809196148,30.93969634470391,4.111111111111112,25.243706038139692
2023-07-18 07:00:00+05:00,29.0,27,0.0,70,14.8,1007.0,1,1,70.60425765732067,19.395742342679323,78.5125330358668,230.02616707904355,462.5196211213754,76.42754509886444,4.111111111111112,33.58874852370627
2023-07-18 08:00:00+05:00,30.2,28,0.0,30,3.6,1004.5,1,1,59.44539918558348,30.554600814416514,87.81865173355715,422.8476027444709,624.1449865116587,105.55773553550029,1.0,48.32577863997108
2023-07-18 09:00:00+05:00,34.0,20,0.0,130,11.2,1007.0,1,1,48.21371468126163,41.78628531873837,98.18280400856372,601.9616931750869,714.4706711441748,125.87129693679134,3.1111111111111107,52.13200639662233
2023-07-18 10:00:00+05:00,36.0,18,0.0,170,7.6,1007.0,1,1,37.32581937309923,52.67418062690077,111.21346373905423,750.0468750825684,766.7977825755297,140.28903171373872,2.111111111111111,63.22765252180011
2023-07-18 11:00:00+05:00,36.6,18,0.0,150,3.6,1003.2,1,1,27.615891611949444,62.38410838805056,130.2218288601685,855.1422972954962,796.1263738147569,149.71458485869505,1.0,75.3652246470142
2023-07-18 12:00:00+05:00,38.0,16,0.0,270,11.2,1007.0,1,1,21.130482554024525,68.86951744597548,160.81359609204128,909.2873394327752,809.3283657199089,154.37669394480577,3.1111111111111107,66.20795823187643
2023-07-18 13:00:00+05:00,39.0,15,0.0,270,11.2,1007.0,1,1,21.24113334838836,68.75886665161164,200.1980404417436,908.4772640876452,809.1392043427713,154.30778423879076,3.1111111111111107,67.19512296977018
2023-07-18 14:00:00+05:00,39.6,13,0.0,230,3.6,1002.3,1,1,27.86897369953087,62.13102630046913,230.3943611297409,852.7598157658905,795.5182110977172,149.50669006423425,1.0,78.18743394190108
2023-07-18 15:00:00+05:00,39.0,15,0.0,270,14.8,1006.0,0,1,37.63688856749471,52.36311143250529,249.15546012578727,746.2348622493112,765.6283596226257,139.93632814712032,4.111111111111112,58.925207554103565
2023-07-18 16:00:00+05:00,40.0,13,0.0,290,14.8,1006.0,0,1,48.54893111062833,41.45106888937167,262.0711059488439,596.9597763065092,712.4163534161617,125.35426207179717,4.111111111111112,55.740170486745114
2023-07-18 17:00:00+05:00,39.8,16,0.0,230,10.8,1001.7,0,1,59.79141851044824,30.208581489551765,272.3830528097343,417.0118849838796,620.4810673380482,104.81721571196717,3.0,52.27979177136956
2023-07-18 18:00:00+05:00,40.0,14,0.0,280,14.8,1006.0,1,1,70.95411271493398,19.04588728506602,281.6690976188322,223.9523327715384,455.57086316664703,75.28803378532126,4.111111111111112,45.02658043244463
2023-07-18 19:00:00+05:00,38.0,15,0.0,280,14.8,1006.0,1,1,81.71621096328902,8.283789036710989,290.8239562450879,52.01996248960631,159.17099352027788,29.087206763333153,4.111111111111112,37.84989705325626
2023-07-18 20:00:00+05:00,35.9,22,0.0,240,3.6,1002.1,2,1,91.97915814202538,-1.979158142025377,300.47835871477076,0.0,0.0,0.0,1.0,32.603175938435584
2023-07-18 21:00:00+05:00,35.0,20,0.0,350,11.2,1006.0,2,2,101.12554580075646,-11.125545800756452,311.1575091988748,0.0,0.0,0.0,3.1111111111111107,32.773093892501095
2023-07-18 22:00:00+05:00,34.0,23,0.0,360,22.3,1006.0,2,2,108.79323337097284,-18.79323337097285,323.29358212992133,0.0,0.0,0.0,6.194444444444445,32.4695910337399
2023-07-18 23:00:00+05:00,31.3,28,0.0,290,14.4,1003.1,2,2,114.41349518466596,-24.413495184665965,337.0972903174804,0.0,0.0,0.0,4.0,29.103246336567395
2023-07-19 00:00:00+05:00,32.0,28,0.0,360,22.3,1006.0,2,2,117.40289758260444,-27.40289758260444,352.3148016858127,0.0,0.0,0.0,6.194444444444445,30.36726985611807
2023-07-19 01:00:00+05:00,31.0,27,0.0,10,18.4,1006.0,2,1,117.37000839353271,-27.37000839353272,8.093898635664573,0.0,0.0,0.0,5.111111111111111,29.091317505141774
2023-07-19 02:00:00+05:00,28.4,36,0.0,230,7.2,1003.7,3,1,114.31954660239587,-24.31954660239588,23.289891720847834,0.0,0.0,0.0,2.0,25.044723047805974
2023-07-19 03:00:00+05:00,29.0,33,0.0,60,11.2,1006.0,3,2,108.64964731967495,-18.649647319674948,37.06212372597509,0.0,0.0,0.0,3.1111111111111107,26.31163476322837
2023-07-19 04:00:00+05:00,28.0,35,0.0,50,11.2,1006.0,3,2,100.9453718210631,-10.9453718210631,49.16944223538201,0.0,0.0,0.0,3.1111111111111107,25.24299745388356
2023-07-19 05:00:00+05:00,25.4,43,0.0,0,0.0,1004.0,2,2,91.77393128555084,-1.77393128555085,59.83019630420597,0.0,0.0,0.0,0.0,19.212805231179175
2023-07-19 06:00:00+05:00,27.0,37,0.0,70,7.6,1007.0,2,2,81.49771023384979,8.502289766150211,69.48034837865441,54.95642349677013,167.04279012693752,30.25932470996301,2.111111111111111,25.94125313354465
2023-07-19 07:00:00+05:00,28.0,35,0.0,130,7.6,1007.0,2,2,70.7263972206039,19.273602779396093,78.64841627229646,228.0574108699249,460.7400301224629,75.97655773384466,2.111111111111111,34.255501167287946
2023-07-19 08:00:00+05:00,30.0,35,0.0,120,11.2,1004.4,0,2,59.56448494172119,30.435515058278806,87.97130844512185,421.04472007633615,623.4781035421081,105.21047706197528,3.1111111111111107,41.93405237210635
2023-07-19 09:00:00+05:00,30.0,35,0.0,150,11.2,1008.0,0,1,48.33464872748931,41.66535127251069,98.357274266579,600.4006455237072,714.2685231361345,125.57013435704032,3.1111111111111107,47.98091514397959
2023-07-19 10:00:00+05:00,31.0,36,0.0,190,11.2,1008.0,0,1,37.4561421362592,52.5438578637408,111.41302634577312,748.7206234980289,766.8078716866953,140.01389440272885,3.1111111111111107,53.92245248160191
2023-07-19 11:00:00+05:00,35.2,24,0.0,240,3.6,1003.4,0,1,27.766645263884485,62.233354736115515,130.42630938608863,854.0110248150634,796.2399313020429,149.45626455187517,1.0,73.95692355578683
2023-07-19 12:00:00+05:00,37.0,21,0.0,330,18.4,1007.0,0,1,21.306369130986056,68.69363086901394,160.89672726062838,908.2922696058328,809.491134452684,154.12917261388657,5.111111111111111,58.55294581780896
2023-07-19 13:00:00+05:00,37.0,20,0.0,310,25.9,1007.0,1,1,21.40723147042776,68.59276852957224,200.01693222309373,907.5480781254928,809.3171845608875,154.06588338658366,7.194444444444444,54.26592939456816
2023-07-19 14:00:00+05:00,37.2,20,0.0,250,10.8,1002.8,2,1,27.998177272161428,62.00182272783857,230.1301693753053,851.8210268292949,795.6802245838041,149.26520462976987,3.0,64.01075681913028
2023-07-19 15:00:00+05:00,37.0,21,0.0,340,22.3,1007.0,1,1,37.7416285917909,52.2583714082091,248.9177398454338,745.2123864790254,765.7298128641156,139.68931889600344,6.194444444444445,52.47853080828639
2023-07-19 16:00:00+05:00,37.0,21,0.0,320,25.9,1007.0,1,1,48.64318979535972,41.35681020464028,261.86764172972715,595.7887885181414,712.369553441544,125.09328411550558,7.194444444444444,47.96984414870752
2023-07-19 17:00:00+05:00,35.7,22,0.0,260,18.0,1002.8,2,1,59.884010658443486,30.115989341556517,272.20507779745935,415.6504192302456,620.0775872233052,104.52515509834323,5.0,44.91574896357116
2023-07-19 18:00:00+05:00,36.0,16,0.0,320,29.5,1006.0,2,1,71.05077173838842,18.94922826161158,281.50882376256743,222.4266218811443,454.2550123080418,74.91631424567035,8.194444444444445,39.01147253337206
2023-07-19 19:00:00+05:00,34.0,19,0.0,340,29.5,1007.0,3,2,81.82055037713003,8.179449622869967,290.67644928036134,50.73652651920481,156.08461721738018,28.529756211500512,8.194444444444445,33.701908695569955
2023-07-19 20:00:00+05:00,31.8,20,0.0,260,10.8,1003.7,3,2,92.09688789144585,-2.0968878914458324,300.3416103080099,0.0,0.0,0.0,3.0,29.269478411170326
2023-07-19 21:00:00+05:00,32.0,20,0.0,330,29.5,1007.0,3,2,101.2584840421577,-11.2584840421577,311.03287323351765,0.0,0.0,0.0,8.194444444444445,30.66105590028218
2023-07-19 22:00:00+05:00,31.0,21,0.0,350,25.9,1008.0,3,2,108.94311607870726,-18.943116078707263,323.18663499765717,0.0,0.0,0.0,7.194444444444444,29.485102178561363
2023-07-19 23:00:00+05:00,27.4,35,0.0,260,7.2,1005.9,7,2,114.57957792889609,-24.579577928896068,337.01798596152827,0.0,0.0,0.0,2.0,23.96012166308344
2023-07-20 00:00:00+05:00,28.0,30,0.0,360,25.9,1008.0,3,2,117.58066033797638,-27.580660337976376,352.274516592576,0.0,0.0,0.0,7.194444444444444,26.36317248612147
2023-07-20 01:00:00+05:00,28.0,30,0.0,360,29.5,1008.0,3,2,117.55151165995797,-27.551511659957956,8.098773379434192,0.0,0.0,0.0,8.194444444444445,26.511185935862443
2023-07-20 02:00:00+05:00,26.5,33,0.0,250,14.4,1005.9,5,2,114.49634609229594,-24.496346092295937,23.336349869857372,0.0,0.0,0.0,4.0,24.01602865561307
2023-07-20 03:00:00+05:00,28.0,30,0.0,10,22.3,1008.0,4,2,108.815995602116,-18.815995602115983,37.140163332646125,0.0,0.0,0.0,6.194444444444445,26.182435305181286
2023-07-20 04:00:00+05:00,28.0,28,0.0,20,18.4,1008.0,4,2,101.09911989975834,-11.099119899758334,49.26916664624969,0.0,0.0,0.0,5.111111111111111,25.93538483098979
2023-07-20 05:00:00+05:00,24.7,39,0.0,350,7.2,1006.3,3,2,91.91559370567842,-1.9155937056784176,59.94531228134338,0.0,0.0,0.0,2.0,21.045114532430887
2023-07-20 06:00:00+05:00,26.0,34,0.0,30,14.8,1009.0,3,2,81.62793664957299,8.37206335042701,69.60847682369143,53.311564039544045,163.08714058066684,29.565969489334353,4.111111111111112,25.144644416924734
2023-07-20 07:00:00+05:00,26.0,39,0.0,140,7.6,1009.0,2,2,70.85058616684962,19.149413833150373,78.79037819253512,226.05491383250836,458.90713892324214,75.5183507036879,2.111111111111111,32.068510038673594
2023-07-20 08:00:00+05:00,26.9,37,0.0,40,7.2,1007.2,2,1,59.685552699939336,30.314447300060664,88.13051870355372,419.2097242385624,622.7899454519568,104.85941672363504,2.0,41.256596163133395
2023-07-20 09:00:00+05:00,27.0,42,0.0,180,11.2,1010.0,0,1,48.45773266472082,41.54226733527918,98.53904232689018,598.8093501979583,714.0571229626661,125.26639163433344,3.1111111111111107,44.8753335665358
2023-07-20 10:00:00+05:00,30.0,33,0.0,330,7.6,1010.0,0,1,37.58912254908933,52.41087745091067,111.6209043247258,747.3636269160716,766.8133428522661,139.73654454870837,2.111111111111111,57.10069367182257
2023-07-20 11:00:00+05:00,26.9,37,0.0,40,7.2,1007.2,0,1,27.921058422693427,62.07894157730657,130.63998388322784,852.8456623553645,796.3503111866007,149.19563356261688,2.0,58.767218881181634
2023-07-20 12:00:00+05:00,34.0,25,0.0,290,7.6,1009.0,0,1,21.48740413265574,68.51259586734426,160.98833987551563,907.257009345817,809.6503251170868,153.87890648315022,2.111111111111111,67.16361657855492
2023-07-20 13:00:00+05:00,35.0,20,0.0,360,11.2,1009.0,0,1,21.579742625317262,68.42025737468273,199.83968677443352,906.5702437923734,809.4896246758124,153.82051446471746,3.1111111111111107,63.095306357488425
2023-07-20 14:00:00+05:00,35.8,19,0.0,30,7.2,1004.5,0,1,28.13381203961025,61.86618796038975,229.864131405566,850.8234004019185,795.8327991153063,149.01923849027708,2.0,67.46026465684213
2023-07-20 15:00:00+05:00,37.0,17,0.0,290,11.2,1007.0,0,1,37.85232081598385,52.14767918401615,248.67629413329496,744.119986926945,765.8147948678628,139.4364582911844,3.1111111111111107,59.87261496730514
2023-07-20 16:00:00+05:00,37.0,17,0.0,270,11.2,1007.0,0,1,48.743049909692296,41.256950090307704,261.66029290676806,594.5369930527347,712.2932000238512,124.82449506358456,3.1111111111111107,54.985787077155294
2023-07-20 17:00:00+05:00,37.0,17,0.0,330,15.0,1007.0,0,1,59.98203892495708,30.017961075042923,272.02347661292487,414.1992124299696,619.6179651012283,104.22203025639658,4.166666666666667,47.28670531848718
2023-07-20 18:00:00+05:00,36.0,18,0.0,350,14.8,1006.0,1,1,71.15283994356975,18.84716005643026,281.34525573446854,220.808879064719,452.8231199555582,74.52673782325664,4.111111111111112,40.67975627248006
2023-07-20 19:00:00+05:00,36.0,18,0.0,310,14.8,1007.0,1,1,81.93031754284671,8.069682457153291,290.5259977146818,49.39352689021222,152.806397687774,27.94296969165017,4.111111111111112,35.62676582936439
2023-07-20 20:00:00+05:00,33.5,25,0.0,340,3.6,1003.3,1,1,92.22029965305222,-2.220299653052224,300.2023204968757,0.0,0.0,0.0,1.0,29.883971282128016
2023-07-20 21:00:00+05:00,34.0,19,0.0,350,14.8,1007.0,0,1,101.39731476819742,-11.39731476819742,310.9062393698743,0.0,0.0,0.0,4.111111111111112,32.017738360474766
2023-07-20 22:00:00+05:00,33.0,19,0.0,20,14.8,1008.0,1,1,109.09908841781242,-19.099088417812425,323.0785005694886,0.0,0.0,0.0,4.111111111111112,30.949382324998396
2023-07-20 23:00:00+05:00,28.6,30,0.0,300,3.6,1004.8,1,1,114.7518364512022,-24.75183645120219,336.938691713603,0.0,0.0,0.0,1.0,24.393218792362575
2023-07-21 00:00:00+05:00,30.0,22,0.0,340,14.8,1008.0,1,1,117.76444599044174,-27.764445990441743,352.23579860137266,0.0,0.0,0.0,4.111111111111112,27.756992572378806
2023-07-21 01:00:00+05:00,29.0,25,0.0,350,14.8,1008.0,1,1,117.73856690251256,-27.73856690251255,8.106824496949002,0.0,0.0,0.0,4.111111111111112,26.69699579802085
2023-07-21 02:00:00+05:00,26.6,35,0.0,280,3.6,1005.2,6,1,114.6779715630981,-24.6779715630981,23.387229277394457,0.0,0.0,0.0,1.0,22.17498315009425
2023-07-21 03:00:00+05:00,28.0,28,0.0,350,7.6,1008.0,2,1,108.98635885358784,-18.98635885358783,37.22334272485813,0.0,0.0,0.0,2.111111111111111,24.68662218819958
2023-07-21 04:00:00+05:00,26.0,32,0.0,33,3.6,1008.0,2,1,101.25613920721756,-11.256139207217553,49.374359005078475,0.0,0.0,0.0,1.0,21.51204101317626
2023-07-21 05:00:00+05:00,23.2,53,0.0,30,3.6,1006.5,3,1,92.05992810345845,-2.0599281034584305,60.06605258064547,0.0,0.0,0.0,1.0,18.433477588459823
2023-07-21 06:00:00+05:00,25.0,50,0.0,120,7.6,1009.0,2,1,81.76034330561964,8.23965669438036,69.74238352783135,51.65349332998072,159.0450909168208,28.860111039714333,2.111111111111111,23.659190166428175
2023-07-21 07:00:00+05:00,24.0,57,0.0,160,11.2,1010.0,0,1,70.97675275106194,19.02324724893806,78.93838170267725,224.01992094653863,457.02121944135246,75.053048588303,3.1111111111111107,28.910296292343958
2023-07-21 08:00:00+05:00,26.5,44,0.0,110,3.6,1007.8,2,1,59.8085415514486,30.1914584485514,88.29622641839819,417.34347904650247,622.08069555721,104.50463593832433,1.0,44.25175318690674
2023-07-21 09:00:00+05:00,28.0,35,0.0,200,14.8,1011.0,2,2,48.58291686302486,41.41708313697514,98.72802481201126,597.188303749609,713.836528408375,124.96010844613124,4.111111111111112,43.37220475061298
2023-07-21 10:00:00+05:00,29.0,37,0.0,200,14.8,1011.0,2,2,37.72472060720119,52.27527939279881,111.83696727472012,745.9760149348652,766.8141566282812,139.45698688123937,4.111111111111112,48.70193658702584
2023-07-21 11:00:00+05:00,30.9,34,0.0,150,3.6,1008.1,2,2,28.079090643531188,61.92090935646881,130.8626471470443,851.6459974571615,796.4574039441115,148.9326677489015,1.0,69.71813270231564
2023-07-21 12:00:00+05:00,33.0,26,0.0,250,11.2,1011.0,1,2,21.67352291945444,68.32647708054556,161.08826742176484,906.1810541317644,809.8057719756252,153.62584805861786,3.1111111111111107,61.07655838791135
2023-07-21 13:00:00+05:00,35.0,22,0.0,250,14.8,1011.0,1,1,21.75860844063584,68.24139155936416,199.6665529379553,905.5430360358148,809.6563041077711,153.57161204578802,4.111111111111112,59.32428082154564
2023-07-21 14:00:00+05:00,35.2,22,0.0,230,7.2,1007.3,1,1,28.275874310175396,61.72412568982461,229.5966099331693,849.7660790860429,795.9756463886768,148.76871350483702,2.0,66.82197203303616
2023-07-21 15:00:00+05:00,37.0,17,0.0,250,11.2,1010.0,0,1,37.96898632632225,52.03101367367775,248.43138419758844,742.956773604896,765.8829118944128,139.17765956432902,3.1111111111111107,59.83485065076809
2023-07-21 16:00:00+05:00,37.0,17,0.0,300,7.6,1010.0,0,1,48.848535094360095,41.151464905639905,261.4492436071589,593.203576052714,712.1866961606996,124.5477993215236,2.111111111111111,58.24606483996098
2023-07-21 17:00:00+05:00,36.7,20,0.0,250,7.6,1006.1,0,1,60.085521100084335,29.914478899915665,271.838388542483,412.65765607934486,619.1011226719523,103.90772094408362,2.111111111111111,50.89020212407286
2023-07-21 18:00:00+05:00,37.0,17,0.0,310,7.6,1009.0,0,1,71.26032574273714,18.739674257262855,281.1785059019103,219.0989660478768,451.2728241028942,74.11908465336128,2.111111111111111,43.49144797358787
2023-07-21 19:00:00+05:00,35.0,22,0.0,240,14.8,1009.0,0,1,82.0455057381052,7.954494261894792,290.37269645287824,47.99302456599633,149.336614681313,27.326843949384585,4.111111111111112,34.515662887755695
2023-07-21 20:00:00+05:00,33.2,26,0.0,170,3.6,1006.2,0,1,92.34938043886548,-2.349380438865483,300.06057187673696,0.0,0.0,0.0,1.0,29.54546901340524
2023-07-21 21:00:00+05:00,31.0,29,0.0,220,7.6,1010.0,0,1,101.54201336642018,-11.542013366420182,310.77768112856074,0.0,0.0,0.0,2.111111111111111,27.947012375227132
2023-07-21 22:00:00+05:00,30.0,31,0.0,160,7.6,1010.0,0,1,109.2611141484442,-19.261114148444193,322.96924652369887,0.0,0.0,0.0,2.111111111111111,26.857492337694566
2023-07-21 23:00:00+05:00,27.8,40,0.0,20,3.6,1008.0,0,1,114.93022269946988,-24.930222699469873,336.85947398126024,0.0,0.0,0.0,1.0,23.504359708889353
2023-07-22 00:00:00+05:00,26.0,42,0.0,80,14.8,1010.0,0,1,117.95419368539665,-27.954193685396632,352.1987167798816,0.0,0.0,0.0,4.111111111111112,23.52901613848445
2023-07-22 01:00:00+05:00,25.0,41,0.0,80,11.2,1009.0,0,1,117.93109955833413,-27.93109955833411,8.118120682051199,0.0,0.0,0.0,3.1111111111111107,22.05067509221584
2023-07-22 02:00:00+05:00,24.6,47,0.0,30,3.6,1007.7,0,1,114.86433666817214,-24.864336668172147,23.44258737848031,0.0,0.0,0.0,1.0,19.969657082736774
2023-07-22 03:00:00+05:00,24.0,44,0.0,80,14.8,1009.0,0,1,109.16064437004378,-19.16064437004378,37.31169866905941,0.0,0.0,0.0,4.111111111111112,21.426762468579113
2023-07-22 04:00:00+05:00,26.0,39,0.0,60,14.8,1009.0,0,1,101.416337014188,-11.416337014187995,49.48503323080615,0.0,0.0,0.0,4.111111111111112,23.52901613848445
2023-07-22 05:00:00+05:00,23.3,49,0.0,30,14.8,1007.3,0,1,92.20684668373262,-2.206846683732621,60.19241066673624,0.0,0.0,0.0,4.111111111111112,20.692763834597997
2023-07-22 06:00:00+05:00,25.0,44,0.0,150,7.6,1010.0,0,1,81.89484799249256,8.105152007507444,69.88204432393502,49.984509685891794,154.92034419126466,28.14225104046903,2.111111111111111,23.588023766485207
2023-07-22 07:00:00+05:00,28.0,37,0.0,80,7.6,1010.0,0,1,71.10482723184595,18.895172768154055,79.09238590930812,221.95364598315012,455.0825078382075,74.58076954538984,2.111111111111111,34.00270234355412
2023-07-22 08:00:00+05:00,29.4,37,0.0,60,3.6,1007.2,0,1,59.93339298585471,30.06660701414529,88.46837141880923,415.4468100667172,621.3505110531476,104.14621086980708,1.0,47.1283932716438
2023-07-22 09:00:00+05:00,32.0,30,0.0,180,7.6,1010.0,0,1,48.71015434509128,41.28984565490872,98.92413361518146,595.5379640352161,713.6067782061693,124.6513200826156,2.111111111111111,53.20481945238316
2023-07-22 10:00:00+05:00,33.0,28,0.0,230,11.2,1010.0,0,1,37.86289895667198,52.13710104332802,112.06107872721412,744.5578826005417,766.8102593235981,139.175222574543,3.1111111111111107,55.81022386528167
2023-07-22 11:00:00+05:00,34.8,26,0.0,310,3.6,1005.7,0,1,28.240703548320624,61.759296451679376,131.09408556019827,850.411791258364,796.5610893031809,148.6673403237562,1.0,73.40609583030704
2023-07-22 12:00:00+05:00,37.0,21,0.0,240,14.8,1009.0,0,1,21.864661243946287,68.13533875605371,161.19632869554243,905.0638845385952,809.9573012067127,153.36994821915846,4.111111111111112,61.34117258307879
2023-07-22 13:00:00+05:00,36.0,22,0.0,300,14.8,1009.0,0,1,21.943766882684756,68.05623311731524,199.4977553084824,904.4657289246004,809.816996256366,153.3191101869345,4.111111111111112,60.30818312892097
2023-07-22 14:00:00+05:00,37.7,21,0.0,320,7.2,1004.2,0,1,28.42435459661916,61.57564540338084,229.32795851407877,848.6482202074758,796.1084735468645,148.51355217242644,2.0,69.27687650282246
2023-07-22 15:00:00+05:00,39.0,16,0.0,290,14.8,1007.0,0,1,38.091640837900414,51.908359162099586,248.18326956896257,741.7218874303035,765.9337660084559,138.91283768374683,4.111111111111112,58.79798335140265
2023-07-22 16:00:00+05:00,39.0,16,0.0,300,11.2,1007.0,0,1,48.95966411379439,41.04033588620561,261.2346776799266,591.7877704742663,712.0494377628004,124.2631038126159,3.1111111111111107,56.97408369730431
2023-07-22 17:00:00+05:00,39.2,18,0.0,310,11.2,1003.5,0,1,60.19447038307421,29.805529616925792,271.64995256852245,411.0252045398541,618.5259604861162,103.58210903936804,3.1111111111111107,51.22799988790342
2023-07-22 18:00:00+05:00,38.0,17,0.0,270,11.2,1006.0,0,1,71.37323311859592,18.626766881404073,281.0086859906593,217.2968329812498,449.60169645686494,73.69313230715187,3.1111111111111107,43.45679862724262
2023-07-22 19:00:00+05:00,36.0,27,0.0,240,18.4,1006.0,0,1,82.16610350304143,7.833896496958574,290.21663932781667,46.53732449625992,145.6760716226637,26.681431125647716,5.111111111111111,35.59862457905365
2023-07-22 20:00:00+05:00,34.2,33,0.0,220,3.6,1002.6,0,1,92.48411320748184,-2.484113207481839,299.91644548279555,0.0,0.0,0.0,1.0,30.675012678304483
2023-07-22 21:00:00+05:00,31.0,40,0.0,250,11.2,1007.0,0,1,101.69255144192364,-11.692551441923657,310.6472699509791,0.0,0.0,0.0,3.1111111111111107,28.4558816916703
2023-07-22 22:00:00+05:00,31.0,43,0.0,246,3.6,1007.0,0,1,109.42915363199032,-19.429153631990317,322.85893798734935,0.0,0.0,0.0,1.0,27.072484676462636
2023-07-22 23:00:00+05:00,28.7,44,0.0,360,3.6,1003.8,0,1,115.11468571862083,-25.114685718620837,336.7803963541842,0.0,0.0,0.0,1.0,24.504473836231455
2023-07-23 00:00:00+05:00,30.0,33,0.0,0,0.0,1006.0,0,1,118.1498402115561,-28.149840211556103,352.16333738923714,0.0,0.0,0.0,0.0,24.533058069175297
2023-07-23 01:00:00+05:00,27.0,51,0.0,190,7.6,1006.0,0,1,118.12903325347496,-28.129033253474965,8.132727853167353,0.0,0.0,0.0,2.111111111111111,23.605210159731712
2023-07-23 02:00:00+05:00,25.6,56,0.0,30,3.6,1004.1,0,1,115.05535384635644,-25.055353846356436,23.502478589156055,0.0,0.0,0.0,1.0,21.070721801491402
2023-07-23 03:00:00+05:00,27.0,45,0.0,160,7.6,1006.0,0,1,109.33875893213468,-19.338758932134688,37.4052645311188,0.0,0.0,0.0,2.111111111111111,23.605210159731712
2023-07-23 04:00:00+05:00,25.0,50,0.0,120,3.6,1007.0,0,1,101.57962081970396,-11.579620819703944,49.60119958360531,0.0,0.0,0.0,1.0,20.409701358320774
2023-07-23 05:00:00+05:00,24.4,50,0.0,70,3.6,1004.5,2,1,92.35626257988072,-2.3562625798807213,60.32437624743022,0.0,0.0,0.0,1.0,19.74982500373477
2023-07-23 06:00:00+05:00,26.0,48,0.0,120,11.2,1007.0,0,1,82.03136984806885,7.968630151931151,70.02743125569111,48.306925494550654,150.71683316473133,27.412915072633098,3.1111111111111107,24.824109549310833
2023-07-23 07:00:00+05:00,27.0,48,0.0,160,14.8,1008.0,0,1,71.23474188348969,18.765258116510314,79.25234604397167,219.8572714536284,453.09120457455634,74.10162533863513,4.111111111111112,31.199598642558044
2023-07-23 08:00:00+05:00,27.6,46,0.0,110,7.2,1005.5,2,1,60.06005088747968,29.93994911252032,88.64688939463133,413.5205047055296,620.5995228807253,103.78421244445389,2.0,41.74123308422628
2023-07-23 09:00:00+05:00,29.0,40,0.0,180,14.8,1009.0,2,2,48.83940075628229,41.16059924371771,99.12727586514792,593.8587505730167,713.3678920290113,124.34005748640932,4.111111111111112,44.29580250927853
2023-07-23 10:00:00+05:00,31.0,31,0.0,190,14.8,1009.0,2,2,38.003622821030945,51.996377178969055,112.2930961848282,743.1092911390881,766.8015831013099,138.89124931671597,4.111111111111112,50.6473889616351
2023-07-23 11:00:00+05:00,32.3,28,0.0,140,7.2,1005.0,2,2,28.405860704802592,61.59413929519741,131.33407740622044,849.1427796549924,796.6612364230956,148.3996219551459,2.0,63.92150826602665
2023-07-23 12:00:00+05:00,34.0,28,0.0,200,11.2,1009.0,1,1,22.060755173084985,67.93924482691502,161.31232870531448,903.9049679076312,810.104731154308,153.1111563523499,3.1111111111111107,62.00510388171023
2023-07-23 13:00:00+05:00,35.0,27,0.0,260,7.6,1008.0,1,1,22.135152306895492,67.86484769310451,199.33349426214625,903.3375978513118,809.9714688245845,153.0629426038173,2.111111111111111,68.00612007472341
2023-07-23 14:00:00+05:00,36.6,24,0.0,230,11.2,1003.4,1,1,28.579237516796702,61.4207624832033,229.05852060905744,847.4689985153626,796.230983588617,148.25367784354444,3.1111111111111107,62.80736160540573
2023-07-23 15:00:00+05:00,38.0,21,0.0,250,11.2,1007.0,1,1,38.220294517274695,51.779705482725305,247.93220750564907,740.4145033282196,765.966955587365,138.64190959985228,3.1111111111111107,60.777519798646836
2023-07-23 16:00:00+05:00,38.0,18,0.0,280,11.2,1006.0,1,1,49.076450672548,40.923549327452,261.01677835050555,590.2888595400784,711.8808142845742,123.97031825777988,3.1111111111111107,55.88438437166349
2023-07-23 17:00:00+05:00,39.0,19,0.0,260,3.6,1001.9,1,1,60.30889521576074,29.691104784239258,271.458307146302,409.3013786542093,617.8913584991915,103.2450788216948,1.0,56.86472779797907
2023-07-23 18:00:00+05:00,37.0,24,0.0,220,18.4,1006.0,1,1,71.49156147214752,18.508438527852476,280.83590691862975,215.40252275440344,447.8072430715657,73.24865601864497,5.111111111111111,41.022545447893094
2023-07-23 19:00:00+05:00,35.0,27,0.0,230,14.8,1006.0,1,1,82.2920944497008,7.707905550299207,290.0579189606158,45.028989472077264,141.82617765743055,26.006848689300263,4.111111111111112,34.4276261466631
2023-07-23 20:00:00+05:00,33.9,28,0.0,210,3.6,1002.1,1,1,92.62447674229972,-2.624476742299734,299.7700206593102,0.0,0.0,0.0,1.0,30.335788347037237
2023-07-23 21:00:00+05:00,32.0,36,0.0,150,7.6,1006.0,1,1,101.84889671046398,-11.848896710463976,310.515075062003,0.0,0.0,0.0,2.111111111111111,29.03929685219026
2023-07-23 22:00:00+05:00,31.0,40,0.0,140,11.2,1006.0,1,1,109.60316374589212,-19.60316374589212,322.74763738393864,0.0,0.0,0.0,3.1111111111111107,28.4558816916703
2023-07-23 23:00:00+05:00,29.5,44,0.0,80,3.6,1002.4,1,1,115.30517159312836,-25.305171593128367,336.70151942798327,0.0,0.0,0.0,1.0,25.39570160499261
2023-07-24 00:00:00+05:00,28.0,45,0.0,100,11.2,1005.0,1,1,118.3513199804006,-28.3513199804006,352.12972368637895,0.0,0.0,0.0,3.1111111111111107,25.24299745388356
2023-07-24 01:00:00+05:00,27.0,48,0.0,80,11.2,1005.0,1,1,118.3322898271951,-28.332289827195105,8.150708941714925,0.0,0.0,0.0,3.1111111111111107,24.176644785552924
2023-07-24 02:00:00+05:00,26.6,49,0.0,40,3.6,1001.8,1,1,115.25093439347434,-25.250934393474335,23.56695409612928,0.0,0.0,0.0,1.0,22.17498315009425
2023-07-24 03:00:00+05:00,27.0,45,0.0,80,11.2,1004.0,0,1,109.52060891864213,-19.520608918642115,37.50407008533068,0.0,0.0,0.0,3.1111111111111107,24.176644785552924
2023-07-24 04:00:00+05:00,27.0,45,0.0,70,11.2,1004.0,1,1,101.74589849722268,-11.745898497222669,49.72286450442033,0.0,0.0,0.0,3.1111111111111107,24.176644785552924
2023-07-24 05:00:00+05:00,25.2,53,0.0,50,3.6,1002.0,3,1,92.50809002061916,-2.508090020619151,60.46193514674792,0.0,0.0,0.0,1.0,20.629914053411085
2023-07-24 06:00:00+05:00,27.0,45,0.0,80,11.2,1005.0,1,1,82.16982951560173,7.830170484398267,70.17851248167727,46.62306576175529,146.4387337469417,26.672654513491224,3.1111111111111107,25.82468588055991
2023-07-24 07:00:00+05:00,29.0,40,0.0,70,11.2,1005.0,1,1,71.36643116760747,18.633568832392527,79.41821338955054,217.73194578720847,451.047471084049,73.61572082402972,3.1111111111111107,33.917900578087824
2023-07-24 08:00:00+05:00,30.7,39,0.0,50,3.6,1001.7,5,1,60.18846169557406,29.81153830442594,88.83171183959695,411.5653095003999,619.8278337552383,103.41870600637844,1.0,48.2746516307443
2023-07-24 09:00:00+05:00,32.0,30,0.0,170,14.8,1005.0,4,2,48.97061449809477,41.02938550190523,99.33735388927482,592.151042417563,713.1198694291938,124.02634703348144,4.111111111111112,47.31976347450592
2023-07-24 10:00:00+05:00,34.0,25,0.0,190,11.2,1005.0,3,2,38.14686009302304,51.85313990697696,112.53287113269072,741.6302666214553,766.7880454303229,138.60506118672197,3.1111111111111107,56.73020409750944
2023-07-24 11:00:00+05:00,35.3,21,0.0,110,7.2,1001.3,3,2,28.574527660209256,61.425472339790744,131.58239308981172,847.8386729658533,796.7577036805808,148.12948073462098,2.0,66.84770065596257
2023-07-24 12:00:00+05:00,37.0,20,0.0,200,14.8,1005.0,2,2,22.261741135782685,67.73825886421731,161.43605931481443,902.7037590641016,810.2478723493288,152.84942040867327,4.111111111111112,61.27500521477657
2023-07-24 13:00:00+05:00,38.0,21,0.0,210,11.2,1004.0,2,2,22.332695575760027,67.66730442423997,199.17394568125576,902.1579212999484,810.119484038731,152.80304280708765,3.1111111111111107,65.98026605877902
2023-07-24 14:00:00+05:00,38.8,20,0.0,150,3.6,999.7,2,2,28.74050171194753,61.25949828805247,228.7886283382301,846.2276089288767,796.3428757926175,147.9890149357076,1.0,77.10948889462122
2023-07-24 15:00:00+05:00,39.0,20,0.0,230,14.8,1003.0,2,2,38.35495178351133,51.64504821648867,247.67845212067303,739.0338337983568,765.9820759863006,138.36479453424454,4.111111111111112,58.72218778815994
2023-07-24 16:00:00+05:00,39.0,19,0.0,320,11.2,1003.0,2,2,49.19890319782272,40.80109680217728,260.7957276492973,588.7061808535968,711.6802096634253,123.66935552630288,3.1111111111111107,56.8732762617484
2023-07-24 17:00:00+05:00,40.1,18,0.0,220,3.6,997.7,1,2,60.42879906925796,29.57120093074203,271.26358977781456,407.48577026570985,617.1961772806403,102.8965173748756,1.0,57.94759593565158
2023-07-24 18:00:00+05:00,39.0,18,0.0,250,3.6,1002.0,2,2,71.61530542449336,18.384694575506636,280.6602784416452,213.41617622043995,445.8869063144697,72.78542909956951,1.0,47.148970411762264
2023-07-24 19:00:00+05:00,37.0,24,0.0,220,14.8,1002.0,2,2,82.42345702490508,7.576542975094925,289.89662643730514,43.4708550507608,137.7890410229266,25.30329100493241,4.111111111111112,36.52333148269872
2023-07-24 20:00:00+05:00,35.1,31,0.0,340,3.6,998.0,2,2,92.77044550443108,-2.770445504431074,299.6213747441372,0.0,0.0,0.0,1.0,31.694553189038572
2023-07-24 21:00:00+05:00,33.0,32,0.0,270,11.2,1002.0,2,2,102.01101288857862,-12.011012888578618,310.38116314450343,0.0,0.0,0.0,3.1111111111111107,30.60962243708974
2023-07-24 22:00:00+05:00,34.0,30,0.0,300,3.6,1002.0,2,2,109.78309782050206,-19.783097820502057,322.6354040828538,0.0,0.0,0.0,1.0,30.448828644813318
2023-07-24 23:00:00+05:00,31.0,38,0.0,60,14.8,1002.0,2,2,115.50162344489264,-25.501623444892648,336.62290042759594,0.0,0.0,0.0,4.111111111111112,28.81903735214513
2023-07-25 00:00:00+05:00,30.0,29,0.0,70,14.8,1002.0,1,1,118.55856509796006,-28.55856509796006,352.0979355403939,0.0,0.0,0.0,4.111111111111112,27.756992572378806
2023-07-25 01:00:00+05:00,29.0,31,0.0,80,11.2,1002.0,1,1,118.54078948216888,-28.540789482168897,8.172123521910805,0.0,0.0,0.0,3.1111111111111107,26.31163476322837
2023-07-25 02:00:00+05:00,27.8,36,0.0,50,7.2,999.4,1,1,115.4509886887343,-25.450988688734306,23.63606151476256,0.0,0.0,0.0,2.0,24.39363602601668
2023-07-25 03:00:00+05:00,30.0,27,0.0,50,11.2,1002.0,0,1,109.7061005972687,-19.706100597268705,37.608141221447056,0.0,0.0,0.0,3.1111111111111107,27.382586307136705
2023-07-25 04:00:00+05:00,30.0,27,0.0,60,14.8,1002.0,1,1,101.91507863069543,-11.91507863069543,49.8500303821786,0.0,0.0,0.0,4.111111111111112,27.756992572378806
2023-07-25 05:00:00+05:00,26.3,41,0.0,50,3.6,1000.3,1,1,92.6622446867647,-2.6622446867646965,60.60506913394602,0.0,0.0,0.0,1.0,21.843367260079162
2023-07-25 06:00:00+05:00,27.0,34,0.0,60,11.2,1003.0,1,1,82.31014949096003,7.689850509039971,70.33525214780889,44.935264388714714,142.0904724358618,25.922047542089455,3.1111111111111107,25.765132790059567
2023-07-25 07:00:00+05:00,30.0,29,0.0,70,11.2,1004.0,1,1,71.49983209249962,18.500167907500384,79.58993518615955,215.57877725630124,448.9514222931744,73.12315278306525,3.1111111111111107,34.895701536542276
2023-07-25 08:00:00+05:00,32.1,32,0.0,30,3.6,1000.6,0,1,60.31857475210947,29.681425247890527,89.02276597300477,409.5819241898547,619.0355140175219,103.04975055220972,1.0,49.62710211916499
2023-07-25 09:00:00+05:00,35.0,25,0.0,180,3.6,1004.0,0,1,49.10375704882965,40.89624295117035,99.55426514179123,590.4151731580854,712.8626875356935,123.71021001332412,1.0,61.45381409799796
2023-07-25 10:00:00+05:00,36.0,24,0.0,270,11.2,1004.0,0,1,38.29258160784408,51.70741839215592,112.78024898044777,740.1207963071253,766.7695477973799,138.31664831540922,3.1111111111111107,58.71983393987438
2023-07-25 11:00:00+05:00,37.2,23,0.0,250,3.6,999.8,0,1,28.746672146051587,61.25332785394841,131.83879518340797,846.4991538847821,796.850338005199,147.85688199594415,1.0,75.55773721509848
2023-07-25 12:00:00+05:00,39.0,19,0.0,320,11.2,1004.0,0,1,22.46755609814595,67.53244390185405,161.56729949990142,901.4597000061082,810.3865272830477,152.5846868677287,3.1111111111111107,66.97159239329835
2023-07-25 13:00:00+05:00,40.0,16,0.0,300,11.2,1003.0,0,1,22.53632422551071,67.46367577448929,199.01926031748764,900.9259822867398,810.2607987894806,152.53934421063718,3.1111111111111107,67.97059739170567
2023-07-25 14:00:00+05:00,40.4,15,0.0,320,7.2,998.2,1,1,28.90811975587208,61.09188024412792,228.5186009096563,844.9232695882853,796.4438462246295,147.71948917541806,2.0,71.85311869951079
2023-07-25 15:00:00+05:00,42.0,11,0.0,310,7.6,1002.0,1,1,38.49561105735102,51.50438894264898,247.42225322413523,737.579133339408,765.9787204874245,138.0814143490536,2.111111111111111,68.88093806652711
2023-07-25 16:00:00+05:00,42.0,11,0.0,320,11.2,1002.0,1,1,49.32702454590585,40.67297545409415,260.5717056026352,587.0391318254569,711.4470038537747,123.3601321259095,3.1111111111111107,59.956206449601666
2023-07-25 17:00:00+05:00,41.8,14,0.0,20,3.6,996.8,1,1,60.55418015037259,29.44581984962741,271.06593638424215,405.5780482193321,616.4392602887247,102.53631518843092,1.0,59.67414796975271
2023-07-25 18:00:00+05:00,41.0,11,0.0,330,11.2,1001.0,1,1,71.74445454225719,18.25554545774281,280.4819086178219,211.33803885543017,443.83806891021794,72.30322365402378,3.1111111111111107,46.48533249137279
2023-07-25 19:00:00+05:00,40.0,12,0.0,340,7.6,1001.0,1,1,82.56016419611322,7.43983580388678,289.7328508107455,41.866045811171155,133.56757555759316,24.571042870810228,2.111111111111111,39.59208495382194
2023-07-25 20:00:00+05:00,36.6,21,0.0,320,3.6,997.6,1,1,92.92198942618448,-2.9219894261844614,299.4705825745108,0.0,0.0,0.0,1.0,33.40005818411754
2023-07-25 21:00:00+05:00,34.0,28,0.0,0,0.0,1002.0,0,1,102.17885953713062,-12.178859537130617,310.24559781949904,0.0,0.0,0.0,0.0,29.228998498743806
2023-07-25 22:00:00+05:00,33.0,30,0.0,110,11.2,1002.0,0,1,109.9689055540797,-19.9689055540797,322.5222938390539,0.0,0.0,0.0,3.1111111111111107,30.60962243708974
2023-07-25 23:00:00+05:00,29.8,32,0.0,350,3.6,999.0,0,1,115.70398144345948,-25.703981443459476,336.544592611374,0.0,0.0,0.0,1.0,25.730458232036938
2023-07-26 00:00:00+05:00,29.0,45,0.0,90,11.2,1002.0,0,1,118.7715054873786,-28.771505487378608,352.0680288257619,0.0,0.0,0.0,3.1111111111111107,26.31163476322837
2023-07-26 01:00:00+05:00,28.0,42,0.0,80,11.2,1002.0,1,1,118.754451024866,-28.754451024866015,8.197027237456382,0.0,0.0,0.0,3.1111111111111107,25.24299745388356
2023-07-26 02:00:00+05:00,27.4,43,0.0,60,3.6,999.2,1,1,115.65542654176936,-25.65542654176937,23.70984438249718,0.0,0.0,0.0,1.0,23.060714528302924
2023-07-26 03:00:00+05:00,27.0,37,0.0,90,7.6,1002.0,1,1,109.89514055512956,-19.89514055512956,37.71749952527364,0.0,0.0,0.0,2.111111111111111,23.605210159731712
2023-07-26 04:00:00+05:00,27.0,34,0.0,80,14.8,1002.0,1,1,102.08707100151824,-12.087071001518252,49.98269522297585,0.0,0.0,0.0,4.111111111111112,24.583035248813417
2023-07-26 05:00:00+05:00,24.9,50,0.0,60,3.6,1000.3,1,1,92.81864423213035,-2.8186442321303584,60.753755665200515,0.0,0.0,0.0,1.0,20.299642696789192
2023-07-26 06:00:00+05:00,27.0,34,0.0,90,11.2,1003.0,1,1,82.45225463066674,7.547745369333258,70.49761018406667,43.24585873510541,137.67672872631948,25.161699411702767,3.1111111111111107,25.70551499659041
2023-07-26 07:00:00+05:00,29.0,33,0.0,100,14.8,1004.0,1,1,71.6348847437967,18.365115256203293,79.76745445755341,213.3988249443671,446.8031150913619,72.62400813528498,4.111111111111112,33.09375620985401
2023-07-26 08:00:00+05:00,32.0,28,0.0,150,7.6,1004.0,0,1,60.45034281198204,29.54965718801796,89.21997457973055,407.570992963554,618.2225954848766,102.67739759099555,2.111111111111111,45.759735764459776
2023-07-26 09:00:00+05:00,33.0,30,0.0,190,14.8,1004.0,0,1,49.23879344232367,40.76120655767633,99.77790202716824,588.6514234393308,712.5962976451544,123.39166184814768,4.111111111111112,48.24718400322439
2023-07-26 10:00:00+05:00,34.0,26,0.0,180,18.4,1004.0,0,1,38.4407615614813,51.5592384385187,113.03506885291,738.5808230674186,766.7459737909696,138.02599636730974,5.111111111111111,51.23355914583698
2023-07-26 11:00:00+05:00,35.8,26,0.0,120,7.2,1000.1,0,1,28.92226440528635,61.07773559471365,132.1030382154362,845.1238741308431,796.9389738630455,147.5817880194395,2.0,67.24221666132149
2023-07-26 12:00:00+05:00,37.0,21,0.0,210,18.4,1004.0,0,1,22.678137801361643,67.32186219863836,161.705815219819,900.1722190094792,810.5204900345632,152.3169006542829,5.111111111111111,58.35090427340816
2023-07-26 13:00:00+05:00,38.0,18,0.0,210,14.8,1003.0,0,1,22.745962623738237,67.25403737626176,198.8695628804789,899.641069895094,810.3951647931596,152.27178024748616,4.111111111111112,62.20766648371733
2023-07-26 14:00:00+05:00,40.2,20,0.0,210,7.2,999.0,2,1,29.08205801173115,60.91794198826885,228.24874283383457,843.5552256404086,796.5335884415761,147.4450279042601,2.0,71.59947824244608
2023-07-26 15:00:00+05:00,40.0,13,0.0,250,14.8,1003.0,2,2,38.64226442779376,51.35773557220624,247.1638549822385,736.0497041384348,765.9564816688243,137.7916940347587,4.111111111111112,59.671360347131156
2023-07-26 16:00:00+05:00,42.0,11,0.0,210,7.6,1002.0,1,2,49.46081160871675,40.53918839128325,260.3448892757536,585.2871767949663,711.1805751386122,123.0425688732941,2.111111111111111,63.14610830374147
2023-07-26 17:00:00+05:00,41.5,15,0.0,190,3.6,1002.0,1,2,60.68503100284102,29.314968997158974,270.8654805554001,403.5779662812936,615.6194375512474,102.16436701793732,1.0,59.2559191919384
2023-07-26 18:00:00+05:00,41.0,14,0.0,160,14.8,1002.0,1,1,71.8789929488101,18.121007051189903,280.3009031541506,209.168469502976,441.6580610265229,71.80181173598518,4.111111111111112,45.66703998363994
2023-07-26 19:00:00+05:00,38.0,21,0.0,170,11.2,1002.0,1,2,82.7021830195343,7.297816980465701,289.56667848923513,40.21799324034681,129.16562242309794,23.810495427933397,3.1111111111111107,37.42037336773018
2023-07-26 20:00:00+05:00,36.2,24,0.0,70,3.6,998.2,1,2,93.07907360078188,-3.0790736007818675,299.31771587379745,0.0,0.0,0.0,1.0,32.944486305066675
2023-07-26 21:00:00+05:00,33.0,32,0.0,100,11.2,1003.0,0,1,102.35239182112976,-12.352391821129755,310.1084390072599,0.0,0.0,0.0,3.1111111111111107,30.60962243708974
2023-07-26 22:00:00+05:00,31.0,33,0.0,90,14.8,1003.0,1,1,110.16053286049772,-20.16053286049771,322.4083581001403,0.0,0.0,0.0,4.111111111111112,28.81903735214513
2023-07-26 23:00:00+05:00,29.8,39,0.0,30,3.6,1000.1,1,1,115.91218276981212,-25.912182769812137,336.46664452471725,0.0,0.0,0.0,1.0,25.730458232036938
2023-07-27 00:00:00+05:00,29.0,35,0.0,80,18.4,1003.0,1,1,118.99006899192004,-28.99006899192002,352.0400546546446,0.0,0.0,0.0,5.111111111111111,26.985562619225902
2023-07-27 01:00:00+05:00,27.0,37,0.0,90,14.8,1003.0,1,1,118.9731921149304,-28.97319211493041,8.225471068356455,0.0,0.0,0.0,4.111111111111112,24.583035248813417
2023-07-27 02:00:00+05:00,27.4,40,0.0,40,7.2,1000.3,1,1,115.86415757494984,-25.86415757494985,23.7883415025683,0.0,0.0,0.0,2.0,23.96012166308344
2023-07-27 03:00:00+05:00,27.0,37,0.0,90,11.2,1003.0,0,1,110.08763618531474,-20.087636185314732,37.832161725403694,0.0,0.0,0.0,3.1111111111111107,24.176644785552924
2023-07-27 04:00:00+05:00,28.0,35,0.0,100,11.2,1003.0,1,1,102.26178714196308,-12.26178714196307,50.12085220505725,0.0,0.0,0.0,3.1111111111111107,25.24299745388356
2023-07-27 05:00:00+05:00,26.0,43,0.0,50,3.6,1000.6,1,1,92.97720887299305,-2.9772088729930255,60.90796752637959,0.0,0.0,0.0,1.0,21.51204101317626
2023-07-27 06:00:00+05:00,26.0,39,0.0,90,11.2,1003.0,1,1,82.59607272421532,7.403927275784676,70.66554200822725,41.557183848718,133.2024358768197,24.392242525230557,3.1111111111111107,24.58535763076742
2023-07-27 07:00:00+05:00,30.0,31,0.0,90,14.8,1004.0,1,1,71.77153287518152,18.22846712481848,79.95070974727116,211.1930886969923,444.6025348559369,72.11836188155047,4.111111111111112,34.07476277857745
2023-07-27 08:00:00+05:00,31.8,34,0.0,40,3.6,1000.8,1,1,60.583722616281136,29.41627738371886,89.42325574371347,405.5330945599467,617.3890643076412,102.30168983727788,1.0,49.11240973478914
2023-07-27 09:00:00+05:00,35.0,20,0.0,170,18.4,1004.0,0,1,49.375692799097024,40.624307200902976,100.00815159872413,586.8600125689557,712.3206213340375,123.07071121161528,5.111111111111111,48.42329264187401
2023-07-27 10:00:00+05:00,35.0,23,0.0,180,18.4,1004.0,1,1,38.59137796727891,51.40862203272109,113.2971632205165,737.0102391858766,766.7171869489696,137.73308596279514,5.111111111111111,52.21883557809423
2023-07-27 11:00:00+05:00,36.8,19,0.0,130,10.8,999.9,1,1,29.101277526504937,60.89872247349506,132.374868263459,843.7124508802762,797.023432163171,147.30415771641094,3.0,63.3401037793883
2023-07-27 12:00:00+05:00,37.0,22,0.0,230,14.8,1004.0,1,1,22.89342497085931,67.10657502914069,161.85135907029667,898.8407298329098,810.649545911941,152.04600506227143,4.111111111111112,61.16668172141732
2023-07-27 13:00:00+05:00,38.0,23,0.0,240,11.2,1003.0,2,1,22.961532072236324,67.03846792776368,198.7249511184629,898.3024812604677,810.5223288581261,152.00028452356787,3.1111111111111107,65.85707749586186
2023-07-27 14:00:00+05:00,39.4,20,0.0,220,3.6,999.2,2,1,29.262276435292257,60.73772356470774,227.97934216118065,842.1227537916388,796.6117944057136,147.16556045221105,1.0,77.5139018819923
2023-07-27 15:00:00+05:00,40.0,14,0.0,340,11.2,1003.0,2,2,38.79489725985041,51.20510274014959,246.90349457410895,734.444902757901,765.9149531211596,137.49556229232587,3.1111111111111107,62.642667521172086
2023-07-27 16:00:00+05:00,42.0,12,0.0,330,14.8,1002.0,3,2,49.600254861375134,40.399745138624866,260.1154518181193,583.4498552536065,710.88030299627,122.7165916853652,4.111111111111112,57.44969191066059
2023-07-27 17:00:00+05:00,39.2,15,0.0,280,18.0,998.5,3,2,60.82133804755016,29.17866195244984,270.6623528044198,401.48537224142854,614.7355303425343,101.78057291546683,5.0,48.21521845504799
2023-07-27 18:00:00+05:00,39.0,15,0.0,360,26.0,1003.0,4,2,72.01889888196226,17.981101118037735,280.1173647669916,206.90795014421624,439.3441693394213,71.28096676560335,7.222222222222222,42.11782513386066
2023-07-27 19:00:00+05:00,36.0,19,0.0,360,33.0,1004.0,4,2,82.84947414406257,7.1505258559374285,289.3981926391254,38.53045431980012,124.58808572742574,23.02216433448588,9.166666666666666,35.593866578118025
2023-07-27 20:00:00+05:00,34.0,20,0.0,300,25.2,1000.7,6,2,93.24165792019156,-3.2416579201915536,299.1628426534659,0.0,0.0,0.0,7.0,32.59350401772929
2023-07-27 21:00:00+05:00,34.0,20,0.0,10,25.9,1005.0,5,2,102.53156020746876,-12.531560207468756,309.9697422871254,0.0,0.0,0.0,7.194444444444444,32.620462535908246
2023-07-27 22:00:00+05:00,34.0,22,0.0,20,18.4,1005.0,5,2,110.35792165848792,-20.35792165848792,322.29364330710575,0.0,0.0,0.0,5.111111111111111,32.26383787965949
2023-07-27 23:00:00+05:00,31.2,26,0.0,270,10.8,1001.5,5,2,116.12616152486083,-26.12616152486085,336.3890992366246,0.0,0.0,0.0,3.0,28.623150634844137
2023-07-28 00:00:00+05:00,32.0,24,0.0,360,11.2,1005.0,4,2,119.21418142905848,-29.21418142905849,352.01405859353974,0.0,0.0,0.0,3.1111111111111107,29.53155053002331
2023-07-28 01:00:00+05:00,32.0,24,0.0,350,11.2,1004.0,4,2,119.19692946964946,-29.19692946964947,8.257500576768734,0.0,0.0,0.0,3.1111111111111107,29.53155053002331
2023-07-28 02:00:00+05:00,28.6,33,0.0,270,10.8,1001.7,6,2,116.07709156187904,-26.077091561879033,23.87158627264944,0.0,0.0,0.0,3.0,25.832371521791686
2023-07-28 03:00:00+05:00,29.0,31,0.0,70,11.2,1004.0,4,2,110.28349612728496,-20.28349612728497,37.95213913024827,0.0,0.0,0.0,3.1111111111111107,26.31163476322837
2023-07-28 04:00:00+05:00,30.0,27,0.0,360,7.6,1004.0,5,2,102.439140839716,-12.439140839715986,50.264489225118666,0.0,0.0,0.0,2.111111111111111,26.857492337694566
2023-07-28 05:00:00+05:00,27.2,35,0.0,310,7.2,1001.5,5,2,93.13786192365484,-3.1378619236548353,61.06767246835443,0.0,0.0,0.0,2.0,23.743526829331643
2023-07-28 06:00:00+05:00,27.0,39,0.0,86,3.6,1004.0,5,2,82.74153500444844,7.258464995551567,70.83899822171333,39.87156799746566,128.67278450050043,23.614337023773057,1.0,24.810754216042653
2023-07-28 07:00:00+05:00,28.0,37,0.0,120,7.6,1004.0,4,2,71.9097244375501,18.0902755624499,80.13963484410505,208.9625001749496,442.3495824994041,71.60627517776535,2.111111111111111,33.46404798581483
2023-07-28 08:00:00+05:00,29.7,33,0.0,40,3.6,1001.4,3,2,60.71867539312795,29.28132460687205,89.63252257573521,403.4687335109733,616.5348542930329,101.92266002947486,1.0,46.83231773150089
2023-07-28 09:00:00+05:00,32.0,32,0.0,31,3.6,1004.0,3,2,49.51442877599446,40.48557122400554,100.24489525938652,585.0410912314376,712.035546928586,122.747359255658,1.0,58.165420791021575
2023-07-28 10:00:00+05:00,35.0,25,0.0,230,7.6,1004.0,0,2,38.74441302536078,51.25558697463922,113.56635755114172,735.4088811014914,766.6830288528862,137.43789218510494,2.111111111111111,61.65910371468897
2023-07-28 11:00:00+05:00,36.4,23,0.0,330,3.6,1000.0,3,2,29.283687694575327,60.71631230542467,132.6540226180744,842.2644638685913,797.1035193142767,147.02394637089662,1.0,74.58655670706571
2023-07-28 12:00:00+05:00,38.0,18,0.0,350,11.2,1003.0,4,2,23.113357460594003,66.886642539406,162.00367016287134,897.4646313191539,810.7734711765985,151.77194171180724,3.1111111111111107,65.8303012826787
2023-07-28 13:00:00+05:00,39.0,18,0.0,300,14.8,1003.0,4,2,23.18295091343009,66.81704908656991,198.5854953266579,896.909523557225,810.6420331520424,151.72479097141365,4.111111111111112,63.1519894902309
2023-07-28 14:00:00+05:00,38.7,18,0.0,260,7.2,998.4,3,2,29.44872845039272,60.55127154960728,227.7106690328382,840.6251664002735,796.6781552952395,146.88101847128996,2.0,69.97649621837951
2023-07-28 15:00:00+05:00,39.0,16,0.0,310,14.8,1002.0,5,2,38.95348789666428,51.04651210333572,246.64140102274715,732.7641459061093,765.8537309226092,137.19295203298827,4.111111111111112,58.54535005374396
2023-07-28 16:00:00+05:00,39.0,15,0.0,350,14.8,1002.0,5,2,49.74533800808138,40.25466199191862,259.8835616253149,581.5267887950228,710.5455705386682,122.38213224596096,4.111111111111112,54.25838230785831
2023-07-28 17:00:00+05:00,38.4,16,0.0,280,10.8,997.4,2,2,60.9630812258612,29.0369187741388,270.4566799200061,399.3002154084981,613.7863550748851,101.384839074941,3.0,50.199339130298426
2023-07-28 18:00:00+05:00,38.0,16,0.0,310,18.4,1001.0,5,2,72.16414435824996,17.835855641750047,279.9313926350461,204.55709391203715,436.89364480973967,70.74046467488745,5.111111111111111,41.800545160486934
2023-07-28 19:00:00+05:00,37.0,17,0.0,320,18.4,1002.0,5,2,83.00199140928703,6.998008590712963,289.227472682134,36.80752865499005,119.84107695416948,22.206709529343076,5.111111111111111,36.40923233646885
2023-07-28 20:00:00+05:00,34.6,25,0.0,250,3.6,997.9,2,2,93.40969682148403,-3.4096968214840495,299.0060267201342,0.0,0.0,0.0,1.0,31.127795294902455
2023-07-28 21:00:00+05:00,34.0,22,0.0,320,18.4,1002.0,4,2,102.7163102747266,-12.7163102747266,309.8295583888088,0.0,0.0,0.0,5.111111111111111,32.26383787965949
2023-07-28 22:00:00+05:00,33.0,24,0.0,330,14.8,1002.0,4,2,110.56100975987968,-20.561009759879667,322.1781903473451,0.0,0.0,0.0,4.111111111111112,30.949382324998396
2023-07-28 23:00:00+05:00,30.5,29,0.0,17,3.6,998.6,3,2,116.34584871758229,-26.34584871758227,336.31199375658895,0.0,0.0,0.0,1.0,26.512721937322908
2023-07-29 00:00:00+05:00,30.0,33,0.0,100,7.6,1002.0,3,1,119.44376669415746,-29.44376669415746,351.99008007438727,0.0,0.0,0.0,2.111111111111111,26.857492337694566
2023-07-29 01:00:00+05:00,28.0,40,0.0,54,3.6,1002.0,2,1,119.42557908409978,-29.425579084099777,8.29315536787351,0.0,0.0,0.0,1.0,23.7263780253773
2023-07-29 02:00:00+05:00,26.7,39,0.0,60,3.6,998.7,2,1,116.29413874514324,-26.294138745143243,23.959606233390332,0.0,0.0,0.0,1.0,22.28558628874771
2023-07-29 03:00:00+05:00,28.0,35,0.0,360,7.6,1001.0,0,1,110.48263065056656,-20.482630650566545,38.07743728440733,0.0,0.0,0.0,2.111111111111111,24.68662218819958
2023-07-29 04:00:00+05:00,28.0,35,0.0,30,11.2,1001.0,0,1,102.6190485559388,-12.619048555938791,50.413588656326226,0.0,0.0,0.0,3.1111111111111107,25.24299745388356
2023-07-29 05:00:00+05:00,24.7,48,0.0,90,7.6,999.2,1,1,93.3005302209143,-3.3005302209143026,61.23283304924075,0.0,0.0,0.0,2.111111111111111,21.12793241763302
2023-07-29 06:00:00+05:00,26.0,42,0.0,140,7.6,1002.0,0,1,82.88857652664186,7.111423473358148,71.01792451253243,38.19133030729392,124.09323150281148,22.82867229959806,2.111111111111111,24.156183211032555
2023-07-29 07:00:00+05:00,27.0,45,0.0,120,11.2,1002.0,0,1,72.04941196040505,17.95058803959495,80.33415873031265,206.70791650917616,440.0440639185246,71.08779383457014,3.1111111111111107,31.436450459471132
2023-07-29 08:00:00+05:00,28.4,40,0.0,70,7.2,999.6,0,1,60.85516720341491,29.14483279658509,89.8476831899273,401.37833395461934,615.6598416436906,101.54033005711426,2.0,42.06441033758841
2023-07-29 09:00:00+05:00,30.0,38,0.0,180,11.2,1003.0,0,1,49.654979863453,40.345020136547,100.48800876166553,583.1947364036129,711.740926801644,122.42159905907636,3.1111111111111107,47.40473702025781
2023-07-29 10:00:00+05:00,32.0,34,0.0,210,11.2,1003.0,0,1,38.899853355439966,51.100146644560034,113.84247036214629,733.7765257435417,766.6433176738849,137.14038423212912,3.1111111111111107,54.441850591001014
2023-07-29 11:00:00+05:00,32.8,32,0.0,180,7.2,999.0,0,1,29.469474353220345,60.53052564677966,132.94023003543447,840.7794532364009,797.1790264512983,146.74110544501673,2.0,64.09278210463981
2023-07-29 12:00:00+05:00,35.0,28,0.0,240,11.2,1003.0,0,1,23.337876430264217,66.66212356973578,162.16247478988566,896.0433066340557,810.8920326716469,151.4946504747409,3.1111111111111107,62.756279910568196
2023-07-29 13:00:00+05:00,36.0,22,0.0,240,18.4,1002.0,0,1,23.41013483186198,66.58986516813802,198.45123859697748,895.4615144338742,810.754015102125,151.44523387183233,5.111111111111111,57.21309856519429
2023-07-29 14:00:00+05:00,36.8,21,0.0,250,7.2,998.2,1,1,29.641361126304233,60.35863887369577,227.44297464530183,839.0618127793047,796.7323616061395,146.59133602666464,2.0,68.00999681183265
2023-07-29 15:00:00+05:00,37.0,18,0.0,250,11.2,1002.0,1,1,39.11800769538253,50.88199230461747,246.3777942049062,731.0069122242592,765.7724139069682,136.88380051180434,3.1111111111111107,59.44667728193963
2023-07-29 16:00:00+05:00,38.0,17,0.0,240,18.4,1001.0,1,1,49.89603798365987,40.10396201634013,259.6493816049229,579.5176828437558,710.1757648355662,122.03912813747075,5.111111111111111,51.34617585932676
2023-07-29 17:00:00+05:00,37.3,17,0.0,230,7.2,997.3,1,1,61.1102340073996,28.88976599260041,270.24858439465294,397.0225480179064,612.7707234119166,100.9770779118345,2.0,51.196538103565786
2023-07-29 18:00:00+05:00,37.0,17,0.0,240,14.8,1001.0,1,1,72.31469520424439,17.685304795755613,279.7430819223389,202.116646842432,434.30370347918256,70.18008388554279,4.111111111111112,41.193095298322476
2023-07-29 19:00:00+05:00,35.0,23,0.0,200,18.4,1002.0,1,1,83.15968179699424,6.840318203005764,289.0545938752022,35.0536710031193,114.93205950485545,21.36495535841432,5.111111111111111,34.23869643885513
2023-07-29 20:00:00+05:00,32.9,28,0.0,160,7.2,998.2,1,1,93.58313940689288,-3.5831394068928897,298.8473272893783,0.0,0.0,0.0,2.0,29.959720285589412
2023-07-29 21:00:00+05:00,32.0,30,0.0,170,11.2,1003.0,0,1,102.90658288731971,-12.90658288731971,309.68793282482966,0.0,0.0,0.0,3.1111111111111107,29.53155053002331
2023-07-29 22:00:00+05:00,30.0,38,0.0,170,11.2,1003.0,0,1,110.7697311072376,-20.769731107237593,322.0620342047157,0.0,0.0,0.0,3.1111111111111107,27.382586307136705
2023-07-29 23:00:00+05:00,28.7,42,0.0,70,7.2,1000.0,0,1,116.5711725740209,-26.571172574020903,336.2353587251396,0.0,0.0,0.0,2.0,25.370635344208267
2023-07-30 00:00:00+05:00,27.0,42,0.0,120,11.2,1003.0,0,1,119.67874713649992,-29.67874713649992,351.96815216677794,0.0,0.0,0.0,3.1111111111111107,24.176644785552924
2023-07-30 01:00:00+05:00,27.0,39,0.0,160,11.2,1003.0,0,1,119.6590566552004,-29.65905665520041,8.332468982367004,0.0,0.0,0.0,3.1111111111111107,24.176644785552924
2023-07-30 02:00:00+05:00,28.2,38,0.0,100,7.2,1000.5,0,1,116.51521028124522,-26.515210281245217,24.05242308439972,0.0,0.0,0.0,2.0,24.827584978125174
2023-07-30 03:00:00+05:00,26.0,45,0.0,160,7.6,1003.0,0,1,110.6849520929756,-20.68495209297561,38.20805609990424,0.0,0.0,0.0,2.111111111111111,22.526438751414844
2023-07-30 04:00:00+05:00,25.0,47,0.0,150,7.6,1004.0,0,1,102.80142983467454,-12.801429834674533,50.56812757750765,0.0,0.0,0.0,2.111111111111111,21.450276815696043
2023-07-30 05:00:00+05:00,26.4,42,0.0,100,7.2,1001.5,0,1,93.46514448825424,-3.465144488254224,61.40340694567152,0.0,0.0,0.0,2.0,22.87822398832037
2023-07-30 06:00:00+05:00,26.0,42,0.0,150,7.6,1004.0,0,1,83.03713644820179,6.9628635517982085,71.2022620324123,36.518780025160865,119.4695133889218,22.03596929755004,2.111111111111111,24.08496099163176
2023-07-30 07:00:00+05:00,28.0,37,0.0,120,7.6,1005.0,0,1,72.1905528230701,17.8094471769299,80.53420601993753,204.4301159088137,437.6856811809437,70.56294712837442,2.111111111111111,33.27592807337385
2023-07-30 08:00:00+05:00,29.1,35,0.0,50,7.2,1001.8,0,1,60.99316917073502,29.006830829264977,90.06864121813885,399.26223536715,614.7638407317025,101.15471031659018,2.0,42.70144193169523
2023-07-30 09:00:00+05:00,32.0,32,0.0,190,11.2,1005.0,0,1,49.79732958136533,40.20267041863467,100.7373628329034,581.3209477276959,711.4365751977844,122.09341522131,3.1111111111111107,49.39049098978148
2023-07-30 10:00:00+05:00,33.0,30,0.0,230,14.8,1005.0,0,1,39.05769017052299,50.94230982947701,114.12531405280332,732.1128875123667,766.5978468793221,136.84052512539665,4.111111111111112,52.36861284729332
2023-07-30 11:00:00+05:00,34.2,28,0.0,150,7.2,1001.3,0,1,29.658620413329174,60.341379586670826,133.23321198793326,839.2569168104662,797.2497284924464,146.45558233374197,2.0,65.42337955935494
2023-07-30 12:00:00+05:00,36.0,22,0.0,160,18.4,1005.0,0,1,23.566924752688777,66.43307524731122,162.32748821783468,894.5761205217268,811.0049869671441,151.21406923100312,5.111111111111111,57.19101396857218
2023-07-30 13:00:00+05:00,37.0,21,0.0,180,14.8,1004.0,0,1,23.642997592520928,66.35700240747907,198.32219791971823,893.9577788149214,810.8580064289258,151.16154756680862,4.111111111111112,61.0297204664692
2023-07-30 14:00:00+05:00,37.2,17,0.0,50,3.6,1000.2,1,1,29.840115897703207,60.15988410229679,227.17649055818575,837.4320751492837,796.7741018678233,146.29644922189084,1.0,75.14700532553945
2023-07-30 15:00:00+05:00,38.0,18,0.0,260,14.8,1004.0,1,1,39.28842162607256,50.71157837392744,246.1128839185073,729.1727370537462,765.6706017443737,136.5680488129268,4.111111111111112,57.41234327728091
2023-07-30 16:00:00+05:00,38.0,15,0.0,200,11.2,1003.0,0,1,50.052325504017205,39.947674495982795,259.4130683924724,577.4223201173031,709.7702737652535,121.6875221172433,3.1111111111111107,55.462128503234055
2023-07-30 17:00:00+05:00,38.1,18,0.0,210,3.6,998.9,1,1,61.262763947291006,28.737236052708997,270.03818378504127,394.65251732918176,611.6874362928108,100.55720694751898,1.0,55.19291235569847
2023-07-30 18:00:00+05:00,38.0,16,0.0,270,3.6,1003.0,0,1,72.4705116421494,17.529488357850592,279.55252324381854,199.5874801440079,431.57151574558947,69.59960342973383,1.0,45.34584952938371
2023-07-30 19:00:00+05:00,36.0,21,0.0,220,11.2,1003.0,0,1,83.3224859171954,6.67751408280461,288.8796268571487,33.273697328532585,109.86998730892483,20.497910274543425,3.1111111111111107,35.00927035811867
2023-07-30 20:00:00+05:00,33.0,28,0.0,200,3.6,999.4,1,1,93.76193012720168,-3.7619301272016634,298.68679860251154,0.0,0.0,0.0,1.0,29.31997208407006
2023-07-30 21:00:00+05:00,32.0,32,0.0,150,7.6,1004.0,1,1,103.102314935066,-13.102314935066,309.54490558699104,0.0,0.0,0.0,2.111111111111111,29.03929685219026
2023-07-30 22:00:00+05:00,31.0,33,0.0,170,7.6,1004.0,1,1,110.9840165660604,-20.984016566060397,321.94520375885713,0.0,0.0,0.0,2.111111111111111,27.947012375227132
2023-07-30 23:00:00+05:00,28.2,42,0.0,70,3.6,1001.7,0,1,116.80205936954644,-26.80205936954643,336.1592183638496,0.0,0.0,0.0,1.0,23.948527149923507
2023-07-31 00:00:00+05:00,30.0,33,0.0,50,11.2,1004.0,0,1,119.91904440159033,-29.919044401590316,351.94830173717526,0.0,0.0,0.0,3.1111111111111107,27.382586307136705
2023-07-31 01:00:00+05:00,26.0,39,0.0,80,14.8,1004.0,0,1,119.8972783889238,-29.8972783889238,8.375469286483337,0.0,0.0,0.0,4.111111111111112,23.52901613848445
2023-07-31 02:00:00+05:00,26.0,42,0.0,40,3.6,1001.5,0,1,116.74021897120032,-26.740218971200346,24.150053267562043,0.0,0.0,0.0,1.0,21.51204101317626
2023-07-31 03:00:00+05:00,27.0,34,0.0,70,11.2,1004.0,0,1,110.89037549097998,-20.89037549097997,38.34399057667349,0.0,0.0,0.0,3.1111111111111107,24.176644785552924
2023-07-31 04:00:00+05:00,26.0,36,0.0,80,11.2,1004.0,0,1,102.98620782396026,-12.98620782396025,50.72807859123003,0.0,0.0,0.0,3.1111111111111107,23.11254718252809
2023-07-31 05:00:00+05:00,24.0,46,0.0,360,3.6,1002.4,0,1,93.63163975804032,-3.6316397580403255,61.57934783836339,0.0,0.0,0.0,1.0,19.310539714104834
2023-07-31 06:00:00+05:00,27.0,37,0.0,10,7.6,1005.0,0,1,83.18715831824645,6.812841681753552,71.39194835153342,34.856216068939055,114.80766031407896,21.236983049331897,2.111111111111111,25.08857610545124
2023-07-31 07:00:00+05:00,28.0,35,0.0,190,3.6,1005.0,0,1,72.3331095113013,17.666890488698705,80.73969799892876,202.12979357088977,435.2740234764309,70.03174660595548,1.0,34.630732276581284
2023-07-31 08:00:00+05:00,29.8,34,0.0,200,3.6,1002.6,0,1,61.13265768752712,28.86734231247288,90.29529697579204,397.1206886589825,613.8465999084859,100.76579909662212,1.0,46.614490221551534
2023-07-31 09:00:00+05:00,33.0,24,0.0,290,3.6,1006.0,0,1,49.94146666778353,40.05853333221647,100.99282453902276,579.4196439234493,711.1222659922348,121.7627834542982,1.0,58.90115462027927
2023-07-31 10:00:00+05:00,35.0,22,0.0,260,7.6,1006.0,0,1,39.21791950042068,50.78208049957932,114.41469660914436,730.4176145336514,766.5463836680487,136.5382713490509,2.111111111111111,61.468522595029526
2023-07-31 11:00:00+05:00,35.9,19,0.0,280,3.6,1002.2,1,1,29.851112621333876,60.148887378666124,133.53268495706033,837.6963056448299,797.3153827162072,146.16731996647718,1.0,73.89241158543496
2023-07-31 12:00:00+05:00,37.0,14,0.0,40,18.4,1005.0,0,1,23.80044776349467,66.19955223650533,162.49841747593018,893.062413527746,811.1120787651637,150.93013336661556,5.111111111111111,58.17393315335022
2023-07-31 13:00:00+05:00,38.0,14,0.0,260,11.2,1005.0,0,1,23.88145227928547,66.11854772071453,198.1983659037072,892.3976412923143,810.9537311156149,150.87366579750062,3.1111111111111107,65.66832860434891
2023-07-31 14:00:00+05:00,39.0,14,0.0,260,3.6,1001.0,2,1,30.04492984693588,59.95507015306412,226.91142817704795,835.7353587824151,796.8030598290177,145.99629531778555,1.0,76.83353747247611
2023-07-31 15:00:00+05:00,39.0,11,0.0,50,11.2,1004.0,2,2,39.46468942754176,50.53531057245824,245.84686888673176,727.261200058802,765.5478907470093,136.24564067313895,3.1111111111111107,61.379986839084154
2023-07-31 16:00:00+05:00,39.0,10,0.0,360,18.4,1004.0,1,2,50.21416616557921,39.78583383442079,259.1747714466768,575.240545671554,709.3284792189895,121.32726051680449,5.111111111111111,52.27862327348629
2023-07-31 17:00:00+05:00,38.9,11,0.0,290,7.2,1000.5,1,2,61.420633776971115,28.579366223028888,269.8255899428143,392.1903485925634,610.535271702803,100.12514649934536,2.0,52.700402695339505
2023-07-31 18:00:00+05:00,39.0,12,0.0,10,14.8,1004.0,1,1,72.63154939351506,17.36845060648494,279.3598020117685,196.9705736549601,428.6941841245236,68.99879926011677,4.111111111111112,43.17315886453508
2023-07-31 19:00:00+05:00,38.0,12,0.0,360,14.8,1005.0,1,1,83.49033897534783,6.5096610246521776,288.7026371013071,31.47278545560533,104.66543941480889,19.606786618135125,4.111111111111112,37.24343959246403
2023-07-31 20:00:00+05:00,34.6,19,0.0,300,7.2,1001.4,1,1,93.94600997491804,-3.946009974918028,298.52448948809223,0.0,0.0,0.0,2.0,31.831490166836943
2023-07-31 21:00:00+05:00,35.0,17,0.0,360,11.2,1005.0,0,1,103.3034405737035,-13.3034405737035,309.4005108384307,0.0,0.0,0.0,3.1111111111111107,32.773093892501095
2023-07-31 22:00:00+05:00,34.0,18,0.0,360,14.8,1005.0,0,1,111.20379520367428,-21.20379520367429,321.82772165595975,0.0,0.0,0.0,4.111111111111112,32.017738360474766
2023-07-31 23:00:00+05:00,30.8,24,0.0,290,7.2,1002.5,0,1,117.03843471650976,-27.03843471650977,336.08359059401005,0.0,0.0,0.0,2.0,27.658983639385838
2023-08-01 00:00:00+05:00,33.0,19,0.0,360,18.4,1005.0,1,1,120.16458067597075,-30.16458067597075,351.9305498885275,0.0,0.0,0.0,5.111111111111111,31.204444547478204
2023-08-01 01:00:00+05:00,26.9,33,0.0,9,5.5,1002.6,1,1,120.14016213519128,-30.140162135191275,8.422179236576426,0.0,0.0,0.0,1.5277777777777777,23.040813419280823
2023-08-01 02:00:00+05:00,27.2,33,0.0,20,3.6,1002.6,2,1,116.96908023181162,-26.969080231811613,24.25250898325885,0.0,0.0,0.0,1.0,22.839087177232216
2023-08-01 03:00:00+05:00,25.0,36,0.0,70,11.2,1004.0,1,1,111.0988193682648,-21.09881936826481,38.485231967606694,0.0,0.0,0.0,3.1111111111111107,22.05067509221584
2023-08-01 04:00:00+05:00,25.0,36,0.0,90,7.6,1005.0,1,1,103.17330988885276,-13.173309888852756,50.89341107098892,0.0,0.0,0.0,2.111111111111111,21.450276815696043
2023-08-01 05:00:00+05:00,23.6,45,0.0,20,3.6,1003.2,2,1,93.79995583004032,-3.799955830040332,61.76060671280419,0.0,0.0,0.0,1.0,18.871757912181238
2023-08-01 06:00:00+05:00,25.0,36,0.0,40,3.6,1005.0,2,1,83.33859036479429,6.661409635205712,71.58691881161667,33.20592703751056,110.11401139937593,20.43250554415883,1.0,22.25148246164207
2023-08-01 07:00:00+05:00,28.0,30,0.0,80,7.6,1006.0,2,1,72.47704986142797,17.522950138572025,80.95055405540768,199.807557862272,432.8085577803817,69.49418487457868,2.111111111111111,33.08396264229435
2023-08-01 08:00:00+05:00,30.1,33,0.0,100,3.6,1003.1,2,1,61.273614611381035,28.72638538861897,90.52754902004472,394.9538524002844,612.9077971921864,100.37358196282008,1.0,46.81545314982833
2023-08-01 09:00:00+05:00,33.0,21,0.0,210,7.6,1006.0,2,1,50.08738526565994,39.91261473434006,101.25425906811188,577.4906591614123,710.7977303458165,121.42967016394266,2.111111111111111,53.520327871528195
2023-08-01 10:00:00+05:00,34.0,20,0.0,200,11.2,1006.0,2,1,39.38054243820349,50.61945756179651,114.71042377811096,728.69028451265,766.4886672302891,136.2335724486794,3.1111111111111107,56.30645901323652
2023-08-01 11:00:00+05:00,35.3,18,0.0,160,3.6,1001.9,2,1,30.046942006058167,59.95305799394183,133.83836323578026,836.0970185774374,797.3757270463058,145.8762563210223,1.0,73.2366352044333
2023-08-01 12:00:00+05:00,37.0,16,0.0,280,11.2,1005.0,2,1,24.038394164684178,65.96160583531582,162.67496461721032,891.50149454933,811.2130388762843,150.64277512854642,3.1111111111111107,64.62748975460414
2023-08-01 13:00:00+05:00,38.0,15,0.0,290,14.8,1005.0,2,2,24.125412755990624,65.87458724400938,198.0797129204826,890.7804160964143,811.0409027696098,150.58152083603386,4.111111111111112,61.959690448812296
2023-08-01 14:00:00+05:00,39.6,16,0.0,230,10.8,1000.5,6,2,30.25573725568909,59.74426274431091,226.64797853226017,833.9710790336118,796.818910790223,145.69081157920812,3.0,65.87120335461447
2023-08-01 15:00:00+05:00,38.0,13,0.0,270,7.6,1004.0,5,2,39.646767030869725,50.353232969130275,245.57993589856144,725.271909201782,765.4038684533762,135.91652096548808,2.111111111111111,64.31961054467934
2023-08-01 16:00:00+05:00,40.0,11,0.0,350,7.6,1003.0,5,2,50.38152178918307,39.61847821081693,258.9346322141758,572.9722480500654,708.8497484842435,120.95829122779436,2.111111111111111,60.584167725343946
2023-08-01 17:00:00+05:00,39.7,14,0.0,340,10.8,999.1,5,2,61.5838027166832,28.4161972833168,269.61090829853174,389.63632413881385,609.3129694287381,99.68081683596556,3.0,51.250157118040136
2023-08-01 18:00:00+05:00,39.0,11,0.0,10,14.8,1003.0,4,2,72.79776098858429,17.20223901141571,279.1649978442101,194.266995942616,425.6687156350866,68.37743975451372,4.111111111111112,43.094285907582844
2023-08-01 19:00:00+05:00,38.0,13,0.0,350,18.4,1003.0,4,2,83.66317188758562,6.336828112414381,288.52368444100654,29.6564743955592,99.33076162304212,18.69302251541209,5.111111111111111,37.28947170117823
2023-08-01 20:00:00+05:00,34.6,22,0.0,290,3.6,999.7,2,2,94.13531783248553,-4.135317832485525,298.36044301570064,0.0,0.0,0.0,1.0,31.127795294902455
2023-08-01 21:00:00+05:00,35.0,18,0.0,360,11.2,1004.0,2,2,103.50989258637668,-13.509892586376662,309.25477672024726,0.0,0.0,0.0,3.1111111111111107,32.773093892501095
2023-08-01 22:00:00+05:00,34.0,20,0.0,20,22.3,1004.0,2,2,111.42899564779452,-21.42899564779453,321.709604319259,0.0,0.0,0.0,6.194444444444445,32.4695910337399
2023-08-01 23:00:00+05:00,31.8,24,0.0,310,7.2,1000.5,2,2,117.28022488315584,-27.28022488315586,336.0084873223541,0.0,0.0,0.0,2.0,28.75300997201316
2023-08-02 00:00:00+05:00,32.0,23,0.0,40,11.2,1003.0,2,2,120.41527990679056,-30.415279906790555,351.9149125872105,0.0,0.0,0.0,3.1111111111111107,29.53155053002331
2023-08-02 01:00:00+05:00,29.0,29,0.0,80,7.6,1003.0,2,2,120.38762843721796,-30.38762843721797,8.472617822855682,0.0,0.0,0.0,2.111111111111111,25.770705914114615
2023-08-02 02:00:00+05:00,28.8,30,0.0,290,3.6,1001.1,3,2,117.20171293178726,-27.201712931787263,24.359799336013793,0.0,0.0,0.0,1.0,24.61576179374356
2023-08-02 03:00:00+05:00,29.0,29,0.0,50,11.2,1004.0,3,2,111.31020635103278,-21.31020635103277,38.63176902249222,0.0,0.0,0.0,3.1111111111111107,26.31163476322837
2023-08-02 04:00:00+05:00,27.0,32,0.0,70,11.2,1004.0,2,2,103.36266802834272,-13.362668028342728,51.06409243245258,0.0,0.0,0.0,3.1111111111111107,24.176644785552924
2023-08-02 05:00:00+05:00,25.2,43,0.0,10,3.6,1002.0,2,2,93.97003752042508,-3.970037520425072,61.947133135236754,0.0,0.0,0.0,1.0,20.629914053411085
2023-08-02 06:00:00+05:00,26.0,36,0.0,110,11.2,1005.0,2,2,83.49138556320564,6.508614436794355,71.7871078087723,31.570194070234532,105.39523861586174,19.623370135491076,3.1111111111111107,24.23186050211325
2023-08-02 07:00:00+05:00,28.0,30,0.0,80,7.6,1006.0,1,2,72.62234707927286,17.377652920727137,81.16669300065087,197.46393045976183,430.2886239546072,68.95023511601562,2.111111111111111,32.98659689730374
2023-08-02 08:00:00+05:00,29.8,32,0.0,40,3.6,1002.8,1,1,61.416027223865974,28.583972776134026,90.76529555734668,392.76179308272873,611.9470384618746,99.97803164858772,1.0,46.39374431297614
2023-08-02 09:00:00+05:00,33.0,26,0.0,100,3.6,1006.0,0,1,50.23508486376519,39.76491513623481,101.52153130794602,575.5337431448107,710.4626558645436,121.09403241123653,1.0,58.71334379267495
2023-08-02 10:00:00+05:00,34.0,26,0.0,180,7.6,1006.0,0,1,39.545565127153395,50.454434872846605,115.0123009655087,726.9304038088652,766.4244079747547,135.92637092517714,2.111111111111111,60.32488605746556
2023-08-02 11:00:00+05:00,35.5,23,0.0,60,7.6,1002.1,0,1,30.24610402984521,59.753895970154794,134.14996140379327,834.4583995829496,797.4304790280854,145.58232417923773,2.111111111111111,65.91777561032035
2023-08-02 12:00:00+05:00,38.0,17,0.0,20,11.2,1006.0,0,1,24.280716576100403,65.7192834238996,162.85682978994828,889.892635832347,811.3075827429932,150.35192318599206,3.1111111111111107,65.58822724322687
2023-08-02 13:00:00+05:00,38.0,16,0.0,340,18.4,1005.0,0,1,24.37479477138716,65.62520522861284,197.9661897056955,889.1053993226928,811.1192224819863,150.2850428078542,5.111111111111111,59.09809285384398
2023-08-02 14:00:00+05:00,38.8,17,0.0,220,7.2,1001.2,2,1,30.472470888399116,59.52752911160088,226.3863128265489,832.1386506043846,796.82131846591,145.3799343152641,2.0,69.75512660580137
2023-08-02 15:00:00+05:00,39.0,14,0.0,320,11.2,1005.0,2,2,39.83460776798382,50.16539223201618,245.31225963414812,723.2044871698403,765.238108896311,135.580634406914,3.1111111111111107,61.248784573861485
2023-08-02 16:00:00+05:00,39.0,13,0.0,300,18.4,1005.0,1,2,50.554351563794555,39.445648436205445,258.6927838870389,570.6173433002773,708.3334266616846,120.58056197585591,5.111111111111111,52.16218114029704
2023-08-02 17:00:00+05:00,38.9,14,0.0,250,7.2,1000.6,2,1,61.752227579748464,28.247772420251536,269.3942376806741,386.99076592765493,608.0192176163265,99.22413574126102,2.0,52.492043363018865
2023-08-02 18:00:00+05:00,38.0,13,0.0,360,14.8,1004.0,1,1,72.96909683534389,17.030903164656117,278.968184469572,191.47788878867397,422.491998440952,67.73528193562301,4.111111111111112,41.946021776061855
2023-08-02 19:00:00+05:00,38.0,12,0.0,350,14.8,1005.0,0,1,83.84091208134502,6.159087918654971,288.3428230719026,27.830667174531794,93.88022951963733,17.758308587551205,4.111111111111112,37.13586209208614
2023-08-02 20:00:00+05:00,34.6,20,0.0,240,3.6,1001.1,1,1,94.32979148005568,-4.329791480055677,298.1946966111148,0.0,0.0,0.0,1.0,31.127795294902455
2023-08-02 21:00:00+05:00,35.0,16,0.0,350,11.2,1005.0,0,1,103.7216033351362,-13.72160333513621,309.1077256018822,0.0,0.0,0.0,3.1111111111111107,32.773093892501095
2023-08-02 22:00:00+05:00,33.0,19,0.0,360,18.4,1006.0,0,1,111.6595469523454,-21.65954695234541,321.59086236313635,0.0,0.0,0.0,5.111111111111111,31.204444547478204
2023-08-02 23:00:00+05:00,30.5,24,0.0,240,7.2,1002.4,0,1,117.5273575352921,-27.527357535292097,335.93391505530633,0.0,0.0,0.0,2.0,27.3313249338525
2023-08-03 00:00:00+05:00,31.0,19,0.0,360,25.9,1005.0,0,1,120.6710683679621,-30.67106836796211,351.90140147773167,0.0,0.0,0.0,7.194444444444444,29.485102178561363
2023-08-03 01:00:00+05:00,30.0,21,0.0,360,22.3,1005.0,0,1,120.6396008814952,-30.639600881495205,8.526801033594268,0.0,0.0,0.0,6.194444444444445,28.271615692419232
2023-08-03 02:00:00+05:00,27.7,24,0.0,320,7.2,1002.6,0,1,117.43803951289784,-27.43803951289784,24.471931340931175,0.0,0.0,0.0,2.0,24.285216770423574
2023-08-03 03:00:00+05:00,28.0,25,0.0,40,14.8,1005.0,0,1,111.52446308347108,-21.524463083471097,38.78358894530493,0.0,0.0,0.0,4.111111111111112,25.639019258010535
2023-08-03 04:00:00+05:00,25.0,34,0.0,70,14.8,1005.0,0,1,103.55421862076314,-13.554218620763136,51.24008901087268,0.0,0.0,0.0,4.111111111111112,22.47693437067454
2023-08-03 05:00:00+05:00,23.7,39,0.0,10,3.6,1003.2,0,1,94.1418342738392,-4.141834273839191,62.13887604947536,0.0,0.0,0.0,1.0,18.981406270480534
2023-08-03 06:00:00+05:00,24.0,38,0.0,70,11.2,1006.0,0,1,83.64550109643704,6.354498903562955,71.99244952707272,29.9513004209451,100.65839181976057,18.810459574025835,3.1111111111111107,22.058052976061106
2023-08-03 07:00:00+05:00,27.0,30,0.0,35,3.6,1006.0,0,1,72.76897917161557,17.23102082838443,81.38803376107921,195.099356699112,427.71344271808994,68.3998526188625,1.0,33.19058463083627
2023-08-03 08:00:00+05:00,29.3,35,0.0,80,3.6,1002.9,0,1,61.55988760116544,28.440112398834557,91.00843513356574,390.5444954763188,610.9638623802298,99.5791092498651,1.0,45.76379104495328
2023-08-03 09:00:00+05:00,32.0,30,0.0,170,7.6,1006.0,0,1,50.38456962662168,39.61543037337832,101.7945065951764,573.5485705850559,710.1166897641355,120.75581884810754,2.111111111111111,52.342364763550165
2023-08-03 10:00:00+05:00,33.0,34,0.0,160,11.2,1006.0,0,1,39.71299807014904,50.28700192985096,115.32013419539476,725.137415209354,766.3532894846248,135.61660293206535,3.1111111111111107,55.172583062565195
2023-08-03 11:00:00+05:00,34.6,25,0.0,180,3.6,1002.0,0,1,30.448597952629804,59.55140204737019,134.4671958388575,832.7797430965019,797.4793368651721,145.28545157568067,1.0,72.40605489529844
2023-08-03 12:00:00+05:00,36.0,22,0.0,230,14.8,1005.0,0,1,24.527371161667148,65.47262883833285,163.04371384444084,888.2350754270054,811.3954107163602,150.05750282360282,4.111111111111112,59.85188234329706
2023-08-03 13:00:00+05:00,37.0,14,0.0,250,18.4,1005.0,0,1,24.6295161452703,65.3704838547297,197.85773071132735,887.3718683367601,811.1883783691279,149.9841596226005,5.111111111111111,58.03224443110457
2023-08-03 14:00:00+05:00,37.4,14,0.0,180,3.6,1000.8,0,1,30.695062531812077,59.30493746818792,226.1265843485917,830.2374840333638,796.8099336958004,145.06359854844186,1.0,75.01622618758631
2023-08-03 15:00:00+05:00,38.0,11,0.0,240,18.4,1004.0,0,1,40.02816297335625,49.97183702664375,245.04400379102037,721.0585653750759,765.0501701987794,135.23792496524266,5.111111111111111,54.904841873954865
2023-08-03 16:00:00+05:00,38.0,10,0.0,300,14.8,1004.0,0,1,50.73261264917185,39.26738735082815,258.44935230836643,568.1757671538853,707.7788324392059,120.19401943678416,4.111111111111112,52.83577108312522
2023-08-03 17:00:00+05:00,38.1,9,0.0,250,7.2,999.9,0,1,61.925863344657245,28.074136655342752,269.1756711572612,384.2540271489064,606.652645021309,98.75501722314414,2.0,51.53137592238431
2023-08-03 18:00:00+05:00,38.0,8,0.0,320,7.6,1004.0,0,1,73.14550573195552,16.85449426804447,278.7694305687391,188.604461527146,419.1607902406126,67.07206954820396,2.111111111111111,43.34498744445193
2023-08-03 19:00:00+05:00,36.0,10,0.0,230,11.2,1004.0,0,1,84.02348365764952,5.976516342350482,288.1601024364296,26.001639484574596,88.3302406590744,16.804621279165946,3.1111111111111107,34.75804529761814
2023-08-03 20:00:00+05:00,33.0,18,0.0,120,3.6,1000.8,0,1,94.52936792329268,-4.529367923292664,298.02728300767114,0.0,0.0,0.0,1.0,29.31997208407006
2023-08-03 21:00:00+05:00,34.0,14,0.0,360,18.4,1005.0,0,1,103.93850493929378,-13.938504939293782,308.95937511814486,0.0,0.0,0.0,5.111111111111111,32.26383787965949
2023-08-03 22:00:00+05:00,32.0,17,0.0,10,22.3,1005.0,0,1,111.89537858131622,-21.89537858131622,321.47150171293094,0.0,0.0,0.0,6.194444444444445,30.36726985611807
2023-08-03 23:00:00+05:00,29.8,20,0.0,300,14.4,1002.2,0,1,117.77976148150232,-27.779761481502316,335.85987606711643,0.0,0.0,0.0,4.0,27.50840497456346
2023-08-04 00:00:00+05:00,31.0,19,0.0,360,18.4,1005.0,1,1,120.9318741392294,-30.93187413922939,351.8900250284717,0.0,0.0,0.0,5.111111111111111,29.091317505141774
2023-08-04 01:00:00+05:00,30.0,21,0.0,10,18.4,1005.0,1,1,120.89600531538198,-30.89600531538198,8.584742860256483,0.0,0.0,0.0,5.111111111111111,28.03753154729037
2023-08-04 02:00:00+05:00,27.2,27,0.0,300,10.8,1002.6,1,1,117.67798499374956,-27.67798499374955,24.588910681825723,0.0,0.0,0.0,3.0,24.33623006819664
2023-08-04 03:00:00+05:00,28.0,23,0.0,50,11.2,1005.0,0,1,111.7415190802208,-21.74151908022081,38.94067789295843,0.0,0.0,0.0,3.1111111111111107,25.24299745388356
2023-08-04 04:00:00+05:00,26.0,26,0.0,80,7.6,1005.0,0,1,103.74790117357024,-13.74790117357024,51.42136634324811,0.0,0.0,0.0,2.111111111111111,22.526438751414844
2023-08-04 05:00:00+05:00,22.2,41,0.0,340,3.6,1003.6,1,1,94.31529884186924,-4.3152988418692555,62.335783889099616,0.0,0.0,0.0,1.0,17.339957504635322
2023-08-04 06:00:00+05:00,23.0,38,0.0,100,7.6,1006.0,1,1,83.80089694219569,6.1991030578043125,72.20287791578056,28.351549531374207,95.91097226992848,17.994718987713483,2.111111111111111,20.526719688149683
2023-08-04 07:00:00+05:00,26.0,32,0.0,110,7.6,1007.0,0,1,72.91692752563596,17.083072474364045,81.61449524695882,192.71423066016436,425.0821433437624,67.84297934152298,2.111111111111111,30.676897441929498
2023-08-04 08:00:00+05:00,27.3,32,0.0,50,3.6,1003.8,0,1,61.70519114413182,28.29480885586818,91.2568664166028,388.3018875111283,609.9577553703778,99.17676732479237,1.0,43.58642671783235
2023-08-04 09:00:00+05:00,27.0,39,0.0,160,7.6,1007.0,0,1,50.535846861165346,39.464153138834654,102.0730504647853,571.5347641201841,709.7594479174002,120.41497205732708,2.111111111111111,47.181677455162
2023-08-04 10:00:00+05:00,29.0,35,0.0,170,11.2,1007.0,0,1,39.882854516272616,50.117145483727384,115.6337299892254,723.3107178080753,766.2749743493741,135.30420009449256,3.1111111111111107,51.063826011482206
2023-08-04 11:00:00+05:00,32.0,27,0.0,140,3.6,1003.8,1,1,30.654425161602138,59.345574838397866,134.78978523339163,831.0603102241299,797.5219833201827,144.98556319427348,1.0,69.81803845521654
2023-08-04 12:00:00+05:00,34.0,18,0.0,270,14.8,1007.0,1,1,24.778316114074173,65.22168388592583,163.23532058178068,886.5280294695218,811.4762106817102,149.75943696804688,4.111111111111112,57.77502698373337
2023-08-04 13:00:00+05:00,35.0,16,0.0,270,14.8,1007.0,1,1,24.889495874199497,65.1105041258005,197.7542584077944,885.5790902546939,811.2480472787817,149.67879767496913,4.111111111111112,58.76171145343608
2023-08-04 14:00:00+05:00,35.7,16,0.0,210,3.6,1003.2,1,1,30.923442685977932,59.07655731402207,225.86893195251173,828.2669908299739,796.7843954116693,144.7417384370209,1.0,73.26771607697486
2023-08-04 15:00:00+05:00,37.0,13,0.0,300,14.8,1007.0,0,1,40.22738192084258,49.77261807915742,244.77532369098589,718.8337864825128,764.8395948544029,134.88833605608852,4.111111111111112,56.089561126855756
2023-08-04 16:00:00+05:00,37.0,12,0.0,320,14.8,1006.0,0,1,50.91626020087503,39.08373979912497,258.20445815984885,565.6474760698258,707.1852576299541,119.79860927374956,4.111111111111112,51.723282472923984
2023-08-04 17:00:00+05:00,37.2,13,0.0,230,7.2,1002.3,0,1,62.10466319150983,27.89533680849017,268.9552980153252,381.426493015715,605.2118193109052,98.27337140506404,2.0,50.4622286038454
2023-08-04 18:00:00+05:00,37.0,11,0.0,310,11.2,1006.0,0,1,73.3269348468892,16.673065153110795,278.56880165566855,185.64799479112324,415.6717187197694,66.3875329898389,3.1111111111111107,41.310423565887106
2023-08-04 19:00:00+05:00,35.0,13,0.0,270,11.2,1006.0,0,1,84.21080694592467,5.789193054075332,287.9755690741637,24.17605189016093,82.69952934392495,15.834262490729508,3.1111111111111107,33.61163714258845
2023-08-04 20:00:00+05:00,32.3,25,0.0,190,3.6,1003.6,1,1,94.7339830949251,-4.7339830949250885,297.85823211115377,0.0,0.0,0.0,1.0,28.531808068029875
2023-08-04 21:00:00+05:00,30.0,27,0.0,270,11.2,1007.0,0,1,104.16052874289372,-14.160528742893728,308.8097400611615,0.0,0.0,0.0,3.1111111111111107,27.382586307136705
2023-08-04 22:00:00+05:00,29.0,31,0.0,140,7.6,1008.0,0,1,112.1364195809488,-22.136419580948793,321.3515254919368,0.0,0.0,0.0,2.111111111111111,25.770705914114615
2023-08-04 23:00:00+05:00,26.8,41,0.0,350,3.6,1005.6,1,1,118.03736550487493,-28.03736550487493,335.7863701892374,0.0,0.0,0.0,1.0,22.39622173289331
2023-08-05 00:00:00+05:00,27.0,39,0.0,80,7.6,1008.0,1,1,121.19762559131352,-31.197625591313503,351.8807900740779,0.0,0.0,0.0,2.111111111111111,23.605210159731712
2023-08-05 01:00:00+05:00,27.0,37,0.0,100,7.6,1008.0,1,1,121.15676803673377,-31.15676803673377,8.64645642270807,0.0,0.0,0.0,2.111111111111111,23.605210159731712
2023-08-05 02:00:00+05:00,24.8,41,0.0,30,3.6,1005.9,0,1,117.9214749617008,-27.92147496170079,24.71074234549565,0.0,0.0,0.0,1.0,20.18961578444845
2023-08-05 03:00:00+05:00,26.0,34,0.0,40,11.2,1008.0,0,1,111.96130461899963,-21.961304618999648,39.10302116865569,0.0,0.0,0.0,3.1111111111111107,23.11254718252809
2023-08-05 04:00:00+05:00,23.0,41,0.0,80,11.2,1008.0,0,1,103.94365618172078,-13.943656181720778,51.607889029125545,0.0,0.0,0.0,3.1111111111111107,19.933489386194765
2023-08-05 05:00:00+05:00,22.2,44,0.0,50,3.6,1006.6,1,1,94.4903851393522,-4.490385139352211,62.537804197132346,0.0,0.0,0.0,1.0,17.339957504635322
2023-08-05 06:00:00+05:00,22.0,41,0.0,80,7.6,1009.0,0,1,83.95753370412596,6.042466295874029,72.41832613186784,26.773288790628687,91.1610280422166,17.177172950430062,2.111111111111111,19.393617080319643
2023-08-05 07:00:00+05:00,26.0,34,0.0,70,7.6,1009.0,0,1,73.06617476532455,16.933825234675446,81.84599565191837,190.3089326865739,422.3938094615615,67.27955117807662,2.111111111111111,30.576292603955835
2023-08-05 08:00:00+05:00,27.6,33,0.0,80,3.6,1006.5,2,1,61.85193440099884,28.148065599001153,91.51048738444678,386.0338775212997,608.9281756197993,98.77095464995692,1.0,43.77914937241928
2023-08-05 09:00:00+05:00,31.0,27,0.0,170,3.6,1009.0,0,1,50.688924774655895,39.311075225344105,102.35702778658782,569.4919285097923,709.3905290235572,120.0714320806934,1.0,56.40401665315056
2023-08-05 10:00:00+05:00,32.0,28,0.0,230,11.2,1009.0,0,1,40.05514811957342,49.94485188042658,115.9528946486891,721.4496967862891,766.1891132570053,134.9890922490613,3.1111111111111107,54.03581935986347
2023-08-05 11:00:00+05:00,33.4,24,0.0,160,7.6,1005.6,2,1,30.86358673582381,59.13641326417619,135.1174506738546,829.2993535294926,797.5580919247316,144.68258251301495,2.111111111111111,63.627251448295056
2023-08-05 12:00:00+05:00,36.0,18,0.0,260,14.8,1009.0,0,1,25.033509365592263,64.96649063440773,163.43135902617234,884.770711813664,811.5496624789115,149.45764783844527,4.111111111111112,59.75442602962073
2023-08-05 13:00:00+05:00,35.0,19,0.0,290,14.8,1009.0,0,1,25.154652558795107,64.8453474412049,197.6556882549112,883.7263366821301,811.2978980207864,149.3688830770947,4.111111111111112,58.70946613186629
2023-08-05 14:00:00+05:00,36.4,20,0.0,140,3.6,1004.7,1,1,31.157539757694792,58.84246024230521,225.61348454443777,826.2265939821852,796.7443330388991,144.41428816668372,1.0,73.85678190458464
2023-08-05 15:00:00+05:00,37.0,15,0.0,290,11.2,1008.0,0,1,40.43221140400524,49.56778859599476,244.50636981229044,716.5298116750669,764.6059115375454,134.5318111801115,3.1111111111111107,58.9758851308797
2023-08-05 16:00:00+05:00,37.0,13,0.0,250,11.2,1008.0,0,1,51.10524712718783,38.89475287281217,257.9582199428096,563.032452482327,706.5519685480508,119.39427661436996,3.1111111111111107,53.94867024498632
2023-08-05 17:00:00+05:00,37.5,14,0.0,220,10.8,1003.2,0,1,62.28857830534001,27.711421694659993,268.7332064168821,378.5085856164099,603.6952481315956,97.77910494535126,3.0,48.541786040557895
2023-08-05 18:00:00+05:00,37.0,13,0.0,270,14.8,1007.0,1,1,73.51332947707431,16.48667052292569,278.366362553088,182.6098482926983,412.0212877696123,65.68139007181067,4.111111111111112,40.62134579493414
2023-08-05 19:00:00+05:00,35.0,22,0.0,220,18.4,1007.0,1,1,84.40279778190421,5.597202218095789,287.7892690131855,22.360959975887575,77.00938507586656,14.84990334079217,5.111111111111111,33.90807917228631
2023-08-05 20:00:00+05:00,33.1,27,0.0,50,3.6,1003.9,1,1,94.94357131904994,-4.9435713190499335,297.6875733695586,0.0,0.0,0.0,1.0,29.432703442959166
2023-08-05 21:00:00+05:00,31.0,31,0.0,120,7.6,1008.0,1,1,104.38760452249076,-14.387604522490768,308.65883474982024,0.0,0.0,0.0,2.111111111111111,27.947012375227132
2023-08-05 22:00:00+05:00,29.0,37,0.0,190,7.6,1008.0,1,1,112.38259746096278,-22.382597460962785,321.2309363552654,0.0,0.0,0.0,2.111111111111111,25.770705914114615
2023-08-05 23:00:00+05:00,27.5,45,0.0,40,3.6,1005.3,1,1,118.3000968649959,-28.300096864995893,335.713396988455,0.0,0.0,0.0,1.0,23.17157696793987
2023-08-06 00:00:00+05:00,27.0,42,0.0,100,7.6,1008.0,1,1,121.46824950856268,-31.468249508562685,351.8737036474923,0.0,0.0,0.0,2.111111111111111,23.605210159731712
2023-08-06 01:00:00+05:00,26.0,42,0.0,70,11.2,1008.0,2,1,121.42181360982244,-31.421813609822447,8.711955266311065,0.0,0.0,0.0,3.1111111111111107,23.11254718252809
2023-08-06 02:00:00+05:00,24.8,48,0.0,300,7.2,1005.6,3,1,118.16843320590196,-28.16843320590196,24.83743131502172,0.0,0.0,0.0,2.0,21.152733456829935
2023-08-06 03:00:00+05:00,27.0,37,0.0,40,14.8,1008.0,3,2,112.18374830771654,-22.18374830771654,39.27060340089184,0.0,0.0,0.0,4.111111111111112,24.583035248813417
2023-08-06 04:00:00+05:00,25.0,39,0.0,80,11.2,1007.0,4,2,104.14142269802902,-14.141422698029016,51.79962054631028,0.0,0.0,0.0,3.1111111111111107,22.05067509221584
2023-08-06 05:00:00+05:00,23.2,50,0.0,50,3.6,1005.6,5,2,94.66704584153436,-4.667045841534343,62.744883203329096,0.0,0.0,0.0,1.0,18.433477588459823
2023-08-06 06:00:00+05:00,25.0,39,0.0,70,11.2,1007.0,5,2,84.1153702203586,5.884629779641395,72.6387259513084,25.21893196710032,86.4172504188955,16.358943466310087,3.1111111111111107,22.94717230195903
2023-08-06 07:00:00+05:00,26.0,36,0.0,40,7.6,1007.0,6,2,73.21670240391639,16.78329759608361,82.08245174898957,187.88387030626905,419.6475322204952,66.70950620141555,2.111111111111111,30.47483249782823
2023-08-06 08:00:00+05:00,26.0,41,0.0,30,3.6,1004.9,7,3,62.00011271251092,27.99988728748908,91.76919454638494,383.7403948330201,607.8745803012426,98.36162148243784,1.0,42.016994880462676
2023-08-06 09:00:00+05:00,28.0,32,0.0,180,7.6,1007.0,7,3,50.843810081604566,39.156189918395434,102.64630199550923,567.4196876489655,709.0095303657255,119.72514026114357,2.111111111111111,48.029378615896746
2023-08-06 10:00:00+05:00,28.0,35,0.0,200,7.6,1008.0,7,3,40.22989047583113,49.77010952416887,116.27743373784152,719.5537554656411,766.0953549799336,134.67121040024313,2.111111111111111,54.02748873881893
2023-08-06 11:00:00+05:00,28.6,35,0.0,170,3.6,1004.4,8,3,31.07608095198549,58.92391904801451,135.44991602645746,827.4961433934184,797.5873336951496,144.37643408749227,1.0,66.40111037614116
2023-08-06 12:00:00+05:00,29.0,33,0.0,260,7.6,1007.0,6,3,25.29290632962318,64.70709367037682,163.6315458871651,882.9623545291694,811.6154425897416,149.15205867098496,2.111111111111111,61.32834422671158
2023-08-06 13:00:00+05:00,30.0,31,0.0,320,3.6,1007.0,7,3,25.42490289913455,64.57509710086545,197.56193352591524,881.8128986492287,811.337594689543,149.05434290815708,1.0,70.25896280467299
2023-08-06 14:00:00+05:00,29.7,36,0.0,130,3.6,1004.0,8,3,31.397279335515712,58.60272066448429,225.36036540471727,824.1157379864633,796.6893688102821,144.08118280141605,1.0,67.29130038540694
2023-08-06 15:00:00+05:00,30.0,33,0.0,140,18.4,1006.0,8,17,40.64259541763864,49.35740458236136,244.2372911596359,714.1463267807464,764.3486365834522,134.16829445594794,5.111111111111111,46.5297706494664
2023-08-06 16:00:00+05:00,30.0,33,0.0,170,11.2,1006.0,8,17,51.2995239675835,38.7004760324165,257.7107567910344,560.3307082553225,705.8782066283153,118.98096634104375,3.1111111111111107,46.63780342363964
2023-08-06 17:00:00+05:00,29.4,29,0.0,80,3.6,1003.3,8,3,62.47755782925172,27.52244217074827,268.5094858842725,375.5007662471476,602.1013784502433,97.27212112282928,1.0,45.10248656046872
2023-08-06 18:00:00+05:00,26.0,54,0.0,160,22.3,1005.0,7,3,73.70463298499851,16.295367015001492,278.16217969201074,179.49146573652865,408.20588048169174,64.95334620376505,6.194444444444445,28.272537291576384
2023-08-06 19:00:00+05:00,26.0,51,0.0,210,7.6,1006.0,7,3,84.59936692636283,5.40063307363717,287.6012499788636,20.563816250962702,71.28385070870733,13.854629158956373,2.111111111111111,23.404856699371066
2023-08-06 20:00:00+05:00,25.2,50,0.0,60,3.6,1003.8,7,3,95.15806502389158,-5.1580650238915755,297.515337955064,0.0,0.0,0.0,1.0,20.629914053411085
2023-08-06 21:00:00+05:00,26.0,48,0.0,360,7.6,1007.0,8,3,104.61965998327334,-14.61965998327334,308.50667521104674,0.0,0.0,0.0,2.111111111111111,22.526438751414844
2023-08-06 22:00:00+05:00,24.0,54,0.0,140,3.6,1007.0,7,3,112.63383741003932,-22.633837410039323,321.10973864850075,0.0,0.0,0.0,1.0,19.310539714104834
2023-08-06 23:00:00+05:00,23.2,55,0.0,310,3.6,1004.7,6,3,118.5678801875095,-28.56788018750951,335.64095781749734,0.0,0.0,0.0,1.0,18.433477588459823
2023-08-07 00:00:00+05:00,23.0,57,0.0,70,14.8,1006.0,6,3,121.7436696458132,-31.74366964581321,351.8687747627781,0.0,0.0,0.0,4.111111111111112,20.378473038828986
2023-08-07 01:00:00+05:00,22.0,60,0.0,90,7.6,1005.0,6,3,121.6910631469268,-31.691063146926805,8.781254702419801,0.0,0.0,0.0,2.111111111111111,18.237135457063687
2023-08-07 02:00:00+05:00,22.4,57,0.0,20,3.6,1002.6,3,3,118.41877983292515,-28.418779832925164,24.968983394519512,0.0,0.0,0.0,1.0,17.558413307484443
2023-08-07 03:00:00+05:00,21.0,56,0.0,90,7.6,1004.0,4,2,112.408775133973,-22.408775133972988,39.44340894454229,0.0,0.0,0.0,2.111111111111111,17.171098767927617
2023-08-07 04:00:00+05:00,22.0,53,0.0,60,7.6,1004.0,4,2,104.34113637972892,-14.34113637972892,51.99652336033455,0.0,0.0,0.0,2.111111111111111,18.237135457063687
2023-08-07 05:00:00+05:00,20.5,62,0.0,20,3.6,1002.2,5,18,94.84523045358038,-4.845230453580383,62.956965752970575,0.0,0.0,0.0,1.0,15.48804778421811
2023-08-07 06:00:00+05:00,22.0,57,0.0,70,14.8,1003.0,5,18,84.27436163445978,5.725638365540225,72.86400759158988,23.690972664583185,81.68904591334713,15.541264903021943,4.111111111111112,20.056423675161852
2023-08-07 07:00:00+05:00,24.0,50,0.0,70,11.2,1003.0,5,18,73.36848896996435,16.631511030035657,82.32377866077042,185.43951082486475,416.84245553013903,66.13279151097151,3.1111111111111107,27.55659764171969
2023-08-07 08:00:00+05:00,26.4,47,0.3,10,3.6,1001.0,2,18,62.149718346838576,27.850281653161424,92.03288271687865,381.4214222114744,606.796448188592,97.9487238303634,1.0,42.308200385179646
2023-08-07 09:00:00+05:00,30.0,31,0.0,110,7.6,1004.0,3,2,51.00050613844316,38.99949386155684,102.94073496700793,565.3177139054254,708.6160606071695,119.37604230454258,2.111111111111111,49.97733592290575
2023-08-07 10:00:00+05:00,31.0,27,0.0,210,7.6,1004.0,3,2,40.40708926021292,49.59291073978708,116.60715229011862,717.6223402395246,765.9933542605287,134.35048902305084,2.111111111111111,56.9487402441535
2023-08-07 11:00:00+05:00,31.0,28,0.0,150,3.6,1000.4,7,2,31.291901500874346,58.708098499125654,135.7869089692539,825.649987909767,797.6093822400013,144.0670452730335,1.0,68.60699133577577
2023-08-07 12:00:00+05:00,32.0,30,0.0,190,18.4,1003.0,5,2,25.556458442221,64.443541557779,163.83560796883194,881.1022225609728,811.6732274823138,148.8425949486392,5.111111111111111,52.7872387000823
2023-08-07 13:00:00+05:00,32.0,32,0.9,220,14.8,1003.0,5,2,25.700160893187956,64.29983910681204,197.4729090335564,879.8380961494839,811.3667987308479,148.73510600638963,4.111111111111112,55.5639507047448
2023-08-07 14:00:00+05:00,32.4,27,0.0,110,10.8,998.9,5,2,31.64258398422205,58.35741601577795,225.10969519801515,821.9338937179792,796.6191187454209,143.7423586848306,3.0,58.17985285765997
2023-08-07 15:00:00+05:00,33.0,28,0.0,160,14.8,1002.0,5,2,40.8584752421825,49.1415247578175,243.9682374563932,711.6830432418949,764.0672738241742,133.79773067405915,4.111111111111112,51.783948209764674
2023-08-07 16:00:00+05:00,34.0,26,1.2,170,18.4,1002.0,5,2,51.499039120909075,38.500960879090925,257.4621902490661,557.5422827379633,705.1631866511735,118.55862281269106,5.111111111111111,46.64515535934953
2023-08-07 17:00:00+05:00,31.2,34,0.0,320,3.6,998.9,7,2,62.671549153856226,27.328450846143777,268.28422884907087,372.40353197171953,600.4285917493394,96.75231914617376,1.0,46.818799928973874
2023-08-07 18:00:00+05:00,33.0,26,0.0,130,11.2,1002.0,5,3,73.90078708837277,16.099212911627237,277.95632253493363,176.29437393093193,404.221754542129,64.20309334247922,3.1111111111111107,36.71744403209061
2023-08-07 19:00:00+05:00,30.0,35,0.0,40,22.0,1003.0,6,3,84.80041979468012,5.199580205319874,287.41156276387176,18.792460423172948,65.5498818183032,12.851983796708268,6.111111111111111,28.695039494825096
2023-08-07 20:00:00+05:00,29.0,35,0.0,70,19.0,1003.0,6,3,95.37739492633808,-5.377394926338079,297.3415601288152,0.0,0.0,0.0,5.277777777777778,27.026758865074214
2023-08-07 21:00:00+05:00,28.0,33,0.0,70,19.0,1003.0,5,3,104.85662082617831,-14.856620826178329,308.3532805754614,0.0,0.0,0.0,5.277777777777778,25.977681676724217
2023-08-07 22:00:00+05:00,27.0,34,0.0,70,14.8,1003.0,5,3,112.8900621989718,-22.890062198971805,320.98793983928994,0.0,0.0,0.0,4.111111111111112,24.583035248813417
2023-08-07 23:00:00+05:00,25.3,43,0.0,20,3.6,1000.5,2,3,118.84063716162991,-28.84063716162993,335.56905724443845,0.0,0.0,0.0,1.0,20.740068149135197
2023-08-08 00:00:00+05:00,26.0,39,0.0,30,14.8,1002.0,5,2,122.02380620146448,-32.023806201464474,351.8660157487741,0.0,0.0,0.0,4.111111111111112,23.52901613848445
2023-08-08 01:00:00+05:00,24.0,41,0.0,70,11.2,1002.0,5,2,121.96443358202166,-31.964433582021652,8.854372928536122,0.0,0.0,0.0,3.1111111111111107,20.990998990357866
2023-08-08 02:00:00+05:00,23.8,47,0.0,30,3.6,1000.3,6,2,118.67243040321122,-28.67243040321122,25.10540605259132,0.0,0.0,0.0,1.0,19.091086002631187
2023-08-08 03:00:00+05:00,24.0,44,0.0,80,11.2,1002.0,6,3,112.63630553351882,-22.636305533518826,39.62142247916938,0.0,0.0,0.0,3.1111111111111107,20.990998990357866
2023-08-08 04:00:00+05:00,25.0,41,0.0,40,7.6,1002.0,6,3,104.54272852885065,-14.542728528850644,52.19855936883613,0.0,0.0,0.0,2.111111111111111,21.450276815696043
2023-08-08 05:00:00+05:00,22.2,54,0.0,50,3.6,1000.5,5,3,95.0248843477246,-5.024884347724593,63.1739956645892,0.0,0.0,0.0,1.0,17.339957504635322
2023-08-08 06:00:00+05:00,22.0,53,0.0,100,7.6,1002.0,6,3,84.43445839229399,5.565541607706012,73.09410003946635,22.191984609103788,76.98656723716218,14.72549319305615,2.111111111111111,19.195978493005725
2023-08-08 07:00:00+05:00,25.0,47,0.0,110,7.6,1003.0,6,3,73.5215090620769,16.4784909379231,82.56989020043301,182.97639776637857,413.9778021365412,65.54936699741944,2.111111111111111,29.215882112001793
2023-08-08 08:00:00+05:00,27.0,42,0.0,340,14.8,1004.0,5,3,62.30073956432582,27.699260435674173,92.3014454285252,379.07701249167354,605.6932921021067,97.53222570614533,4.111111111111112,35.93729957238634
2023-08-08 09:00:00+05:00,30.0,35,0.0,10,11.2,1004.0,6,17,51.15901203331066,38.84098796668934,103.24018759024564,563.185743000061,708.209746555012,119.02408984699878,3.1111111111111107,46.733650443137776
2023-08-08 10:00:00+05:00,30.0,38,0.0,250,11.2,1004.0,5,17,40.58674737296226,49.41325262703774,116.9418557165676,715.6549528458904,765.8827757688633,134.02686719673056,3.1111111111111107,51.819166605578516
2023-08-08 11:00:00+05:00,31.4,33,0.0,250,7.2,1001.0,2,3,31.511036791435977,58.48896320856402,136.12816245677726,823.7602420241489,797.6239160940535,143.75434701068957,2.0,62.04710618526855
2023-08-08 12:00:00+05:00,32.0,34,0.0,310,7.6,1004.0,5,2,25.824112799305524,64.17588720069448,164.0432840135943,879.189619493775,811.7226948535406,148.52918487637055,2.111111111111111,64.13148054644017
2023-08-08 13:00:00+05:00,34.0,26,0.0,170,11.2,1004.0,5,2,25.98033789007006,64.01966210992994,197.3885330855861,877.8012805231834,811.3851693062813,148.41110315370452,3.1111111111111107,61.16145229364338
2023-08-08 14:00:00+05:00,34.0,26,0.0,220,7.2,1000.3,2,2,31.893373581327268,58.10662641867273,224.86159309909613,819.6805576353307,796.5331921333152,143.39775334685476,2.0,64.46961934861304
2023-08-08 15:00:00+05:00,34.0,23,0.0,250,14.8,1003.0,2,2,41.079789879799954,48.920210120200046,243.69935972860247,709.1396944388341,763.7613129008588,133.4200649168763,4.111111111111112,52.73397609280363
2023-08-08 16:00:00+05:00,35.0,20,0.0,170,7.6,1003.0,3,2,51.703739327011256,38.296260672988744,257.21264467856304,554.6672368200213,704.4060931021916,118.12718915880448,2.111111111111111,54.68571615695146
2023-08-08 17:00:00+05:00,34.5,22,0.0,220,3.6,999.6,3,2,62.87049842875742,27.129501571242574,268.05753099308976,369.2174083281771,598.6751962003748,96.21959292223642,1.0,50.12248312746266
2023-08-08 18:00:00+05:00,34.0,23,0.0,160,14.8,1003.0,3,2,74.10173237969936,15.898267620300649,277.7488638911158,173.02017827939568,400.0650324160307,63.43030809379961,4.111111111111112,37.155448425507075
2023-08-08 19:00:00+05:00,33.0,26,0.0,150,7.6,1003.0,3,2,85.00585634713026,4.9941436528697345,287.220261543954,17.055097436108028,59.837454980200434,11.846012494893024,2.111111111111111,30.84799824473754
2023-08-08 20:00:00+05:00,31.0,31,0.0,150,7.6,1004.0,3,2,95.60149055738384,-5.601490557383838,297.1662775801873,0.0,0.0,0.0,2.111111111111111,27.947012375227132
2023-08-08 21:00:00+05:00,31.0,29,0.0,140,7.6,1005.0,5,2,105.09841125245586,-15.098411252455858,308.1986734634076,0.0,0.0,0.0,2.111111111111111,27.947012375227132
2023-08-08 22:00:00+05:00,28.0,37,0.0,110,11.2,1005.0,4,2,113.15119264518476,-23.151192645184757,320.8655509701461,0.0,0.0,0.0,3.1111111111111107,25.24299745388356
2023-08-08 23:00:00+05:00,26.5,43,0.0,60,3.6,1002.5,2,2,119.11828694280663,-29.118286942806645,335.4977035876462,0.0,0.0,0.0,1.0,22.0644122862451
2023-08-09 00:00:00+05:00,27.0,37,0.0,70,11.2,1005.0,3,2,122.3085761371898,-32.3085761371898,351.86544286362215,0.0,0.0,0.0,3.1111111111111107,24.176644785552924
2023-08-09 01:00:00+05:00,26.0,39,0.0,70,11.2,1005.0,3,2,122.24183789737792,-32.241837897377934,8.931331658646855,0.0,0.0,0.0,3.1111111111111107,23.11254718252809
2023-08-09 02:00:00+05:00,24.7,47,0.0,40,3.6,1003.3,3,2,118.92929608087402,-28.92929608087403,25.246709008614232,0.0,0.0,0.0,1.0,20.07962059015398
2023-08-09 03:00:00+05:00,25.0,41,0.0,20,11.2,1006.0,2,1,112.8662554851144,-22.866255485114397,39.804629555797874,0.0,0.0,0.0,3.1111111111111107,22.05067509221584
2023-08-09 04:00:00+05:00,25.0,41,0.0,90,18.4,1005.0,2,2,104.7461261489567,-14.746126148956709,52.40569043366014,0.0,0.0,0.0,5.111111111111111,22.795340913316068
2023-08-09 05:00:00+05:00,23.2,50,0.0,30,3.6,1004.0,3,2,95.2059487896104,-5.205948789610397,63.39591627412949,0.0,0.0,0.0,1.0,18.433477588459823
2023-08-09 06:00:00+05:00,25.0,41,0.0,120,7.6,1007.0,2,2,84.59560618549979,5.404393814500214,73.32893162367293,20.72460977085436,72.32070216761986,13.913109081637868,2.111111111111111,22.338130051597147
2023-08-09 07:00:00+05:00,27.0,39,0.0,180,11.2,1008.0,2,2,73.67573335293193,16.324266647068075,82.8206994956281,180.4951508708715,411.052878714488,64.95920582265205,3.1111111111111107,30.52253919977693
2023-08-09 08:00:00+05:00,32.7,33,0.0,200,10.8,1005.4,1,1,62.45316063207102,27.546839367928985,92.57477564089383,376.7072889056436,604.5646603811595,97.11209926383448,3.0,43.432187325040445
2023-08-09 09:00:00+05:00,30.0,35,0.0,200,11.2,1008.0,2,2,51.319322627324645,38.680677372675355,103.54452062230666,561.023574249865,707.790233630586,118.66924049882688,3.1111111111111107,46.661065881217326
2023-08-09 10:00:00+05:00,33.0,32,0.0,230,18.4,1009.0,2,2,40.768863051092154,49.231136948907846,117.2813508795087,713.6511501944531,765.7632941158384,133.70028858612682,5.111111111111111,49.57978559093442
2023-08-09 11:00:00+05:00,32.7,33,0.0,200,10.8,1005.4,1,2,31.733470215637077,58.26652978436292,136.47341596484165,821.826306771777,797.6306184575018,143.43827375070498,3.0,58.478104602536405
2023-08-09 12:00:00+05:00,34.0,28,0.0,260,14.8,1009.0,1,2,26.095812638062977,63.904187361937026,164.2543254436,877.2238860235503,811.7635231236276,148.21175923735927,4.111111111111112,57.512018985022905
2023-08-09 13:00:00+05:00,35.0,25,0.0,230,18.4,1009.0,1,2,26.26534317612027,63.73465682387973,197.3087276689436,875.701832047725,811.3923624995341,148.0822668531364,5.111111111111111,55.70023174476631
2023-08-09 14:00:00+05:00,35.3,23,0.0,190,3.6,1004.8,1,2,32.14956588221356,57.85043411778644,224.61617628748928,817.355248406712,796.4311903134993,143.04730518453937,1.0,72.37903068846964
2023-08-09 15:00:00+05:00,36.0,22,0.0,300,14.8,1008.0,1,1,41.30647653008865,48.69352346991135,243.43080955519503,706.5160313701743,763.430227319317,133.0352421162138,4.111111111111112,54.71099636482006
2023-08-09 16:00:00+05:00,36.0,21,0.0,300,11.2,1008.0,1,1,51.913570096561656,38.086429903438344,256.9622465661237,551.705647701666,703.6060767153826,117.68660663864006,3.1111111111111107,52.535832049540545
2023-08-09 17:00:00+05:00,35.8,22,0.0,220,7.2,1004.6,1,1,63.07435098193001,26.925649018069993,267.8294906370863,365.94294359347134,596.8394195441878,95.67382999373808,2.0,48.35258894866183
2023-08-09 18:00:00+05:00,35.0,20,0.0,240,14.8,1008.0,1,1,74.30740875062972,15.692591249370286,277.5398793660695,169.67056029019372,395.73169394253136,62.63465013475309,4.111111111111112,38.116087021282056
2023-08-09 19:00:00+05:00,34.0,23,0.0,230,11.2,1009.0,1,1,85.2155707793005,4.784429220699494,287.02740336778163,15.36026346007491,54.17961281809351,10.841302760814076,3.1111111111111107,32.22444266926459
2023-08-09 20:00:00+05:00,32.2,32,0.0,180,3.6,1005.2,3,1,95.83028076105415,-5.8302807610541505,296.98953095198203,0.0,0.0,0.0,1.0,28.419349360346814
2023-08-09 21:00:00+05:00,32.0,26,0.0,260,7.6,1009.0,3,2,105.34495450980356,-15.344954509803564,308.042879544677,0.0,0.0,0.0,2.111111111111111,29.03929685219026
2023-08-09 22:00:00+05:00,31.0,29,0.0,310,11.2,1009.0,3,2,113.41714821781382,-23.417148217813818,320.74258627751544,0.0,0.0,0.0,3.1111111111111107,28.4558816916703
2023-08-09 23:00:00+05:00,27.1,48,0.0,290,3.6,1006.7,2,2,119.40074681607514,-29.400746816075145,335.4269086352265,0.0,0.0,0.0,1.0,22.728322204766187
2023-08-10 00:00:00+05:00,27.0,45,0.0,80,11.2,1009.0,2,2,122.5978938843753,-32.597893884375296,351.86707615537654,0.0,0.0,0.0,3.1111111111111107,24.176644785552924
2023-08-10 01:00:00+05:00,27.0,42,0.0,60,11.2,1009.0,2,1,122.52318585104098,-32.52318585104097,9.012156125528293,0.0,0.0,0.0,3.1111111111111107,24.176644785552924
2023-08-10 02:00:00+05:00,24.4,54,0.0,350,3.6,1007.2,2,1,119.18928436553028,-29.189284365530288,25.39290434564975,0.0,0.0,0.0,1.0,19.74982500373477
2023-08-10 03:00:00+05:00,25.0,44,0.0,70,11.2,1009.0,2,2,113.09853723708156,-23.09853723708157,39.99301680009978,0.0,0.0,0.0,3.1111111111111107,22.05067509221584
2023-08-10 04:00:00+05:00,24.0,47,0.0,70,11.2,1009.0,2,2,104.9512526569988,-14.951252656998804,52.6178786667424,0.0,0.0,0.0,3.1111111111111107,20.990998990357866
2023-08-10 05:00:00+05:00,23.2,54,0.0,50,3.6,1007.3,2,2,95.3883616306494,-5.388361630649413,63.62267079087354,0.0,0.0,0.0,1.0,18.433477588459823
2023-08-10 06:00:00+05:00,23.0,47,0.0,90,11.2,1009.0,1,2,84.75774653906139,5.24225346093861,73.5684304310401,19.29153849790005,67.70303006221918,13.105716941778976,3.1111111111111107,20.622688971361868
2023-08-10 07:00:00+05:00,27.0,37,0.0,60,11.2,1010.0,1,2,73.83112924221734,16.168870757782653,83.07611946681317,177.99645489691756,408.06706571148914,64.36229256748861,3.1111111111111107,30.435320193047744
2023-08-10 08:00:00+05:00,28.6,38,0.0,61,3.6,1006.8,1,2,62.6069624716347,27.393037528365294,92.85276628371685,374.3124344454111,603.4101306642227,96.68832349023604,1.0,44.21266194763649
2023-08-10 09:00:00+05:00,31.0,29,0.0,160,7.6,1010.0,0,1,51.48142921382337,38.51857078617663,103.85359530311456,558.8310611494556,707.3571820662801,118.31145687651856,2.111111111111111,50.74100341347071
2023-08-10 10:00:00+05:00,35.0,23,0.0,300,3.6,1010.0,0,1,40.95343056637782,49.04656943362218,117.62544676033356,711.6105364366326,765.6345913549154,133.37070070295465,1.0,67.18741251379339
2023-08-10 11:00:00+05:00,34.4,26,0.0,260,3.6,1006.1,1,1,31.95918092390072,58.04081907609928,136.82241597445932,819.8476229913654,797.629175461151,143.11876289428494,1.0,71.6184888100887
2023-08-10 12:00:00+05:00,36.0,19,0.0,200,11.2,1010.0,1,1,26.37149814118139,63.62850185881861,164.4684958573747,875.204395320993,811.7953901707318,147.89025098534523,3.1111111111111107,63.0933147616372
2023-08-10 13:00:00+05:00,36.0,21,0.0,290,18.4,1009.0,1,1,26.555084602204552,63.44491539779545,197.2334172935994,873.5391568493085,811.3880303473278,147.74853104852218,5.111111111111111,56.666001511197464
2023-08-10 14:00:00+05:00,36.6,21,0.0,190,7.2,1005.0,2,1,32.411076915818136,57.588923084181864,224.37355846150655,814.9575051472198,796.3127058685185,142.69095328299466,2.0,66.88763888552637
2023-08-10 15:00:00+05:00,37.0,18,0.0,360,11.2,1009.0,2,2,41.53847078885317,48.46152921114683,243.1627376172378,703.8118219008181,763.073473628809,132.64320694082505,3.1111111111111107,58.56182372840095
2023-08-10 16:00:00+05:00,37.0,20,0.0,230,14.8,1009.0,2,2,52.12847581113266,37.87152418886734,256.71112329065215,548.6576087714245,702.7622532052892,117.23681453144582,4.111111111111112,51.236429336670085
2023-08-10 17:00:00+05:00,37.0,20,0.0,220,19.0,1008.0,1,2,63.28305138390899,26.71694861609101,267.6002076754639,362.58070919387615,594.9194060799509,95.11491126885238,5.277777777777778,44.640684769820666
2023-08-10 18:00:00+05:00,36.0,18,0.0,220,15.0,1009.0,1,2,74.51775545154183,15.482244548458166,277.32944639760274,166.24728173245364,391.2175783804806,61.81576199631813,4.166666666666667,39.05340066196652
2023-08-10 19:00:00+05:00,35.0,22,0.0,190,14.8,1009.0,1,2,85.42945071228611,4.570549287713882,286.833047248507,13.716777767936668,48.61242319881179,9.84302110880896,4.111111111111112,33.49663983931731
2023-08-10 20:00:00+05:00,33.1,26,0.0,180,11.2,1005.1,2,2,96.06369385780032,-6.063693857800329,296.81136295316924,0.0,0.0,0.0,3.1111111111111107,30.7175629366659
2023-08-10 21:00:00+05:00,31.0,33,0.0,170,7.6,1009.0,2,2,105.59617314322688,-15.596173143226876,307.8859266580358,0.0,0.0,0.0,2.111111111111111,27.947012375227132
2023-08-10 22:00:00+05:00,30.0,35,0.0,180,7.6,1009.0,2,2,113.68784739896172,-23.687847398961704,320.619062317342,0.0,0.0,0.0,2.111111111111111,26.857492337694566
2023-08-10 23:00:00+05:00,29.8,38,0.0,130,3.6,1006.1,2,2,119.68793268762866,-29.68793268762866,335.35668680777184,0.0,0.0,0.0,1.0,25.730458232036938
2023-08-11 00:00:00+05:00,28.0,40,0.0,110,7.6,1009.0,2,1,122.8916719733374,-32.8916719733374,351.8709387275894,0.0,0.0,0.0,2.111111111111111,24.68662218819958
2023-08-11 01:00:00+05:00,28.0,37,0.0,49,3.6,1009.0,2,1,122.80838472876408,-32.80838472876407,9.09687449522761,0.0,0.0,0.0,1.0,23.7263780253773
2023-08-11 02:00:00+05:00,25.0,48,0.0,150,3.6,1006.8,2,1,119.4522999410332,-29.452299941033196,25.54400607493119,0.0,0.0,0.0,1.0,20.409701358320774
2023-08-11 03:00:00+05:00,25.0,47,0.0,0,0.0,1009.0,1,1,113.33306021924952,-23.33306021924952,40.186571630885,0.0,0.0,0.0,0.0,18.754158386016
2023-08-11 04:00:00+05:00,27.0,39,0.0,30,7.6,1010.0,1,1,105.15802882521407,-15.158028825214076,52.83508628689253,0.0,0.0,0.0,2.111111111111111,23.605210159731712
2023-08-11 05:00:00+05:00,24.3,50,0.0,230,3.6,1007.4,2,1,95.57205825590432,-5.572058255904323,63.85420226109295,0.0,0.0,0.0,1.0,19.639956369689628
2023-08-11 06:00:00+05:00,24.0,50,0.0,90,7.6,1010.0,2,2,84.92081765118128,5.079182348818719,73.81252434336972,17.895486150729578,63.145758074191065,12.305041088402222,2.111111111111111,21.145685469963723
2023-08-11 07:00:00+05:00,26.0,45,0.0,100,7.6,1011.0,2,2,73.98766178937807,16.01233821062193,83.33606290816863,175.48104363943767,405.0197998073263,63.7586202956399,2.111111111111111,29.955472131541626
2023-08-11 08:00:00+05:00,27.7,46,0.0,62,3.6,1008.2,3,2,62.762123583329405,27.237876416670595,93.13531035900547,371.89267634671666,602.2292999553981,96.26088223080173,1.0,43.15800871893515
2023-08-11 09:00:00+05:00,30.0,27,0.0,270,7.6,1012.0,3,2,51.64532043272213,38.35467956727787,104.16727344439612,556.6080978206644,706.9102611638006,117.95070519583952,2.111111111111111,49.632678583443294
2023-08-11 10:00:00+05:00,32.0,20,0.0,280,14.8,1012.0,2,2,41.1404411230856,48.8595588769144,117.97395445978526,709.5327522021777,765.49635351761,133.03805390233254,4.111111111111112,50.701466440120896
2023-08-11 11:00:00+05:00,32.0,24,0.0,200,3.6,1008.4,2,2,32.18814470197982,57.81185529802018,137.17491555768635,817.8236636804519,797.6192740442789,142.7957541164808,1.0,69.20440897879035
2023-08-11 12:00:00+05:00,33.0,20,0.0,280,18.4,1012.0,2,2,26.65110716603651,63.34889283396349,164.68556951595406,873.1305486981736,811.817972124439,147.56459486272854,5.111111111111111,53.60134947903293
2023-08-11 13:00:00+05:00,33.0,21,0.0,280,14.8,1012.0,2,2,26.84946895645065,63.15053104354935,197.1625271407812,871.3126858075376,811.3718203460155,147.40983101365134,4.111111111111112,56.332355459313874
2023-08-11 14:00:00+05:00,33.4,23,0.0,220,7.2,1007.8,1,1,32.67782103492012,57.32217896507988,224.13384802298515,812.4868892745628,796.1773227815299,142.3286375527032,2.0,63.593986469059644
2023-08-11 15:00:00+05:00,34.0,22,0.0,320,11.2,1011.0,0,1,41.77570646689504,48.22429353310496,242.89529208444029,701.0268550773719,762.6904922584147,132.24390415648156,3.1111111111111107,55.399015201789155
2023-08-11 16:00:00+05:00,34.0,20,0.0,310,18.4,1011.0,0,1,52.34839942777726,37.65160057222274,256.4594017944801,545.5232357354486,701.8737048120603,116.77775068620208,5.111111111111111,46.33911776146459
2023-08-11 17:00:00+05:00,33.7,23,0.0,260,7.2,1007.7,0,1,63.4965431127827,26.503456887217297,267.36978244382817,359.13130709062085,592.913218656091,94.5427116787348,2.0,45.85762066276476
2023-08-11 18:00:00+05:00,33.0,19,0.0,330,22.3,1011.0,1,1,74.73271075453381,15.267289245466184,277.1176432335155,162.75219594580233,386.5183977039597,60.973270425433256,6.194444444444445,35.16042138499705
2023-08-11 19:00:00+05:00,32.0,20,0.0,310,18.4,1011.0,1,1,85.64737580941298,4.352624190587022,286.6372531843647,12.133674864436234,43.17481362983089,8.856940728683501,5.111111111111111,30.465106577777874
2023-08-11 20:00:00+05:00,29.8,27,0.0,270,3.6,1008.7,1,1,96.30165741450544,-6.301657414505427,296.63181737555897,0.0,0.0,0.0,1.0,25.730458232036938
2023-08-11 21:00:00+05:00,30.0,22,0.0,360,14.8,1012.0,1,1,105.8519888606172,-15.851988860617206,307.727843787828,0.0,0.0,0.0,4.111111111111112,27.756992572378806
2023-08-11 22:00:00+05:00,29.0,25,0.0,360,14.8,1012.0,1,1,113.96320768280115,-23.963207682801173,320.49499688506876,0.0,0.0,0.0,4.111111111111112,26.69699579802085
2023-08-11 23:00:00+05:00,26.2,33,0.0,290,7.2,1009.8,1,1,119.97975925856632,-29.979759258566315,335.2870540510529,0.0,0.0,0.0,2.0,22.662166152193606
2023-08-12 00:00:00+05:00,28.0,26,0.0,360,14.8,1012.0,1,1,123.18982140275068,-33.18982140275067,351.8770556666291,0.0,0.0,0.0,4.111111111111112,25.639019258010535
2023-08-12 01:00:00+05:00,27.0,30,0.0,20,11.2,1012.0,1,1,123.0973399062467,-33.097339906246695,9.185516893495103,0.0,0.0,0.0,3.1111111111111107,24.176644785552924
2023-08-12 02:00:00+05:00,23.4,42,0.0,30,3.6,1009.7,1,1,119.71824540579632,-29.718245405796303,25.70002930024748,0.0,0.0,0.0,1.0,18.652555191376223
2023-08-12 03:00:00+05:00,25.0,36,0.0,40,7.6,1011.0,0,1,113.56973189770775,-23.56973189770775,40.38528159106397,0.0,0.0,0.0,2.111111111111111,21.450276815696043
2023-08-12 04:00:00+05:00,24.0,38,0.0,50,11.2,1012.0,0,1,105.36637371364,-15.366373713639994,53.0572751073172,0.0,0.0,0.0,3.1111111111111107,20.990998990357866
2023-08-12 05:00:00+05:00,20.6,52,0.0,340,3.6,1010.3,1,1,95.75697255670607,-5.756972556706078,64.09045317601812,0.0,0.0,0.0,1.0,15.596739258545824
2023-08-12 06:00:00+05:00,22.0,41,0.0,90,11.2,1012.0,1,1,85.08475526024945,4.91524473975055,74.06114072571756,16.539168558244278,58.661643078489384,11.512920564730242,3.1111111111111107,19.470435209641323
2023-08-12 07:00:00+05:00,24.0,36,0.0,90,11.2,1013.0,1,1,74.14529469191922,15.854705308080788,83.60044221438437,172.94968322517832,401.9105541916349,63.148187346261565,3.1111111111111107,27.11745323808782
2023-08-12 08:00:00+05:00,26.2,36,0.0,70,3.6,1010.5,1,1,62.918621009623344,27.081378990376656,93.42230066527476,369.44826977305286,601.0217737248412,95.82976207966789,1.0,41.48575106266776
2023-08-12 09:00:00+05:00,29.0,29,0.0,280,11.2,1013.0,0,1,51.81098320376176,38.18901679623824,104.48541709417448,554.3546049731024,706.4491431830453,117.58695380521226,3.1111111111111107,45.41377166039939
2023-08-12 10:00:00+05:00,30.0,27,0.0,320,14.8,1014.0,0,1,41.32988374576194,48.67011625423806,118.32668668371775,707.4174637190338,765.3482670451682,132.70230036603618,4.111111111111112,48.60438394356112
2023-08-12 11:00:00+05:00,29.8,29,0.0,260,7.2,1010.8,2,1,32.42033476761481,57.57966523238519,137.53067336563464,815.753926903399,797.6005999491377,142.4691887366979,2.0,60.15471347302639
2023-08-12 12:00:00+05:00,31.0,24,0.0,300,14.8,1014.0,1,1,26.93457579440209,63.065424205597914,164.9053293139716,871.0017725677117,811.8309424604516,147.23472712849002,4.111111111111112,54.304209068600585
2023-08-12 13:00:00+05:00,32.0,23,0.0,290,18.4,1014.0,1,1,27.14840209077329,62.85159790922671,197.09598101755947,869.0218755281769,811.3433754623521,147.0661034176111,5.111111111111111,52.48322087724341
2023-08-12 14:00:00+05:00,32.0,24,0.0,200,7.2,1010.5,2,1,32.94971071036143,57.05028928963857,223.89714628068907,809.9429891838138,796.0246173679127,141.96029911437438,2.0,62.103894334332324
2023-08-12 15:00:00+05:00,31.0,22,0.0,310,18.4,1014.0,2,2,42.01811515896173,47.98188484103827,242.6286170712812,698.160948918978,762.2807095396106,131.83727931305805,5.111111111111111,47.1425515879057
2023-08-12 16:00:00+05:00,30.0,22,0.0,290,22.3,1014.0,1,2,52.57328193849791,37.42671806150209,256.20720732757036,542.3026767421237,700.9394837569653,116.30935250076855,6.194444444444445,40.71875025758311
2023-08-12 17:00:00+05:00,30.2,19,0.0,250,10.8,1011.1,1,2,63.71476798048935,26.28523201951065,267.13831465590664,355.5953814149791,590.8188439882762,93.95710142242324,3.0,40.09145501559891
2023-08-12 18:00:00+05:00,29.0,16,0.0,310,22.3,1014.0,1,1,74.9522113781269,15.047788621873098,276.90454796653694,159.1872635505969,381.6297582958366,60.10678884088223,6.194444444444445,30.911029596019375
2023-08-12 19:00:00+05:00,28.0,15,0.0,300,18.4,1014.0,0,1,85.86921594765796,4.130784052342039,286.4400812284026,10.620108554827246,37.90822730531376,7.8894522514531635,5.111111111111111,26.215900177498895
2023-08-12 20:00:00+05:00,26.2,18,0.0,250,7.2,1012.6,0,1,96.54409778930328,-6.544097789303268,296.4509381431063,0.0,0.0,0.0,2.0,22.662166152193606
2023-08-12 21:00:00+05:00,25.0,21,0.0,310,7.6,1015.0,0,1,106.11232218059378,-16.112322180593782,307.56866005217745,0.0,0.0,0.0,2.111111111111111,21.450276815696043
2023-08-12 22:00:00+05:00,25.0,21,0.0,310,7.6,1015.0,0,1,114.2431453655007,-24.2431453655007,320.370407914118,0.0,0.0,0.0,2.111111111111111,21.450276815696043
2023-08-12 23:00:00+05:00,22.5,30,0.0,260,3.6,1013.3,0,1,120.27614000029122,-30.27614000029122,335.218026650825,0.0,0.0,0.0,1.0,17.66768763812621
2023-08-13 00:00:00+05:00,21.0,35,0.0,170,7.6,1014.0,0,1,123.49225183638872,-33.49225183638872,351.8854528402612,0.0,0.0,0.0,2.111111111111111,17.171098767927617
2023-08-13 01:00:00+05:00,19.0,43,0.0,130,7.6,1014.0,0,1,123.38995527348276,-33.38995527348278,9.278114269598008,0.0,0.0,0.0,2.111111111111111,15.046352713764236
2023-08-13 02:00:00+05:00,19.5,40,0.0,80,3.6,1013.2,0,1,119.98702189743024,-29.98702189743025,25.860989220133945,0.0,0.0,0.0,1.0,14.402797346301554
2023-08-13 03:00:00+05:00,19.0,37,0.0,120,7.6,1014.0,0,1,113.80845855204748,-23.808458552047476,40.58913352032039,0.0,0.0,0.0,2.111111111111111,15.046352713764236
2023-08-13 04:00:00+05:00,17.0,45,0.0,80,11.2,1013.0,0,1,105.57620554190032,-15.576205541900311,53.28440587873229,0.0,0.0,0.0,3.1111111111111107,13.632282225869574
2023-08-13 05:00:00+05:00,17.1,49,0.0,50,3.6,1013.3,0,1,95.94303785283194,-5.943037852831939,64.33136494495523,0.0,0.0,0.0,1.0,11.810388397894485
2023-08-13 06:00:00+05:00,17.0,45,0.0,100,7.6,1014.0,0,1,85.24949345366203,4.750506546337979,74.31420598240112,15.225276997085771,54.26390043907885,10.73130257515855,2.111111111111111,13.598502732529482
2023-08-13 07:00:00+05:00,20.0,40,0.0,110,7.6,1014.0,0,1,74.3039912228162,15.696008777183804,83.86916897417359,170.40315619026032,398.73881863620966,62.530994159848674,2.111111111111111,23.448965162412435
2023-08-13 08:00:00+05:00,21.0,37,0.0,80,3.6,1012.7,0,1,63.07643125666373,26.92356874333628,93.71362938140736,366.9794821011061,599.7871549978129,95.3949503161278,1.0,36.045602339136394
2023-08-13 09:00:00+05:00,24.0,34,0.0,200,7.6,1014.0,0,1,51.97840361390273,38.02159638609727,104.8078880466078,552.0705163849415,705.9734972973176,117.22017176420184,2.111111111111111,43.377830785379444
2023-08-13 10:00:00+05:00,26.0,26,0.0,180,7.6,1014.0,0,1,41.52174610382457,48.47825389617543,118.68345706756202,705.2643525225027,765.1900153410135,132.36339313763335,2.111111111111111,51.48001506878154
2023-08-13 11:00:00+05:00,27.5,20,0.0,220,7.6,1011.4,0,1,32.65572248261411,57.34427751738589,137.8894524763179,813.6379293228852,797.5728358505743,142.13900914279225,2.111111111111111,57.19158571355371
2023-08-13 12:00:00+05:00,29.0,19,0.0,40,7.6,1013.0,0,1,27.2218387842805,62.7781612157195,165.12756474895832,868.8175160318922,811.8339712380285,146.90058533957722,2.111111111111111,60.78740800029095
2023-08-13 13:00:00+05:00,30.0,18,0.0,290,14.8,1013.0,0,1,27.451788970850536,62.54821102914946,197.0336994534502,866.666209948213,811.3023343051627,146.71728644441723,4.111111111111112,53.17356732465362
2023-08-13 14:00:00+05:00,30.6,20,0.0,100,3.6,1009.6,0,1,33.22665628296803,56.77334371703197,223.66354582234587,807.3254255084973,795.8541593943204,141.585880736734,1.0,67.36844705515409
2023-08-13 15:00:00+05:00,31.0,16,0.0,330,18.4,1012.0,0,1,42.26562579254379,47.73437420745621,242.36285122230555,695.2139586792701,761.8435399552732,131.42327947995943,5.111111111111111,47.067599778704846
2023-08-13 16:00:00+05:00,31.0,15,0.0,320,14.8,1012.0,0,1,52.80306181967848,37.19693818032152,255.9546622890932,538.99612284524,699.9586160121228,115.83155794804792,4.111111111111112,44.75042329635653
2023-08-13 17:00:00+05:00,30.4,16,0.0,290,10.8,1008.9,0,1,63.93766555246683,26.062334447533168,266.905902419213,351.97363034479326,588.6341985405355,93.3579472728038,3.0,40.17414900798167
2023-08-13 18:00:00+05:00,30.0,13,0.0,320,18.4,1012.0,0,1,75.17619190721305,14.82380809278694,276.69023763932233,155.55456855294003,376.54718593155866,59.21592007645211,5.111111111111111,32.11795899492074
2023-08-13 19:00:00+05:00,29.0,14,0.0,310,22.3,1012.0,0,1,86.09482911262636,3.9051708873736377,286.2415906180702,9.185218902580006,32.85603937137233,6.947547485343219,6.194444444444445,27.439407536283454
2023-08-13 20:00:00+05:00,26.3,20,0.0,250,7.2,1009.9,0,1,96.79093966901917,-6.790939669019147,296.26876842032675,0.0,0.0,0.0,2.0,22.770181723436167
2023-08-13 21:00:00+05:00,26.0,20,0.0,320,18.4,1013.0,0,1,106.37709206925793,-16.37709206925792,307.4084037457592,0.0,0.0,0.0,5.111111111111111,23.840299613641946
2023-08-13 22:00:00+05:00,25.0,22,0.0,330,25.9,1013.0,0,1,114.52757532264836,-24.527575322648364,320.2453124281981,0.0,0.0,0.0,7.194444444444444,23.25406904381265
2023-08-13 23:00:00+05:00,22.7,28,0.0,250,7.2,1011.3,0,1,120.57698711550486,-30.576987115504867,335.14962010462443,0.0,0.0,0.0,2.0,18.898194623801487
2023-08-14 00:00:00+05:00,22.0,25,0.0,330,18.4,1014.0,0,1,123.79887178035762,-33.79887178035762,351.8961557585791,0.0,0.0,0.0,5.111111111111111,19.670495094409034
2023-08-14 01:00:00+05:00,21.0,26,0.0,350,7.6,1014.0,0,1,123.68613363044405,-33.68613363044404,9.374697330490108,0.0,0.0,0.0,2.111111111111111,17.171098767927617
2023-08-14 02:00:00+05:00,18.4,40,0.0,324,3.6,1012.5,0,1,120.2585296805146,-30.25852968051461,26.026900191089396,0.0,0.0,0.0,1.0,13.212489554673311
2023-08-14 03:00:00+05:00,19.0,34,0.0,0,0.0,1014.0,0,1,114.04914600368386,-24.049146003683862,40.798112792052905,0.0,0.0,0.0,0.0,11.94928111459825
2023-08-14 04:00:00+05:00,18.0,42,0.0,150,7.6,1014.0,0,1,105.7874425017795,-15.787442501779491,53.516437693602825,0.0,0.0,0.0,2.111111111111111,13.987580469516786
2023-08-14 05:00:00+05:00,16.6,48,0.0,60,3.6,1013.4,0,1,96.13018774388296,-6.130187743882967,64.57687742849731,0.0,0.0,0.0,1.0,11.272439008265508
2023-08-14 06:00:00+05:00,17.0,42,0.0,80,7.6,1015.0,0,1,85.41496538228121,4.585034617718791,74.571645169568,13.956452809191964,49.966098944498334,9.96223442386583,2.111111111111111,13.542933378914597
2023-08-14 07:00:00+05:00,19.0,40,0.0,170,11.2,1015.0,0,1,74.46371508376791,15.536284916232097,84.14215362060787,167.84224709466778,395.5040804288989,61.90704029712869,3.1111111111111107,21.741204965595102
2023-08-14 08:00:00+05:00,19.9,35,0.0,100,7.2,1014.4,0,1,63.23553112835603,26.764468871643977,94.0091877109934,364.4865786067187,598.5250340021499,94.9564329932357,2.0,31.796106225121207
2023-08-14 09:00:00+05:00,21.0,35,0.0,170,14.8,1017.0,0,1,52.14756771085089,37.85243228914911,105.13454742957596,549.7557666690824,705.482983956929,116.85032754719369,4.111111111111112,34.87283970001721
2023-08-14 10:00:00+05:00,22.0,33,0.0,180,11.2,1017.0,0,1,41.71601524274371,48.28398475725629,119.04407961408124,703.073106173212,765.0212755807041,132.02128524825252,3.1111111111111107,43.37311666116847
2023-08-14 11:00:00+05:00,24.2,30,0.0,200,7.6,1014.7,0,1,32.89427798586253,57.10572201413747,138.25101943294067,811.4752003218946,797.5356596117889,141.80515826568967,2.111111111111111,53.87628182592704
2023-08-14 12:00:00+05:00,27.0,26,0.0,170,7.6,1017.0,1,1,27.512829984526597,62.4871700154734,165.35207024440524,866.5772485806988,811.8267243531591,146.56210814136043,2.111111111111111,58.74584223674333
2023-08-14 13:00:00+05:00,27.0,23,0.0,260,11.2,1017.0,1,1,27.759533767806957,62.24046623219304,196.97559820684597,864.2452014990223,811.2483311957297,146.36331987554945,3.1111111111111107,53.72792125049142
2023-08-14 14:00:00+05:00,28.7,21,0.0,130,3.6,1013.6,1,1,33.508565815768215,56.491434184231785,223.43312918403944,804.6338553954989,795.6655129619751,141.20532718974755,1.0,65.42152646164169
2023-08-14 15:00:00+05:00,30.0,18,0.0,270,11.2,1016.0,0,1,42.518164294809296,47.481835705190704,242.0981264771331,692.1857837057288,761.3783879987564,131.0018538551634,3.1111111111111107,51.04058556753927
2023-08-14 16:00:00+05:00,30.0,16,0.0,310,11.2,1016.0,0,1,53.037674607978005,36.962325392021995,255.70188519648883,535.603816633756,698.9301043972398,115.34430641942453,3.1111111111111107,45.806736796065024
2023-08-14 17:00:00+05:00,29.4,18,0.0,230,7.2,1013.0,0,1,64.16517269349252,25.83482730650747,266.67264135471476,348.26681590036293,586.3571332710466,92.74511363055524,2.0,40.90207825887347
2023-08-14 18:00:00+05:00,29.0,14,0.0,310,25.9,1016.0,0,1,75.4045843424192,14.595415657580798,276.4747874525127,151.85633257793643,371.2661510004091,58.30025893448078,7.194444444444444,30.569629108601305
2023-08-14 19:00:00+05:00,28.0,14,0.0,320,22.3,1016.0,0,1,86.32405909719041,3.675940902809581,286.0418390156505,7.837953655545862,28.062670811640476,6.038764138721821,6.194444444444445,26.364637326099682
2023-08-14 20:00:00+05:00,25.3,22,0.0,250,7.2,1014.4,0,1,97.04210572782308,-7.042105727823088,296.0853498405284,0.0,0.0,0.0,2.0,21.69122206126508
2023-08-14 21:00:00+05:00,25.0,19,0.0,340,22.3,1018.0,0,1,106.64621568383222,-16.64621568383223,307.2471015181827,0.0,0.0,0.0,6.194444444444445,23.06038494387508
2023-08-14 22:00:00+05:00,24.0,20,0.0,330,18.4,1018.0,0,1,114.816410872115,-24.816410872115,320.1197256488565,0.0,0.0,0.0,5.111111111111111,21.752070816417188
2023-08-14 23:00:00+05:00,21.6,26,0.0,260,7.2,1015.7,0,1,120.88221155611905,-30.882211556119053,335.0818481705291,0.0,0.0,0.0,2.0,17.721763282766858
2023-08-15 00:00:00+05:00,21.0,23,0.0,0,0.0,1018.0,0,1,124.10958878093604,-34.10958878093603,351.9091886280279,0.0,0.0,0.0,0.0,14.202130799672773
2023-08-15 01:00:00+05:00,19.0,28,0.0,310,7.6,1018.0,0,1,123.98577706339717,-33.985777063397165,9.475295669266188,0.0,0.0,0.0,2.111111111111111,15.046352713764236
2023-08-15 02:00:00+05:00,16.8,39,0.0,140,7.6,1016.3,0,1,120.53266867420726,-30.53266867420726,26.197774982957583,0.0,0.0,0.0,2.111111111111111,12.720164318325772
2023-08-15 03:00:00+05:00,19.0,37,0.0,0,0.0,1017.0,0,1,114.29170024767924,-24.29170024767925,41.01220272672526,0.0,0.0,0.0,0.0,11.94928111459825
2023-08-15 04:00:00+05:00,16.0,45,0.0,70,14.8,1017.0,0,1,106.00000344604608,-16.00000344604607,53.753327544435365,0.0,0.0,0.0,4.111111111111112,13.090874478077069
2023-08-15 05:00:00+05:00,14.9,51,0.0,340,3.6,1016.6,0,1,96.3183568189208,-6.318356818920784,64.82692860420485,0.0,0.0,0.0,1.0,9.448825907532978
2023-08-15 06:00:00+05:00,17.0,42,0.0,110,11.2,1018.0,0,1,85.58110379822503,4.418896201774972,74.83338173037237,12.735262007201849,45.78204217735065,9.20785395694966,3.1111111111111107,14.093695454029785
2023-08-15 07:00:00+05:00,19.0,40,0.0,100,7.6,1018.0,0,1,74.62443108452123,15.375568915478766,84.4193052013614,165.26773121564082,392.20580850732904,61.27632199526248,2.111111111111111,22.18864089058235
2023-08-15 08:00:00+05:00,20.1,37,0.0,60,3.6,1016.4,0,1,63.39589837851648,26.60410162148352,94.30886565179428,361.9698112118873,597.2349796149745,94.5141934032095,1.0,34.86941560250705
2023-08-15 09:00:00+05:00,22.0,27,0.0,140,11.2,1019.0,0,1,52.3184621149015,37.6815378850985,105.46525543549257,547.4102817368982,704.9772503143832,116.47738802175598,3.1111111111111107,38.07035398445532
2023-08-15 10:00:00+05:00,25.0,24,0.0,100,7.6,1019.0,0,1,41.91267814434419,48.08732185565581,119.40836831754376,700.8434110575375,764.841716138414,131.67592903307298,2.111111111111111,50.31457213106887
2023-08-15 11:00:00+05:00,26.5,24,0.0,140,3.6,1015.9,0,1,33.13597067929879,56.86402932070121,138.61514357694563,809.2652774996557,797.4887428799714,141.46757917295713,1.0,63.5463056980409
2023-08-15 12:00:00+05:00,28.0,17,0.0,230,11.2,1018.0,0,1,27.807482663176863,62.19251733682314,165.5786439727176,864.2804583787517,811.808862925874,146.21923510796216,3.1111111111111107,54.72212913633825
2023-08-15 13:00:00+05:00,29.0,15,0.0,260,11.2,1018.0,0,1,28.07153996700307,61.92846003299693,196.92158732850763,861.7583920310251,811.1809961857465,146.0041451527029,3.1111111111111107,55.634419404254174
2023-08-15 14:00:00+05:00,29.3,16,0.0,70,7.2,1014.9,0,1,33.79534504743831,56.20465495256169,223.2059679733503,801.867975724829,795.4582371313228,140.8185855071689,2.0,59.11721871588861
2023-08-15 15:00:00+05:00,31.0,10,0.0,340,11.2,1017.0,0,1,42.77565340800362,47.22434659199638,241.83456717233517,689.076372428731,760.8846494765891,130.572954203672,3.1111111111111107,51.95132145608295
2023-08-15 16:00:00+05:00,31.0,12,0.0,40,7.6,1016.0,0,1,53.277052637049806,36.722947362950194,255.44898991079305,532.1260584370124,697.8529307037073,114.84753932092906,2.111111111111111,49.6855200298084
2023-08-15 17:00:00+05:00,30.6,15,0.0,320,7.2,1013.4,0,1,64.39722327663829,25.60277672336171,266.4386239368197,344.475770988571,583.9854366709053,92.11846322870936,2.0,41.99912802710401
2023-08-15 18:00:00+05:00,30.0,12,0.0,360,11.2,1016.0,0,1,75.63731779665231,14.362682203347694,276.25827017270393,148.09492697343308,365.78209368023926,57.35939449623298,3.1111111111111107,32.55798548425639
2023-08-15 19:00:00+05:00,30.0,11,0.0,10,11.2,1016.0,0,1,86.55673293882253,3.4432670611774725,285.8408819464666,6.5868370266209775,23.572342661469417,5.171077881678308,3.1111111111111107,27.614094843745022
2023-08-15 20:00:00+05:00,25.6,20,0.0,270,3.6,1013.8,0,1,97.29751639893344,-7.297516398933441,295.90072194140396,0.0,0.0,0.0,1.0,21.070721801491402
2023-08-15 21:00:00+05:00,25.0,21,0.0,0,0.0,1016.0,0,1,106.91960820831284,-16.919608208312845,307.08477778545995,0.0,0.0,0.0,0.0,18.754158386016
2023-08-15 22:00:00+05:00,25.0,17,0.0,60,11.2,1016.0,0,1,115.10956369075164,-25.10956369075164,319.99366035696505,0.0,0.0,0.0,3.1111111111111107,22.05067509221584
2023-08-15 23:00:00+05:00,20.7,29,0.0,60,3.6,1014.5,0,1,121.19172304731116,-31.191723047311164,335.01472218841735,0.0,0.0,0.0,1.0,15.705461121666247
2023-08-16 00:00:00+05:00,21.0,38,0.0,100,7.6,1016.0,0,1,124.42430957285316,-34.42430957285317,351.92457368018836,0.0,0.0,0.0,2.111111111111111,17.171098767927617
2023-08-16 01:00:00+05:00,20.0,37,0.0,80,3.6,1015.0,0,1,124.28878721455068,-34.28878721455067,9.579937158433268,0.0,0.0,0.0,1.0,14.945045119296594
2023-08-16 02:00:00+05:00,17.9,48,0.0,60,3.6,1014.2,0,1,120.80933882250775,-30.809338822507765,26.373624260870088,0.0,0.0,0.0,1.0,12.672630248690552
2023-08-16 03:00:00+05:00,20.0,35,0.0,40,7.6,1015.0,0,1,114.5360278892106,-24.53602788921059,41.231384186360174,0.0,0.0,0.0,2.111111111111111,16.107514996106204
2023-08-16 04:00:00+05:00,18.0,37,0.0,70,11.2,1015.0,0,1,106.21380835375136,-16.21380835375136,53.995030025396034,0.0,0.0,0.0,3.1111111111111107,14.677409637743779
2023-08-16 05:00:00+05:00,15.8,49,0.0,20,3.6,1014.6,0,1,96.5074811213905,-6.507481121390493,65.08145434784927,0.0,0.0,0.0,1.0,10.413230855987479
2023-08-16 06:00:00+05:00,16.0,42,0.0,80,14.8,1016.0,0,1,85.74784132388955,4.25215867611045,75.09933732097818,11.593148696541324,41.966497784999625,8.481498126922954,4.111111111111112,13.449625255217825
2023-08-16 07:00:00+05:00,20.0,35,0.0,70,11.2,1016.0,0,1,74.78610557122599,15.213894428774006,84.70053122033312,162.81095196932927,389.56165276426503,60.58094002382616,3.1111111111111107,22.597700055076075
2023-08-16 08:00:00+05:00,22.4,35,0.0,20,3.6,1014.1,0,1,63.557512106552075,26.442487893447925,94.61255183652304,359.6009553015756,596.570831199305,93.948396574365,1.0,37.081485789112605
2023-08-16 09:00:00+05:00,25.0,22,0.0,150,11.2,1016.0,0,1,52.49107437468025,37.50892562531975,105.79987113761024,545.2245965356979,705.0226871751698,115.94684959360605,3.1111111111111107,41.030750367308485
2023-08-16 10:00:00+05:00,27.0,23,0.0,180,11.2,1016.0,0,1,42.11172202810776,47.88827797189224,119.77613693501246,698.7756233681757,765.1562589873301,131.1531262837227,3.1111111111111107,48.23239817242529
2023-08-16 11:00:00+05:00,28.3,17,0.0,140,3.6,1013.4,0,1,33.38076947469873,56.61923052530127,138.98159666291326,807.2137148536669,797.8999926642499,140.9412274869262,1.0,65.16121559208909
2023-08-16 12:00:00+05:00,30.0,16,0.0,290,7.6,1015.0,0,1,28.10572966253242,61.89427033746758,165.80708719060226,862.1349693276734,812.231332983832,145.68215028936174,2.111111111111111,61.51352413719434
2023-08-16 13:00:00+05:00,31.0,16,0.0,260,11.2,1015.0,0,1,28.387710417183776,61.612289582816224,196.8715708671265,859.4135625461074,811.5520587438128,145.45017545432722,3.1111111111111107,57.55454984635668
2023-08-16 14:00:00+05:00,31.0,15,0.0,220,3.6,1012.2,0,1,34.086897385217526,55.913102614782474,222.982122554854,799.233180935406,795.7026881758646,140.2413476578555,1.0,67.37501460633717
2023-08-16 15:00:00+05:00,32.0,13,0.0,300,14.8,1014.0,0,1,43.03801259360414,46.96198740639586,241.57228956984375,686.0856960187311,760.8716408634391,129.9637977894829,4.111111111111112,50.02794523577268
2023-08-16 16:00:00+05:00,32.0,12,0.0,310,14.8,1014.0,0,1,53.52112488200214,36.47887511799786,255.1960851996457,528.7525179684058,697.3000772336178,114.18923751849104,4.111111111111112,45.48300179366311
2023-08-16 17:00:00+05:00,32.0,11,0.0,240,7.2,1011.4,0,1,64.63374800531719,25.36625199468281,266.2039391260331,340.77031213838376,582.1802726551281,91.36254723311552,2.0,43.31481182445236
2023-08-16 18:00:00+05:00,32.0,10,0.0,330,11.2,1014.0,0,1,75.87431830066619,14.125681699333814,276.0407558146578,144.39714229351446,360.8041099624098,56.34300272244985,3.1111111111111107,34.5534066346309
2023-08-16 19:00:00+05:00,30.0,12,0.0,280,11.2,1014.0,0,1,86.7926579894025,3.2073420105975012,285.638772508934,5.456487976832029,19.56575678749624,4.361794704647405,3.1111111111111107,27.574375048164143
2023-08-16 20:00:00+05:00,27.0,23,0.0,180,3.6,1011.5,0,1,97.55708972626864,-7.557089726268626,295.714921882192,0.0,0.0,0.0,1.0,22.617589660280373
2023-08-16 21:00:00+05:00,25.0,26,0.0,260,11.2,1014.0,0,1,107.1971827293018,-17.19718272930179,306.92145442841354,0.0,0.0,0.0,3.1111111111111107,22.05067509221584
2023-08-16 22:00:00+05:00,25.0,28,0.0,180,7.6,1014.0,0,1,115.40694372947216,-25.406943729472165,319.8671265579334,0.0,0.0,0.0,2.111111111111111,21.450276815696043
2023-08-16 23:00:00+05:00,22.1,39,0.0,30,3.6,1012.5,0,1,121.50543005846151,-31.50543005846151,334.94825071680884,0.0,0.0,0.0,1.0,17.230775968936484
2023-08-17 00:00:00+05:00,21.0,40,0.0,130,7.6,1013.0,0,1,124.74294011488628,-34.74294011488627,351.9423308045263,0.0,0.0,0.0,2.111111111111111,17.171098767927617
2023-08-17 01:00:00+05:00,20.0,37,0.0,90,11.2,1013.0,0,1,124.59506538320336,-34.59506538320336,9.688647595675718,0.0,0.0,0.0,3.1111111111111107,16.7736652616058
2023-08-17 02:00:00+05:00,19.5,41,0.0,50,3.6,1012.0,0,1,121.0884402533111,-31.088440253311106,26.55445626259211,0.0,0.0,0.0,1.0,14.402797346301554
2023-08-17 03:00:00+05:00,19.0,37,0.0,70,11.2,1012.0,0,1,114.7820363412205,-24.7820363412205,41.455635308193905,0.0,0.0,0.0,3.1111111111111107,15.724527588131878
2023-08-17 04:00:00+05:00,19.0,37,0.0,80,14.8,1012.0,0,1,106.42877853886628,-16.428778538866286,54.24149713115577,0.0,0.0,0.0,4.111111111111112,16.203595309107754
2023-08-17 05:00:00+05:00,17.8,45,0.0,60,3.6,1011.6,0,1,96.69749835145612,-6.697498351456123,65.34038827731729,0.0,0.0,0.0,1.0,12.56474706075187
2023-08-17 06:00:00+05:00,18.0,40,0.0,80,11.2,1013.0,0,1,85.91511043599094,4.084889564009056,75.3694316813723,10.526738094274924,38.49032527214438,7.78490325553079,3.1111111111111107,15.057977577015606
2023-08-17 07:00:00+05:00,22.0,31,0.0,80,7.6,1013.0,0,1,74.94870657655218,15.051293423447811,84.98573752008463,160.47065875086037,387.5779680772149,59.8229873175504,2.111111111111111,25.11557689866322
2023-08-17 08:00:00+05:00,23.2,33,0.0,60,3.6,1011.5,0,1,63.72035287660314,26.279647123396863,94.92013341267818,357.3797082816178,596.5410045233884,93.2595626513268,1.0,37.78191402024788
2023-08-17 09:00:00+05:00,26.0,24,0.0,190,7.6,1013.0,0,1,52.66539304762927,37.33460695237073,106.138252363074,543.1985403305033,705.6257301368814,115.25857884455512,2.111111111111111,45.037357978496175
2023-08-17 10:00:00+05:00,28.0,22,0.0,190,7.6,1013.0,0,1,42.31313439269643,47.68686560730357,120.1471988514718,696.8695150212955,765.9699860320397,130.45248450353824,2.111111111111111,53.139952391890006
2023-08-17 11:00:00+05:00,29.9,20,0.0,120,3.6,1010.0,0,1,33.6286428032427,56.3713571967573,139.35015267298513,805.3202190678411,798.7737980434442,140.22561737304386,1.0,66.60258111442624
2023-08-17 12:00:00+05:00,31.0,19,0.0,270,11.2,1012.0,0,1,28.40750336940252,61.59249663059748,166.0372039869585,860.1404742979691,813.0983067859477,144.9503607480052,3.1111111111111107,57.57828977454284
2023-08-17 13:00:00+05:00,33.0,16,0.0,210,11.2,1012.0,0,1,28.707947291227647,61.29205270877235,196.8254471082309,857.2104588796976,812.3658651795038,144.70097531524857,3.1111111111111107,59.4884801879366
2023-08-17 14:00:00+05:00,32.9,15,0.0,240,3.6,1008.8,0,1,34.38312389740703,55.61687610259297,222.7616422280074,796.7293259556182,796.403788368168,139.47331112406596,1.0,69.09505000149619
2023-08-17 15:00:00+05:00,34.0,12,0.0,310,7.6,1011.0,0,1,43.305157989289434,46.694842010710566,241.31140177928015,683.2137356569945,761.3453488472688,129.17433933439565,2.111111111111111,58.64492543840652
2023-08-17 16:00:00+05:00,34.0,13,0.0,270,15.0,1011.0,0,1,53.769816882274974,36.230183117725026,254.9432746189071,525.4832290576059,697.2791332588031,113.36986310733032,4.166666666666667,47.3535215587861
2023-08-17 17:00:00+05:00,33.8,16,0.0,170,3.6,1008.0,0,1,64.87467431815948,25.12532568184052,265.9686722721444,337.1502359570915,580.9504012064494,90.47889447930103,1.0,47.77316092289453
2023-08-17 18:00:00+05:00,33.0,15,0.0,230,11.2,1011.0,0,1,76.11550868554973,13.884491314450267,275.8223115698821,140.7619505745112,356.3315652947118,55.25474586346813,3.1111111111111107,35.49347791489362
2023-08-17 19:00:00+05:00,31.0,18,0.0,230,11.2,1011.0,0,1,87.03161850991994,2.9683814900800685,285.4355613203154,4.446425710645024,16.022075299064067,3.6167248246459542,3.1111111111111107,28.611788795887776
2023-08-17 20:00:00+05:00,29.0,23,0.0,220,11.0,1012.0,0,1,97.82074126102918,-7.820741261029183,295.52798439374476,0.0,0.0,0.0,3.0555555555555554,26.28639700816518
2023-08-17 21:00:00+05:00,27.0,26,0.0,230,7.6,1012.0,0,1,107.47885013446113,-17.47885013446111,306.75715073427926,0.0,0.0,0.0,2.111111111111111,23.605210159731712
2023-08-17 22:00:00+05:00,27.0,28,0.0,170,7.0,1011.0,0,1,115.70845911820788,-25.70845911820789,319.7401313994676,0.0,0.0,0.0,1.9444444444444444,23.486582304812202
2023-08-17 23:00:00+05:00,23.3,42,0.0,50,7.2,1009.8,0,1,121.8232397192478,-31.823239719247795,334.88243941061944,0.0,0.0,0.0,2.0,19.54118548440846
2023-08-18 00:00:00+05:00,22.0,41,0.0,70,11.0,1012.0,0,1,125.06538552884,-35.06538552884,351.9624774061374,0.0,0.0,0.0,3.0555555555555554,18.84831075104671
2023-08-18 01:00:00+05:00,22.0,38,0.0,70,11.2,1011.0,0,1,124.90451249146491,-34.904512491464914,9.80145054536814,0.0,0.0,0.0,3.1111111111111107,18.878116827573024
2023-08-18 02:00:00+05:00,20.6,46,0.0,50,3.6,1010.3,0,1,121.36987327132508,-31.369873271325076,26.74027662934543,0.0,0.0,0.0,1.0,15.596739258545824
2023-08-18 03:00:00+05:00,21.0,38,0.0,70,11.2,1011.0,0,1,115.02963383658351,-25.02963383658351,41.68493134993116,0.0,0.0,0.0,3.1111111111111107,17.824851905994194
2023-08-18 04:00:00+05:00,21.0,38,0.0,70,11.2,1011.0,1,1,106.6448366651842,-16.6448366651842,54.492678132367416,0.0,0.0,0.0,3.1111111111111107,17.824851905994194
2023-08-18 05:00:00+05:00,19.2,49,0.0,20,3.6,1010.4,2,1,96.88834787186669,-6.8883478718666815,65.60366164997265,0.0,0.0,0.0,1.0,14.077809351960184
2023-08-18 06:00:00+05:00,19.0,43,0.0,70,11.2,1012.0,1,1,86.08284323711463,3.9171567628853743,75.6435825443076,9.5073791498325,35.111058918315734,7.108801000265759,3.1111111111111107,16.067475793431072
2023-08-18 07:00:00+05:00,23.0,33,0.0,60,14.8,1012.0,1,1,75.11220378409553,14.88779621590447,85.27482819179238,158.1162456893108,385.53811819144425,59.06111176419781,4.111111111111112,25.184614184973384
2023-08-18 08:00:00+05:00,25.2,34,0.0,40,3.6,1010.1,1,1,63.88440265652168,26.11559734347832,95.2314959501678,355.13452019797614,596.4938565043632,92.56769566680556,1.0,39.7159535926628
2023-08-18 09:00:00+05:00,29.0,25,0.0,120,7.6,1013.0,0,1,52.84140760471221,37.15859239528779,106.48025560842802,541.141339363421,706.2216688632149,114.56699243752551,2.111111111111111,47.99981312164357
2023-08-18 10:00:00+05:00,31.0,19,0.0,150,11.2,1013.0,0,1,42.516902888033805,47.483097111966195,120.52136702690416,694.9241096905693,766.7792387472731,129.74800336883766,3.1111111111111107,52.14501487200596
2023-08-18 11:00:00+05:00,32.1,21,0.0,160,3.6,1008.9,0,1,33.87955847389592,56.12044152610408,139.72058779327978,803.3783866844408,799.6432952135461,139.5055509458806,1.0,68.62965846176087
2023-08-18 12:00:00+05:00,34.0,14,0.0,190,7.6,1012.0,0,1,28.71273557860016,61.28726442139984,166.2688012992394,858.0882548949572,813.959804519825,144.2134371080523,2.111111111111111,65.31334041037218
2023-08-18 13:00:00+05:00,34.0,13,0.0,280,7.6,1012.0,0,1,29.0321520014592,60.9678479985408,196.78310912112744,854.9405532282591,813.1716800719529,143.94591588775347,2.111111111111111,65.19452297682739
2023-08-18 14:00:00+05:00,34.6,15,0.0,270,7.2,1008.1,0,1,34.683923315582966,55.316076684417034,222.54456569705465,794.1505998734792,797.0922819798259,138.69863255159942,2.0,64.0823801924704
2023-08-18 15:00:00+05:00,35.0,13,0.0,350,14.8,1011.0,0,1,43.57700241177855,46.42299758822145,241.0520039162653,680.2605914246503,761.7976860163539,128.37732042651533,4.111111111111112,52.93464404551207
2023-08-18 16:00:00+05:00,35.0,11,0.0,340,7.6,1011.0,0,1,54.02305072112758,35.97694927887242,254.6906565733452,522.1292091396232,697.218233617736,112.54157504243663,2.111111111111111,53.4144373661091
2023-08-18 17:00:00+05:00,35.7,12,0.0,280,3.6,1007.1,0,1,65.11992635249945,24.880073647500552,265.7329051641067,333.44721519717206,579.6340710044842,89.58337424489531,1.0,49.60682709812221
2023-08-18 18:00:00+05:00,35.0,12,0.0,300,7.6,1011.0,0,1,76.3608085195152,13.639191480484802,275.60300186485745,137.06644474692726,351.64668201839504,54.145731057633526,2.111111111111111,37.99316478402966
2023-08-18 19:00:00+05:00,32.0,16,0.0,270,11.2,1011.0,0,1,87.27337171105961,2.7266282889403883,285.2312965829385,3.5432283714851733,12.818769744916343,2.933430765269467,3.1111111111111107,29.655484336114228
2023-08-18 20:00:00+05:00,30.5,19,0.0,270,3.6,1008.0,0,1,98.0883840021934,-8.088384002193399,295.33994185099385,0.0,0.0,0.0,1.0,26.512721937322908
2023-08-18 21:00:00+05:00,31.0,16,0.0,360,11.2,1011.0,0,1,107.76451904320612,-17.76451904320612,306.591883464435,0.0,0.0,0.0,3.1111111111111107,28.4558816916703
2023-08-18 22:00:00+05:00,27.0,24,0.0,120,11.2,1011.0,0,1,116.01401608543108,-26.01401608543108,319.61267921728984,0.0,0.0,0.0,3.1111111111111107,24.176644785552924
2023-08-18 23:00:00+05:00,24.6,29,0.0,100,7.6,1008.9,0,1,122.14505773327394,-32.14505773327395,334.81729103650855,0.0,0.0,0.0,2.111111111111111,21.02053570444525
2023-08-19 00:00:00+05:00,23.0,38,0.0,80,11.2,1011.0,0,1,125.3915500129384,-35.391550012938396,351.98502839234095,0.0,0.0,0.0,3.1111111111111107,19.933489386194765
2023-08-19 01:00:00+05:00,22.0,38,0.0,80,11.2,1011.0,0,1,125.21702900471227,-35.21702900471228,9.918367285850197,0.0,0.0,0.0,3.1111111111111107,18.878116827573024
2023-08-19 02:00:00+05:00,21.4,39,0.0,360,3.6,1009.0,0,1,121.65353829577708,-31.653538295777075,26.931088308604444,0.0,0.0,0.0,1.0,16.467367743913655
2023-08-19 03:00:00+05:00,22.0,33,0.0,70,14.8,1010.0,0,1,115.2787293778158,-25.278729377815804,41.919244591718325,0.0,0.0,0.0,4.111111111111112,19.332038775322758
2023-08-19 04:00:00+05:00,22.0,33,0.0,70,11.2,1010.0,0,1,106.86190669715953,-16.861906697159515,54.74851949376688,0.0,0.0,0.0,3.1111111111111107,18.878116827573024
2023-08-19 05:00:00+05:00,20.7,36,0.0,360,3.6,1009.1,0,1,97.07997064391256,-7.079970643912575,65.87120330048026,0.0,0.0,0.0,1.0,15.705461121666247
2023-08-19 06:00:00+05:00,20.0,40,0.0,0,0.0,1011.0,0,1,86.2509711377597,3.7490288622402903,75.92170557831514,8.537174355121826,31.841264217660488,6.455194576557842,0.0,13.74098820442589
2023-08-19 07:00:00+05:00,23.0,33,0.0,90,7.6,1011.0,0,1,75.27656842769377,14.72343157230623,85.56770551945999,155.7483214145856,383.44128526542266,58.29537851354672,2.111111111111111,25.964441366138942
2023-08-19 08:00:00+05:00,25.1,32,0.0,40,3.6,1008.8,0,1,64.04964469293252,25.950355307067483,95.5465233891639,352.865530817566,596.4290882727282,91.87280783323013,1.0,39.49518748622603
2023-08-19 09:00:00+05:00,30.0,19,0.0,37,3.6,1011.0,0,1,53.01910827902867,36.98089172097133,106.82573600263942,539.0528511821858,706.8103019273536,113.87207331047898,1.0,53.905437356045695
2023-08-19 10:00:00+05:00,31.0,18,0.0,180,11.2,1011.0,0,1,42.72301514143973,47.27698485856027,120.89845400601337,692.9390712760306,767.5838360591085,129.03965013846596,3.1111111111111107,52.079275498775246
2023-08-19 11:00:00+05:00,33.0,20,0.0,180,7.6,1007.5,0,1,34.13348350257548,55.86651649742452,140.0926804689238,801.387782666791,800.5083129351738,138.78098966882715,2.111111111111111,62.167261907486136
2023-08-19 12:00:00+05:00,34.0,13,0.0,340,7.6,1011.0,0,1,29.02135734660896,60.97864265339104,166.5016890248453,855.9778781395721,814.8156601562814,143.47134357345544,2.111111111111111,65.23368412977044
2023-08-19 13:00:00+05:00,35.0,13,0.0,340,11.2,1010.0,0,1,29.360225123227124,60.63977487677288,196.74444536627516,852.6035157756228,813.9693328294377,143.1849722065856,3.1111111111111107,61.35407443406342
2023-08-19 14:00:00+05:00,36.8,14,0.0,200,7.2,1006.1,0,1,34.98919205856956,55.01080794143044,222.33092160455192,791.4968710031583,797.7679678518592,137.91730550438024,2.0,66.18882971342566
2023-08-19 15:00:00+05:00,36.0,10,0.0,240,11.2,1010.0,0,1,43.85345538276352,46.14654461723648,240.7941882979297,677.2264147865642,762.2283446006611,127.572759621925,3.1111111111111107,56.66646870761201
2023-08-19 16:00:00+05:00,37.0,10,0.0,320,14.8,1009.0,0,1,54.28074503300012,35.71925496699988,254.4383244018736,518.6909749895392,697.116710934296,111.70441727544244,4.111111111111112,50.37645897482838
2023-08-19 17:00:00+05:00,36.2,11,0.0,310,7.2,1005.4,0,1,65.36942493796866,24.630575062031333,265.4967160963631,329.662289691551,578.2292862219779,88.67602136537681,2.0,47.30195706616303
2023-08-19 18:00:00+05:00,36.0,10,0.0,360,18.4,1009.0,0,1,76.61013407449488,13.389865925505116,275.38288843229407,133.3133356792265,346.743779582823,53.01585292431628,5.111111111111111,37.84825552569765
2023-08-19 19:00:00+05:00,35.0,11,0.0,330,18.4,1009.0,0,1,87.51764320082164,2.4823567991783677,285.02602416077787,2.7510847332124015,9.98533026715584,2.318602640559608,5.111111111111111,33.39690309332968
2023-08-19 20:00:00+05:00,31.4,18,0.0,280,7.2,1006.3,0,1,98.35992836291724,-8.359928362917236,295.15082434956133,0.0,0.0,0.0,2.0,28.315060364122075
2023-08-19 21:00:00+05:00,32.0,14,0.0,360,22.3,1010.0,0,1,108.05409575934196,-18.054095759341955,306.42566692081954,0.0,0.0,0.0,6.194444444444445,30.36726985611807
2023-08-19 22:00:00+05:00,30.0,16,0.0,360,18.4,1010.0,0,1,116.32351889817198,-26.32351889817199,319.48477157480824,0.0,0.0,0.0,5.111111111111111,28.03753154729037
2023-08-19 23:00:00+05:00,26.6,25,0.0,330,7.2,1007.5,0,1,122.47078831328912,-32.47078831328913,334.75280547860586,0.0,0.0,0.0,2.0,23.094388724090607
2023-08-20 00:00:00+05:00,27.0,23,0.0,20,11.2,1010.0,0,1,125.7213367794563,-35.7213367794563,352.00999614590677,0.0,0.0,0.0,3.1111111111111107,24.176644785552924
2023-08-20 01:00:00+05:00,24.0,29,0.0,80,11.2,1010.0,0,1,125.53251487992218,-35.532514879922175,10.039416749883005,0.0,0.0,0.0,3.1111111111111107,20.990998990357866
2023-08-20 02:00:00+05:00,21.4,38,0.0,10,3.6,1008.2,0,1,121.9393358254582,-31.93933582545818,27.12689146572575,0.0,0.0,0.0,1.0,16.467367743913655
2023-08-20 03:00:00+05:00,22.0,31,0.0,80,7.6,1010.0,0,1,115.5292327156722,-25.529232715672205,42.158544248569115,0.0,0.0,0.0,2.111111111111111,18.237135457063687
2023-08-20 04:00:00+05:00,23.0,29,0.0,60,11.2,1010.0,0,1,107.0799138793268,-17.079913879326796,55.00896480678682,0.0,0.0,0.0,3.1111111111111107,19.933489386194765
2023-08-20 05:00:00+05:00,20.2,40,0.0,30,3.6,1008.9,0,1,97.27230920083464,-7.272309200834638,66.14293958638422,0.0,0.0,0.0,1.0,15.162155372617576
2023-08-20 06:00:00+05:00,22.0,33,0.0,90,7.6,1011.0,0,1,86.41942454904108,3.580575450958919,76.20371434067692,7.618064080822874,28.693430493749545,5.8260972948214125,2.111111111111111,18.566562855972904
2023-08-20 07:00:00+05:00,24.0,29,0.0,80,7.6,1011.0,0,1,75.44177322871394,14.558226771286057,85.86426993741344,153.36747832114392,381.2865962925151,57.52584830223432,2.111111111111111,26.915753810742217
2023-08-20 08:00:00+05:00,25.4,29,0.0,70,3.6,1009.3,0,1,64.21606343125136,25.783936568748647,95.86509799796949,350.5728612815814,596.3463752794264,91.1749086327858,1.0,39.68493455995588
2023-08-20 09:00:00+05:00,29.0,22,0.0,140,7.6,1012.0,0,1,53.19848596518289,36.80151403481711,107.17454727584663,536.9329225689627,707.3914160911854,113.17380322587496,2.111111111111111,47.83233898158397
2023-08-20 10:00:00+05:00,32.0,18,0.0,110,7.6,1012.0,0,1,42.93145863945231,47.06854136054769,121.27827192288704,690.9140640120577,768.3835915105692,128.32739211905312,2.111111111111111,56.91977464390641
2023-08-20 11:00:00+05:00,32.8,17,0.0,40,3.6,1008.2,0,1,34.390384000256404,55.6096159997436,140.46621141923794,799.3479852042452,801.3686781914231,138.05189615041024,1.0,69.11969235168226
2023-08-20 12:00:00+05:00,36.0,12,0.0,30,11.2,1011.0,0,1,29.33329889526607,60.66670110473393,166.73568003544585,853.8089379036326,815.6657082027124,142.7240465313315,3.1111111111111107,62.40394011571709
2023-08-20 13:00:00+05:00,36.0,12,0.0,350,14.8,1011.0,0,1,29.69206634499634,60.30793365500366,196.70934015669803,850.1990568980713,814.7586549966588,142.41812247280222,4.111111111111112,58.780714410269184
2023-08-20 14:00:00+05:00,36.8,12,0.0,250,7.2,1006.6,0,1,35.298824260444555,54.701175739555445,222.12072894830115,788.7680599903011,798.4306478212874,137.12932762367723,2.0,66.08402617895553
2023-08-20 15:00:00+05:00,38.0,9,0.0,360,7.6,1010.0,0,1,44.13442315338407,45.86557684661593,240.5380395582953,674.1114197707308,762.6370186483459,126.76068035631556,2.111111111111111,62.37693791703049
2023-08-20 16:00:00+05:00,37.0,10,0.0,10,22.3,1010.0,0,1,54.54281500059415,35.45718499940585,254.1863663871344,515.1691142757435,696.9738898040004,110.8584391462411,6.194444444444445,47.32917283670008
2023-08-20 17:00:00+05:00,36.7,11,0.0,300,7.2,1006.0,0,1,65.62308757161608,24.37691242838391,265.26017985947135,325.79658193234053,576.7339917297717,87.75687492499156,2.0,47.67722916253729
2023-08-20 18:00:00+05:00,36.0,11,0.0,20,22.3,1009.0,0,1,76.8633982610441,13.136601738955898,275.1620303000017,129.50551477431662,341.61710304232975,51.865014689969755,6.194444444444445,37.54408627467467
2023-08-20 19:00:00+05:00,35.0,12,0.0,350,18.4,1009.0,0,1,87.7641218601009,2.235878139899106,284.8197875723226,2.07203357780069,7.542052225743371,1.7777914846949374,5.111111111111111,33.37919377521888
2023-08-20 20:00:00+05:00,31.4,15,0.0,260,7.2,1006.4,1,1,98.63528211687498,-8.635282116874981,294.96065969635424,0.0,0.0,0.0,2.0,28.315060364122075
2023-08-20 21:00:00+05:00,32.0,13,0.0,350,18.4,1010.0,0,1,108.34748421371752,-18.34748421371751,306.25851292093705,0.0,0.0,0.0,5.111111111111111,30.146946478866823
2023-08-20 22:00:00+05:00,30.0,17,0.0,360,18.4,1010.0,0,1,116.63686980578744,-26.63686980578742,319.35640720425073,0.0,0.0,0.0,5.111111111111111,28.03753154729037
2023-08-20 23:00:00+05:00,28.8,19,0.0,290,7.2,1007.6,0,1,122.80033413503564,-32.80033413503562,334.68897963129734,0.0,0.0,0.0,2.0,25.479327618500577
2023-08-21 00:00:00+05:00,29.0,18,0.0,10,14.8,1009.0,0,1,126.05464803273304,-36.05464803273304,352.03739038479586,0.0,0.0,0.0,4.111111111111112,26.69699579802085
2023-08-21 01:00:00+05:00,27.0,21,0.0,40,11.2,1009.0,0,1,125.85086957704004,-35.85086957704003,10.164615358241804,0.0,0.0,0.0,3.1111111111111107,24.176644785552924
2023-08-21 02:00:00+05:00,22.6,35,0.0,20,3.6,1007.9,0,1,122.22716648848046,-32.22716648848046,27.327683301167667,0.0,0.0,0.0,1.0,17.77699296386959
2023-08-21 03:00:00+05:00,23.0,31,0.0,60,11.2,1009.0,0,1,115.7810544283248,-25.78105442832481,42.40279630927603,0.0,0.0,0.0,3.1111111111111107,19.933489386194765
2023-08-21 04:00:00+05:00,24.0,29,0.0,60,11.2,1009.0,0,1,107.29878482471872,-17.298784824718712,55.27395466883899,0.0,0.0,0.0,3.1111111111111107,20.990998990357866
2023-08-21 05:00:00+05:00,20.2,42,0.0,30,3.6,1008.5,0,1,97.4653077334747,-7.465307733474705,66.41879429511147,0.0,0.0,0.0,1.0,15.162155372617576
2023-08-21 06:00:00+05:00,22.0,33,0.0,130,7.6,1010.0,0,1,86.58813265729702,3.411867342702972,76.48952019884825,6.751793538278481,25.67979044560151,5.223508781509995,2.111111111111111,18.529117312858432
2023-08-21 07:00:00+05:00,24.0,29,0.0,90,11.2,1010.0,0,1,75.60779245958592,14.392207540414075,86.16441995026031,150.97429191944298,379.0731195629002,56.75257723892011,3.1111111111111107,26.343720250659146
2023-08-21 08:00:00+05:00,25.3,29,0.0,60,3.6,1008.6,1,1,64.38364456152578,25.616355438474216,96.1871002918927,348.25661326154363,596.2453658469213,90.47400471818251,1.0,39.4615483603103
2023-08-21 09:00:00+05:00,28.0,25,0.0,130,11.2,1011.0,0,1,53.37953224251347,36.62046775748653,107.52654167939818,534.7813891550254,707.9647858406836,112.47216274627442,3.1111111111111107,43.73119706154927
2023-08-21 10:00:00+05:00,30.0,22,0.0,140,7.6,1010.0,0,1,43.14222072871976,46.85777927128024,121.6606324314012,688.8487527017013,769.1783131859163,127.61119669311358,2.111111111111111,54.827725672373674
2023-08-21 11:00:00+05:00,32.9,18,0.0,60,3.6,1006.8,0,1,34.650225170077455,55.349774829922545,140.84096351563028,797.2585865707842,802.2242163038184,137.31823421658726,1.0,69.11962468802903
2023-08-21 12:00:00+05:00,35.0,14,0.0,200,7.6,1009.0,0,1,29.64848959532096,60.35151040467904,166.97058995013447,851.5810564008345,816.5097839683353,141.971514669523,2.111111111111111,66.06332216633359
2023-08-21 13:00:00+05:00,36.0,13,0.0,350,11.2,1009.0,0,1,30.02757444356302,59.97242555643698,196.6776738064465,847.726929267751,815.5394806909591,141.64534821980396,3.1111111111111107,62.20774602137027
2023-08-21 14:00:00+05:00,37.1,13,0.0,310,7.6,1005.0,0,1,35.61271177475194,54.38728822524806,221.9139972432344,785.9641424601411,799.0801273968386,136.3347008472548,2.111111111111111,65.69877816951248
2023-08-21 15:00:00+05:00,38.0,10,0.0,10,11.2,1008.0,0,1,44.41980867852025,45.58019132147975,240.28363456840427,670.9158860044504,763.0234050395612,125.94111122395556,3.1111111111111107,58.52001545847787
2023-08-21 16:00:00+05:00,38.0,9,0.0,30,7.6,1008.0,0,1,54.80917228599795,35.19082771400205,253.93486559829833,511.5642888572421,696.7890881827491,110.0036957470723,2.111111111111111,56.12620947425722
2023-08-21 17:00:00+05:00,38.1,12,0.0,220,3.6,1003.5,1,1,65.88082832315153,24.119171676848467,265.02336758232684,321.8513006993139,575.146073817235,86.82597872973204,1.0,51.60075394335678
2023-08-21 18:00:00+05:00,37.0,12,0.0,280,14.8,1007.0,1,1,77.12051049756835,12.879489502431657,274.9404836440414,125.64606525240606,336.2608508616844,50.69313123691879,4.111111111111112,38.947811558180035
2023-08-21 19:00:00+05:00,34.0,19,0.0,250,18.4,1008.0,1,1,88.01245440176672,1.9875455982332837,284.6126278444261,1.505500521717243,5.497324350525757,1.3148409004000363,5.111111111111111,32.303177295066234
2023-08-21 20:00:00+05:00,32.1,24,0.0,230,3.6,1004.6,2,1,98.9143502858786,-8.914350285878596,294.76947324709386,0.0,0.0,0.0,1.0,28.3069246034446
2023-08-21 21:00:00+05:00,30.0,31,0.0,190,7.6,1008.0,2,2,108.64458586147316,-18.644585861473175,306.090430601981,0.0,0.0,0.0,2.111111111111111,26.857492337694566
2023-08-21 22:00:00+05:00,27.0,39,0.0,90,11.2,1008.0,2,2,116.9539689593248,-26.9539689593248,319.22758175133544,0.0,0.0,0.0,3.1111111111111107,24.176644785552924
2023-08-21 23:00:00+05:00,25.5,47,0.0,50,7.2,1006.0,2,2,123.13359630201668,-33.13359630201669,334.6258070796547,0.0,0.0,0.0,2.0,21.906801947034012
2023-08-22 00:00:00+05:00,26.0,45,0.0,130,7.6,1008.0,2,2,126.39138499960748,-36.39138499960749,352.06721780609803,0.0,0.0,0.0,2.111111111111111,22.526438751414844
2023-08-22 01:00:00+05:00,25.0,44,0.0,100,7.6,1008.0,3,2,126.17199216493606,-36.17199216493606,10.293976654231074,0.0,0.0,0.0,2.111111111111111,21.450276815696043
2023-08-22 02:00:00+05:00,22.6,51,0.0,30,7.2,1006.6,3,2,122.51693122100048,-32.51693122100049,27.53345770801053,0.0,0.0,0.0,2.0,18.7911191350899
2023-08-22 03:00:00+05:00,24.0,41,0.0,110,7.6,1008.0,1,1,116.03410615084928,-26.03410615084928,42.65196325921903,0.0,0.0,0.0,2.111111111111111,20.376693141554313
2023-08-22 04:00:00+05:00,23.0,44,0.0,90,11.2,1009.0,1,1,107.51844777012371,-17.518447770123732,55.54342647306095,0.0,0.0,0.0,3.1111111111111107,19.933489386194765
2023-08-22 05:00:00+05:00,21.9,47,0.0,40,3.6,1007.1,2,2,97.65891235018698,-7.658912350186986,66.6986884823828,0.0,0.0,0.0,1.0,17.012505470092947
2023-08-22 06:00:00+05:00,21.0,46,0.0,45,3.6,1010.0,2,2,86.75702334041264,3.242976659587362,76.77903219252164,5.939875640696036,22.81210716671047,4.649385525086696,1.0,16.367148033907995
2023-08-22 07:00:00+05:00,24.0,41,0.0,80,7.6,1010.0,2,2,75.77460218442681,14.225397815573183,86.46805200187845,148.56931723087322,376.79985608660513,55.975615900301406,2.111111111111111,26.712933596281175
2023-08-22 08:00:00+05:00,26.3,36,0.0,90,3.6,1007.9,2,2,64.55237524540723,25.447624754592773,96.5124088939379,345.9168649187853,596.1256771752071,89.77009938106949,1.0,40.37226772856354
2023-08-22 09:00:00+05:00,28.0,28,0.0,190,7.6,1011.0,0,1,53.562239582225665,36.437760417774335,107.88156982530096,532.5980720574288,708.5301715014054,111.76713089757136,2.111111111111111,46.64126629599377
2023-08-22 10:00:00+05:00,30.0,27,0.0,160,7.6,1011.0,0,1,43.355288802917435,46.644711197082565,122.04534649768402,686.7428003610097,769.9678027553008,126.89103110774693,2.111111111111111,54.74562813393834
2023-08-22 11:00:00+05:00,31.9,23,0.0,80,3.6,1006.8,1,1,34.91297146886248,55.08702853113752,141.2167214293303,795.1191920734666,803.0747505234611,136.57996881727342,1.0,68.05168816724819
2023-08-22 12:00:00+05:00,33.0,21,0.0,220,7.6,1010.0,1,1,29.966858063830863,60.03314193616914,167.20623656302428,849.2938845168926,817.3477235462584,141.21371899594862,2.111111111111111,63.987889932234566
2023-08-22 13:00:00+05:00,35.0,17,0.0,290,11.2,1009.0,1,1,30.366647299341835,59.633352700658165,196.6493223726954,845.1869295274357,816.3116469474153,140.866634443026,3.1111111111111107,61.114156742045225
2023-08-22 14:00:00+05:00,35.5,18,0.0,180,3.6,1005.3,2,1,35.93074415814476,54.06925584185524,221.7107263499866,783.0851518960278,799.7162165326911,135.53343164904504,1.0,70.9993513668565
2023-08-22 15:00:00+05:00,36.0,15,0.0,300,14.8,1009.0,2,2,44.709511532975775,45.290488467024225,240.03104209016655,667.640162597416,763.3872048615618,125.11408633791712,4.111111111111112,53.60351683071241
2023-08-22 16:00:00+05:00,37.0,14,0.0,260,14.8,1009.0,2,2,55.07972488583621,34.92027511416379,253.6838995095581,507.87723935212745,696.5616195368684,109.14024842997406,4.111111111111112,50.06573532681335
2023-08-22 17:00:00+05:00,36.4,16,0.0,210,7.2,1004.8,2,2,66.14255765361733,23.857442346382676,264.78634637025993,317.8277462386379,573.4633624577928,85.88338201976677,2.0,47.03287006587419
2023-08-22 18:00:00+05:00,35.0,17,0.0,270,14.8,1009.0,1,2,77.38137648372917,12.61862351627083,274.7183014426147,121.73827563254854,330.66921146570263,49.50013304777693,4.111111111111112,36.70094681350673
2023-08-22 19:00:00+05:00,33.0,23,0.0,240,14.8,1009.0,1,2,88.26224029757151,1.73775970242849,284.4045831641983,1.047902461732196,3.8453568185517537,0.931292098265138,4.111111111111112,30.980727577440916
2023-08-22 20:00:00+05:00,31.8,26,0.0,260,3.6,1005.9,1,2,99.19703495689949,-9.19703495689949,294.5772875371998,0.0,0.0,0.0,1.0,27.969853745980174
2023-08-22 21:00:00+05:00,31.0,27,0.0,272,3.6,1010.0,1,1,108.94529952825198,-18.945299528251972,305.92142599791606,0.0,0.0,0.0,1.0,27.072484676462636
2023-08-22 22:00:00+05:00,29.0,31,0.0,150,7.6,1010.0,1,1,117.27471431347614,-27.274714313476142,319.09828727201545,0.0,0.0,0.0,2.111111111111111,25.770705914114615
2023-08-22 23:00:00+05:00,26.1,44,0.0,23,3.6,1007.1,0,1,123.47047433407772,-33.470474334077714,334.56327750570927,0.0,0.0,0.0,1.0,21.622450964228335
2023-08-23 00:00:00+05:00,26.0,45,0.0,120,7.6,1010.0,0,1,126.73144803618872,-36.7314480361887,352.0994814528523,0.0,0.0,0.0,2.111111111111111,22.526438751414844
2023-08-23 01:00:00+05:00,23.0,53,0.0,80,11.2,1009.0,0,1,126.49578155619312,-36.49578155619311,10.42751069466192,0.0,0.0,0.0,3.1111111111111107,19.933489386194765
2023-08-23 02:00:00+05:00,22.9,52,0.0,40,3.6,1007.6,0,1,122.80853161391158,-32.80853161391159,27.744204744582817,0.0,0.0,0.0,1.0,18.10509522848696
2023-08-23 03:00:00+05:00,23.0,44,0.0,70,11.2,1009.0,0,1,116.2883009997544,-26.2883009997544,42.90600366658464,0.0,0.0,0.0,3.1111111111111107,19.933489386194765
2023-08-23 04:00:00+05:00,23.0,44,0.0,70,11.2,1009.0,0,1,107.7388330390865,-17.738833039086508,55.81731410230759,0.0,0.0,0.0,3.1111111111111107,19.933489386194765
2023-08-23 05:00:00+05:00,22.1,49,0.0,30,3.6,1007.2,0,1,97.8530715543149,-7.853071554314893,66.98254023631654,0.0,0.0,0.0,1.0,17.230775968936484
2023-08-23 06:00:00+05:00,22.0,46,0.0,70,11.2,1009.0,0,1,86.92602326098763,3.073976739012364,77.07215683307072,5.1835502984984485,20.101429751696607,4.105605490254006,3.1111111111111107,19.063839189450505
2023-08-23 07:00:00+05:00,25.0,36,0.0,70,14.8,1009.0,0,1,75.94218072208716,14.057819277912834,86.77506028498732,146.15308149154214,374.4657243271067,55.19500754569006,4.111111111111112,26.90308640462797
2023-08-23 08:00:00+05:00,26.9,38,0.0,40,3.6,1006.2,1,1,64.72224456662293,25.277755433377067,96.84090032778909,343.5536628870876,595.9868880724389,89.06319148325673,1.0,40.870973636264125
2023-08-23 09:00:00+05:00,31.0,27,0.0,50,11.2,1009.0,1,1,53.746601771072704,36.253398228927296,108.23948043903812,530.3827709520583,709.0873156176423,111.05868446145077,3.1111111111111107,46.65858069126665
2023-08-23 10:00:00+05:00,34.0,22,0.0,40,3.6,1009.0,1,1,43.570650689073055,46.429349310926945,122.4322240689786,684.5958630061247,770.7518535334976,126.16686200190372,1.0,64.92530386867975
2023-08-23 11:00:00+05:00,34.7,22,0.0,50,3.6,1004.6,1,1,35.178586946969084,54.82141305303091,141.5932710630446,792.9294168314914,803.9201010188657,135.83706574645032,1.0,70.67062481016455
2023-08-23 12:00:00+05:00,36.0,17,0.0,320,11.2,1008.0,1,1,30.288332391827065,59.71166760817294,167.44243892724535,846.9471007256856,818.1793634455987,140.45063273940855,3.1111111111111107,62.18258292043208
2023-08-23 13:00:00+05:00,36.0,17,0.0,250,11.2,1007.0,1,1,30.709181966160635,59.290818033839365,196.624156981452,842.5788993536397,817.074993926217,140.081969678238,3.1111111111111107,62.04160135985393
2023-08-23 14:00:00+05:00,36.5,16,0.0,220,3.6,1003.2,2,1,36.25280863989429,53.74719136010571,221.51090593944144,780.1311826802201,800.3387304855781,134.7255312933753,1.0,71.84587857822828
2023-08-23 15:00:00+05:00,36.0,15,0.0,320,14.8,1007.0,2,2,45.00342777717749,44.99657222282251,239.78032214532777,664.2846727891148,763.7281251327994,124.27964576371836,4.111111111111112,53.507800152184814
2023-08-23 16:00:00+05:00,36.0,16,0.0,310,11.2,1006.0,2,2,55.354376916357765,34.645623083642235,253.43353937914705,504.10879090546246,696.2907957683817,108.26816545102054,3.1111111111111107,50.9580911349704
2023-08-23 17:00:00+05:00,35.9,19,0.0,200,3.6,1002.5,1,2,66.40818215302835,23.591817846971644,264.5491787274858,313.72731690447915,571.6836352047762,84.92914041729546,1.0,48.832056918850185
2023-08-23 18:00:00+05:00,35.0,18,0.0,290,14.8,1006.0,1,2,77.64589788995428,12.354102110045709,274.4955329280399,117.78565520378092,324.83640951078775,48.28597110295962,4.111111111111112,36.58406669716686
2023-08-23 19:00:00+05:00,34.0,22,0.0,210,11.2,1006.0,1,2,88.5130286166468,1.4869713833531863,284.19568833371136,0.6924079129246989,2.564905970541417,0.6258495435472382,3.1111111111111107,31.714227219555767
2023-08-23 20:00:00+05:00,31.8,29,0.0,200,3.6,1003.4,1,2,99.48323503635116,-9.483235036351148,294.3841217052603,0.0,0.0,0.0,1.0,27.969853745980174
2023-08-23 21:00:00+05:00,30.0,29,0.0,250,7.6,1007.0,1,1,109.24952121496102,-19.24952121496102,305.751501394524,0.0,0.0,0.0,2.111111111111111,26.857492337694566
2023-08-23 22:00:00+05:00,29.0,33,0.0,270,11.2,1007.0,1,1,117.59900151574014,-27.599001515740134,318.9685114835262,0.0,0.0,0.0,3.1111111111111107,26.31163476322837
2023-08-23 23:00:00+05:00,27.6,42,0.0,90,7.6,1004.7,1,1,123.81086618503508,-33.810866185035074,334.50137583324005,0.0,0.0,0.0,2.111111111111111,24.253738511794324
2023-08-24 00:00:00+05:00,25.0,44,0.0,90,7.6,1007.0,1,1,127.0747368118802,-37.07473681188021,352.13417982076805,0.0,0.0,0.0,2.111111111111111,21.450276815696043
2023-08-24 01:00:00+05:00,25.0,41,0.0,90,11.2,1007.0,1,1,126.82213686519606,-36.822136865196065,10.565223220977089,0.0,0.0,0.0,3.1111111111111107,22.05067509221584
2023-08-24 02:00:00+05:00,23.3,50,0.0,40,3.6,1005.5,1,1,123.1018704195508,-33.10187041955079,27.959909931090124,0.0,0.0,0.0,1.0,18.543000765931424
2023-08-24 03:00:00+05:00,23.0,47,0.0,70,11.2,1007.0,0,1,116.54355417443908,-26.54355417443908,43.164871650649786,0.0,0.0,0.0,3.1111111111111107,19.933489386194765
2023-08-24 04:00:00+05:00,22.0,46,0.0,70,11.2,1007.0,0,1,107.95987368764776,-17.95987368764775,56.09554754382839,0.0,0.0,0.0,3.1111111111111107,18.878116827573024
2023-08-24 05:00:00+05:00,21.9,49,0.0,50,3.6,1005.6,2,1,98.04773690217009,-8.047736902170076,67.2702643866723,0.0,0.0,0.0,1.0,17.012505470092947
2023-08-24 06:00:00+05:00,22.0,43,0.0,80,11.2,1008.0,0,1,87.09505808630558,2.9049419136944192,77.36879786096273,4.483741407936453,17.55782237567161,3.5939270863525827,3.1111111111111107,19.038770061992864
2023-08-24 07:00:00+05:00,25.0,36,0.0,60,7.6,1008.0,0,1,76.11050928206964,13.889490717930356,87.08533650749183,143.72607405028637,372.06953909546786,54.41078562097937,2.111111111111111,27.563953030709342
2023-08-24 08:00:00+05:00,27.4,37,0.0,60,3.6,1005.5,6,1,64.89324414843983,25.10675585156017,97.17244876200152,341.16701123651,595.8285289949678,88.35327397982948,1.0,41.266244626258185
2023-08-24 09:00:00+05:00,31.0,26,0.0,170,3.6,1008.0,5,2,53.93261449614926,36.06738550385074,108.60012004381372,528.1352544153223,709.6359379373654,110.34679698747392,1.0,54.37883752065528
2023-08-24 10:00:00+05:00,33.0,23,0.0,180,7.6,1008.0,4,2,43.7882951873059,46.2117048126941,122.82107362963536,682.4075821417623,771.5302477227526,125.4386547264329,2.111111111111111,57.600718334379394
2023-08-24 11:00:00+05:00,33.6,24,0.0,200,3.6,1004.4,2,2,35.44703571846909,54.55296428153091,141.97039880323615,790.6888808473808,804.7600833791472,135.0894912176534,1.0,69.49483597974336
2023-08-24 12:00:00+05:00,35.0,20,0.0,280,11.2,1007.0,2,2,30.612840458360957,59.38715954163904,167.67901621753003,844.5404089506943,819.0045399595444,139.6822311632584,3.1111111111111107,61.09323544173856
2023-08-24 13:00:00+05:00,36.0,15,0.0,340,7.6,1007.0,1,1,31.05507477797834,58.94492522202166,196.6020428982668,839.9027260492742,817.8293650169613,139.29134604086812,2.111111111111111,66.6229275935658
2023-08-24 14:00:00+05:00,36.5,15,0.0,220,3.6,1003.3,2,1,36.57879008917232,53.42120991082768,221.31451474934676,777.1023931576271,800.9474907202649,133.91101609164753,1.0,71.70671742965902
2023-08-24 15:00:00+05:00,36.0,14,0.0,230,18.4,1006.0,2,2,45.30144979449954,44.69855020550046,239.53152521583752,660.8499190651052,764.0458807891471,123.43783599877452,5.111111111111111,51.327567370051554
2023-08-24 16:00:00+05:00,37.0,13,0.0,310,18.4,1006.0,1,2,55.63302835546909,34.36697164453091,253.18384948454033,500.2598597335956,695.9759307560386,107.3875227072781,5.111111111111111,48.300515256599624
2023-08-24 17:00:00+05:00,36.2,16,0.0,270,3.6,1002.5,1,1,66.67760422999864,23.322395770001368,264.31192185372447,309.55151668478027,569.8046223952337,83.96331703678902,1.0,48.94409753407945
2023-08-24 18:00:00+05:00,36.0,13,0.0,290,7.6,1005.0,1,1,77.91397199751785,12.08602800248215,274.27222292540984,113.79195089966552,318.7567622934755,47.050622704955856,2.111111111111111,38.12747885284722
2023-08-24 19:00:00+05:00,34.0,15,0.0,220,7.0,1006.0,1,1,88.76431986964799,1.235680130352015,283.9859741119385,0.4289617401292955,1.6196086813763313,0.3940348546887814,1.9444444444444444,31.156178487012653
2023-08-24 20:00:00+05:00,29.8,30,0.0,50,3.6,1002.9,0,1,99.7728459612958,-9.772845961295786,294.1899907982634,0.0,0.0,0.0,1.0,25.730458232036938
2023-08-24 21:00:00+05:00,30.0,27,0.0,57,3.6,1006.0,0,1,109.5571438716442,-19.557143871644207,305.58065455974605,0.0,0.0,0.0,1.0,25.953795484104774
2023-08-24 22:00:00+05:00,28.0,30,0.0,100,7.6,1006.0,0,1,117.92672377986328,-27.926723779863263,318.8382368763987,0.0,0.0,0.0,2.111111111111111,24.68662218819958
2023-08-24 23:00:00+05:00,25.0,46,0.0,60,3.6,1003.9,0,1,124.15466826789434,-34.15466826789434,334.4400812246064,0.0,0.0,0.0,1.0,20.409701358320774
2023-08-25 00:00:00+05:00,25.0,39,0.0,70,11.2,1006.0,0,1,127.42115052768403,-37.42115052768405,352.1713058263998,0.0,0.0,0.0,3.1111111111111107,22.05067509221584
2023-08-25 01:00:00+05:00,24.0,38,0.0,70,11.2,1005.0,0,1,127.15095782314714,-37.15095782314714,10.70711471256675,0.0,0.0,0.0,3.1111111111111107,20.990998990357866
2023-08-25 02:00:00+05:00,22.6,44,0.0,30,3.6,1004.3,0,1,123.39685212446436,-33.39685212446435,28.180553478648676,0.0,0.0,0.0,1.0,17.77699296386959
2023-08-25 03:00:00+05:00,24.0,36,0.0,60,11.2,1005.0,0,1,116.79978362656828,-26.79978362656827,43.428516310348186,0.0,0.0,0.0,3.1111111111111107,20.990998990357866
2023-08-25 04:00:00+05:00,23.0,38,0.0,70,14.8,1005.0,0,1,108.1815062179158,-18.181506217915803,56.37805247618394,0.0,0.0,0.0,4.111111111111112,20.378473038828986
2023-08-25 05:00:00+05:00,21.2,47,0.0,110,3.6,1004.1,0,1,98.24286372422958,-8.242863724229576,67.56177219332693,0.0,0.0,0.0,1.0,16.249527392118978
2023-08-25 06:00:00+05:00,23.0,36,0.0,60,11.2,1005.0,0,1,87.2640527220704,2.735947277929601,77.6688559823034,3.841013192412192,15.190074658586958,3.115943182547883,3.1111111111111107,20.070795668418555
2023-08-25 07:00:00+05:00,25.0,34,0.0,80,3.6,1006.0,0,1,76.27957264845605,13.720427351543943,87.39876964015423,141.28873561808763,369.60998767005174,53.622971021211185,1.0,28.165353314865797
2023-08-25 08:00:00+05:00,26.4,33,0.0,340,3.6,1003.7,0,1,65.06536881037113,24.93463118962887,97.50692573342089,338.7568596494843,595.6500710120208,87.64033233413434,1.0,40.10461150915171
2023-08-25 09:00:00+05:00,29.0,27,0.0,200,7.6,1006.0,0,1,54.12027596146608,35.87972403853392,108.96333261721033,525.8552495888121,710.1757299341472,109.63143774175968,2.111111111111111,47.39110462941153
2023-08-25 10:00:00+05:00,30.0,27,0.0,160,11.2,1006.0,0,1,44.00821263080058,45.99178736919942,123.21170172610675,680.1775767615396,772.3027534376098,124.70637262551304,3.1111111111111107,50.64162515108512
2023-08-25 11:00:00+05:00,31.8,24,0.0,100,3.6,1002.6,1,1,35.71828243820268,54.28171756179732,142.34789075442762,788.3972037609566,805.5945070098261,134.33721141626836,1.0,67.64127597273375
2023-08-25 12:00:00+05:00,34.0,20,0.0,240,11.2,1005.0,1,1,30.940310246483648,59.05968975351635,167.91578661127028,842.0735361923545,819.8230884723963,138.9084913617453,3.1111111111111107,60.00373487854739
2023-08-25 13:00:00+05:00,34.0,19,0.0,300,18.4,1005.0,1,1,31.404221462460537,58.595778537539466,196.58283864043565,837.1583429547114,818.5746069124058,138.49475925106103,5.111111111111111,53.71515521877535
2023-08-25 14:00:00+05:00,35.5,17,0.0,240,10.8,1001.1,1,1,36.90857099572961,53.09142900427039,221.12151988173065,773.9990085284031,801.5423258119911,133.08990764472526,3.0,59.72772003302782
2023-08-25 15:00:00+05:00,36.0,16,0.0,310,18.4,1004.0,1,1,45.60346614958427,44.39653385041573,239.284691482552,657.3364880376464,764.3401966969903,122.58871043206555,5.111111111111111,51.238916761499695
2023-08-25 16:00:00+05:00,35.0,16,0.0,340,22.3,1004.0,1,1,55.91557480717472,34.08442519282528,252.93488638440493,496.33145937112135,695.6163440126594,106.49840445242148,6.194444444444445,44.83099944913732
2023-08-25 17:00:00+05:00,35.0,16,0.0,330,15.0,1005.0,1,1,66.95072182657387,23.04927817342614,264.07462696456264,305.3019623081466,567.8240126758253,82.98598357955669,4.166666666666667,42.0437396645911
2023-08-25 18:00:00+05:00,34.0,16,0.0,310,22.3,1005.0,1,1,78.18549135209891,11.814508647901096,274.04841120752735,109.76116453436524,312.4247458584314,45.79409808676996,6.194444444444445,34.99205052603469
2023-08-25 19:00:00+05:00,33.0,19,0.0,340,14.8,1005.0,1,1,89.01557884158225,0.9844211584177452,283.77546657819454,0.2446824616802068,0.9604143283044638,0.2281820199709584,4.111111111111112,30.956701534647834
2023-08-25 20:00:00+05:00,30.4,24,0.0,250,7.2,1002.3,1,1,100.06575944080764,-10.065759440807636,293.9949051101282,0.0,0.0,0.0,2.0,27.222161405138877
2023-08-25 21:00:00+05:00,31.0,21,0.0,360,14.8,1006.0,1,1,109.868057198322,-19.86805719832199,305.4088780108264,0.0,0.0,0.0,4.111111111111112,28.81903735214513
2023-08-25 22:00:00+05:00,30.0,22,0.0,10,14.8,1006.0,1,1,118.25777178340402,-28.257771783404024,318.7074398698906,0.0,0.0,0.0,4.111111111111112,27.756992572378806
2023-08-25 23:00:00+05:00,26.1,33,0.0,20,3.6,1003.6,1,1,124.50177549669236,-34.501775496692375,334.3793661216308,0.0,0.0,0.0,1.0,21.622450964228335
2023-08-26 00:00:00+05:00,26.0,30,0.0,80,11.2,1006.0,1,1,127.7705881429641,-37.7705881429641,352.21084582418894,0.0,0.0,0.0,3.1111111111111107,23.11254718252809
2023-08-26 01:00:00+05:00,25.0,32,0.0,60,11.2,1005.0,1,1,127.48214518974058,-37.482145189740585,10.853179510710106,0.0,0.0,0.0,3.1111111111111107,22.05067509221584
2023-08-26 02:00:00+05:00,23.2,43,0.0,30,7.2,1003.8,1,1,123.69338350389202,-33.69338350389202,28.406109594610257,0.0,0.0,0.0,2.0,19.4339561443727
2023-08-26 03:00:00+05:00,24.0,36,0.0,120,7.6,1005.0,0,1,117.05691069450944,-27.056910694509455,43.69688123168288,0.0,0.0,0.0,2.111111111111111,20.376693141554313
2023-08-26 04:00:00+05:00,21.0,43,0.0,80,14.8,1005.0,0,1,108.40367123477972,-18.40367123477973,56.66474993979148,0.0,0.0,0.0,4.111111111111112,18.287432463000528
2023-08-26 05:00:00+05:00,21.8,43,0.0,80,3.6,1003.8,2,1,98.43841177688265,-8.438411776882633,67.8569711117334,0.0,0.0,0.0,1.0,16.903416443322556
2023-08-26 06:00:00+05:00,21.0,43,0.0,100,7.6,1006.0,1,1,87.43293142603727,2.567068573962723,77.97222868233871,3.2555276399401305,13.005403040375423,2.673031107253546,2.111111111111111,17.312310959983904
2023-08-26 07:00:00+05:00,23.0,41,0.0,120,7.6,1006.0,1,1,76.44935977592169,13.5506402240783,87.71524573975029,138.8414491954916,367.085606821774,52.83156963761565,2.111111111111111,25.247408249444902
2023-08-26 08:00:00+05:00,25.4,37,0.0,80,3.6,1003.7,1,1,65.23861713385685,24.76138286614315,97.84419995317968,336.32309311234656,595.4509154555492,86.92434313374014,1.0,38.9437995741676
2023-08-26 09:00:00+05:00,27.0,34,0.0,190,7.6,1006.0,2,1,54.3095874115152,35.690412588484804,109.3289593513996,523.5424331927088,710.7063498120407,108.91257080383144,2.111111111111111,45.26223254894245
2023-08-26 10:00:00+05:00,30.0,29,0.0,190,11.2,1006.0,2,2,44.230395355897954,45.769604644102046,123.60391264106396,677.9054364084418,773.0691220314798,123.96997642186818,3.1111111111111107,50.56609044871158
2023-08-26 11:00:00+05:00,31.5,28,0.0,20,3.6,1002.3,2,2,35.99229271245567,54.00770728754433,142.72553219477646,786.0540001551387,806.4231736587485,133.5801921036175,1.0,67.24146722315777
2023-08-26 12:00:00+05:00,33.0,24,0.0,220,11.2,1005.0,3,2,31.270670141357854,58.729329858642146,168.15256648874276,839.5462301249765,820.6348427550928,138.1293920561925,3.1111111111111107,58.91402840472534
2023-08-26 13:00:00+05:00,34.0,22,0.0,240,14.8,1005.0,3,2,31.75651730518848,58.24348269481152,196.56639541460532,834.3457291967118,819.310569528658,137.69220860414987,4.111111111111112,56.29794657107993
2023-08-26 14:00:00+05:00,33.3,21,0.0,210,7.2,1001.4,6,2,37.24203155519758,52.75796844480242,220.9318763513888,770.8213224280104,802.1230720218455,132.26223297211163,2.0,61.87656948488302
2023-08-26 15:00:00+05:00,34.0,19,0.0,240,14.8,1004.0,6,3,45.909361585240426,44.090638414759574,239.03985024808023,653.7450533591982,764.6108090796503,121.73232962285374,4.111111111111112,51.14821614949608
2023-08-26 16:00:00+05:00,35.0,17,0.0,240,14.8,1004.0,5,2,56.20190742464652,33.79809257535348,252.6866983190692,492.324704336999,695.2113633029447,105.60090374611173,4.111111111111112,47.5347107015923
2023-08-26 17:00:00+05:00,34.0,18,0.0,240,7.2,1000.9,5,2,67.22742829893944,22.772571701060556,263.8373387221927,300.9803874104314,565.7394566728063,81.99722105367076,2.0,43.7890152564745
2023-08-26 18:00:00+05:00,33.0,20,0.0,240,14.8,1005.0,5,2,78.46034358862072,11.539656411379282,273.8241319551305,105.69756786575964,305.83506721963124,44.51644724600201,4.111111111111112,34.101144691197135
2023-08-26 19:00:00+05:00,32.0,20,0.0,330,11.2,1005.0,5,2,89.26626959136597,0.7337304086340308,283.56418659961105,0.1246998065564547,0.5302074098546717,0.1179101499741943,3.1111111111111107,29.53591284075725
2023-08-26 20:00:00+05:00,28.8,28,0.0,250,3.6,1002.5,6,2,100.361863362743,-10.361863362743009,293.798869624134,0.0,0.0,0.0,1.0,24.61576179374356
2023-08-26 21:00:00+05:00,30.0,22,0.0,320,11.2,1006.0,6,3,110.18214760408092,-20.182147604080924,305.2361584013357,0.0,0.0,0.0,3.1111111111111107,27.382586307136705
2023-08-26 22:00:00+05:00,28.0,19,0.0,360,18.4,1007.0,6,3,118.59203371288044,-28.59203371288043,318.57609011628654,0.0,0.0,0.0,5.111111111111111,25.93538483098979
2023-08-26 23:00:00+05:00,25.5,28,0.0,270,7.2,1004.5,7,3,124.85208145653104,-34.85208145653105,334.31919547700966,0.0,0.0,0.0,2.0,21.906801947034012
2023-08-27 00:00:00+05:00,27.0,20,0.0,360,14.8,1007.0,6,3,128.12294869784824,-38.12294869784824,352.2527788633762,0.0,0.0,0.0,4.111111111111112,24.583035248813417
2023-08-27 01:00:00+05:00,26.0,20,0.0,360,18.4,1006.0,7,3,127.81560121585896,-37.81560121585895,11.003405213824635,0.0,0.0,0.0,5.111111111111111,23.840299613641946
2023-08-27 02:00:00+05:00,24.5,29,0.0,270,10.8,1004.1,7,3,123.99137417782563,-33.99137417782565,28.636546076211516,0.0,0.0,0.0,3.0,21.463464926961592
2023-08-27 03:00:00+05:00,24.0,38,0.4,350,22.3,1006.0,8,18,117.3148606920132,-27.314860692013205,43.96990428091203,0.0,0.0,0.0,6.194444444444445,22.02273228462701
2023-08-27 04:00:00+05:00,23.0,50,0.0,330,22.3,1008.0,8,18,108.62631402435332,-18.626314024353334,56.95555627309636,0.0,0.0,0.0,6.194444444444445,20.986555972812766
2023-08-27 05:00:00+05:00,19.2,76,0.3,320,7.2,1007.1,8,18,98.63434579069782,-8.634345790697827,68.15576481195086,0.0,0.0,0.0,2.0,15.165537235467752
2023-08-27 06:00:00+05:00,19.0,78,0.7,60,22.3,1009.0,8,18,87.60161777917382,2.3983822208261736,78.27881028680298,2.7270044321390565,11.009153110287793,2.2662995259045946,6.194444444444445,16.920424446323636
2023-08-27 07:00:00+05:00,18.0,83,5.2,80,14.8,1010.0,8,18,76.6198642613746,13.380135738625402,88.03464802991414,136.38453330600038,364.4947619053492,52.03657033937532,4.111111111111112,19.35360205147299
2023-08-27 08:00:00+05:00,19.0,78,1.1,60,18.4,1009.0,8,18,65.41299190869711,24.587008091302888,98.1841373935028,333.8655236423092,595.2303846905347,86.20527297596684,5.111111111111111,25.45420691468047
2023-08-27 09:00:00+05:00,19.0,83,3.3,80,14.8,1010.0,8,9,54.50055354912302,35.49944645087698,109.69683874316968,521.1964241230506,711.2274181115704,108.190154334361,4.111111111111112,32.00368166958236
2023-08-27 10:00:00+05:00,18.0,83,1.3,110,7.6,1010.0,8,9,44.45483810811416,45.54516189188584,123.99750846379128,675.5907149622817,773.8290856115239,123.22942367389726,2.111111111111111,42.41837356025695
2023-08-27 11:00:00+05:00,17.8,92,0.5,70,10.8,1009.1,8,18,36.269033506920195,53.730966493079805,143.10310753950063,783.6588746765689,807.2458758655134,132.81839820874904,3.0,42.39389678317315
2023-08-27 12:00:00+05:00,18.0,88,0.1,110,7.6,1010.0,8,18,31.603849327306605,58.396150672693395,168.3891702370812,836.958255417548,821.439633931165,137.34491328650222,2.111111111111111,48.882924001641584
2023-08-27 13:00:00+05:00,21.0,73,0.0,130,14.8,1010.0,8,18,32.11185753037383,57.88814246962617,196.5525570453128,831.4649069258265,820.0371052946438,136.88369673153022,4.111111111111112,43.16204150853355
2023-08-27 14:00:00+05:00,21.0,67,0.0,110,10.8,1008.5,8,18,37.579050048782854,52.420949951217146,220.74552694688032,767.569694751336,802.6895728363758,131.42802431678265,3.0,44.98778740581264
2023-08-27 15:00:00+05:00,23.0,61,0.0,170,22.3,1010.0,8,18,46.21901734943971,43.78098265056029,238.7970195366548,650.0763737752277,764.8574652950855,120.8687611294298,6.194444444444445,36.04560138310728
2023-08-27 16:00:00+05:00,24.0,57,0.4,160,22.3,1010.0,8,18,56.49191317679185,33.50808682320815,252.4393247084337,488.24080805819455,694.7603245248027,104.69512229591578,6.194444444444445,33.34762364365952
2023-08-27 17:00:00+05:00,22.7,64,0.4,100,14.4,1007.7,7,18,67.50761264745057,22.492387352549432,263.60009472507045,296.5886404487251,563.548565656313,80.99711963263226,4.0,29.15059325036202
2023-08-27 18:00:00+05:00,23.0,61,1.4,160,14.8,1010.0,8,18,78.73841160267503,11.261588397324967,273.5994132623483,101.60571280065965,298.982737994352,43.217766334569816,4.111111111111112,23.472011893123863
2023-08-27 19:00:00+05:00,22.0,60,1.1,150,14.8,1009.0,7,25,89.51593261854651,0.4840673814534868,283.35214934422845,0.0534034622479415,0.2700528282772413,0.0511219292726666,4.111111111111112,19.333672779997528
2023-08-27 20:00:00+05:00,23.0,57,3.3,130,7.6,1009.0,7,25,100.66104206653657,-10.66104206653657,293.60188352493554,0.0,0.0,0.0,2.111111111111111,19.305656461254557
2023-08-27 21:00:00+05:00,19.0,78,0.2,250,7.6,1011.0,7,18,110.4992985320451,-20.499298532045103,305.06247601510677,0.0,0.0,0.0,2.111111111111111,15.046352713764236
2023-08-27 22:00:00+05:00,19.0,78,1.2,120,18.4,1012.0,7,18,118.92939566085305,-28.929395660853043,318.44414996427736,0.0,0.0,0.0,5.111111111111111,16.560165728432708
2023-08-27 23:00:00+05:00,17.5,90,0.2,50,7.2,1010.4,7,17,125.20547889842786,-35.20547889842786,334.25952622191744,0.0,0.0,0.0,2.0,13.363426151186445
2023-08-28 00:00:00+05:00,18.0,78,0.0,200,7.6,1012.0,7,18,128.47813191402565,-38.47813191402564,352.2970762800974,0.0,0.0,0.0,2.111111111111111,13.987580469516786
2023-08-28 01:00:00+05:00,18.0,73,0.0,0,0.0,1012.0,7,18,128.15123031647727,-38.151230316477275,11.157772499835914,0.0,0.0,0.0,0.0,10.8285568251693
2023-08-28 02:00:00+05:00,18.0,73,0.0,99,4.0,1012.0,6,18,124.29073729697888,-34.29073729697888,28.87182438001969,0.0,0.0,0.0,1.1111111111111112,12.93323610778424
2023-08-28 03:00:00+05:00,18.0,73,0.0,190,7.6,1012.0,7,18,117.57356355729816,-27.57356355729818,44.24751786805064,0.0,0.0,0.0,2.111111111111111,13.987580469516786
2023-08-28 04:00:00+05:00,18.0,68,0.0,270,11.2,1013.0,8,18,108.84938514100716,-18.84938514100716,57.25038349621212,0.0,0.0,0.0,3.1111111111111107,14.677409637743779
2023-08-28 05:00:00+05:00,17.8,59,0.0,230,3.6,1012.0,7,18,98.830635989469,-8.830635989468995,68.45805362923153,0.0,0.0,0.0,1.0,12.56474706075187
2023-08-28 06:00:00+05:00,18.0,56,0.0,96,3.6,1013.0,7,18,87.77003459644345,2.2299654035565495,78.58849244798108,2.2546848585896035,9.204514731944382,1.8965333863603804,1.0,12.90929116573534
2023-08-28 07:00:00+05:00,18.0,52,0.0,350,11.2,1014.0,7,18,76.79108475878398,13.208915241216022,88.35685741939318,133.91823640730146,361.8356262453118,51.237943134628935,3.1111111111111107,19.49546186122882
2023-08-28 08:00:00+05:00,19.0,43,0.0,360,11.2,1015.0,6,18,65.58850052876522,24.411499471234777,98.52660184742156,331.383882856573,594.9877130874123,85.483077460798,3.1111111111111107,27.52680656607714
2023-08-28 09:00:00+05:00,21.0,30,0.0,360,14.8,1015.0,6,18,54.69318293284756,35.30681706715244,110.06680721374346,518.8167762645712,711.7385132670189,107.46413986944684,4.111111111111112,33.95379206244672
2023-08-28 10:00:00+05:00,22.0,29,0.0,360,14.8,1015.0,5,3,44.68153847860108,45.31846152139892,124.39228978479572,673.2329238258183,774.5823542842872,122.4846681821067,4.111111111111112,39.52724975234986
2023-08-28 11:00:00+05:00,22.1,28,0.0,220,7.2,1013.5,2,2,36.5484736829577,53.4515263170423,143.48040101433145,781.2114153713201,808.0623948826866,132.05179327044584,2.0,51.24684034269893
2023-08-28 12:00:00+05:00,23.0,25,0.0,300,7.6,1015.0,4,2,31.939778448303684,58.06022155169632,168.62541072879208,834.3093869162906,822.2372886316734,136.5550358429149,2.111111111111111,53.601857314868084
2023-08-28 13:00:00+05:00,24.0,24,0.0,320,11.2,1015.0,4,2,32.470138061310585,57.529861938689415,196.54116035402785,828.5159340712034,820.7540672902633,136.06922898812854,3.1111111111111107,49.57147934696525
2023-08-28 14:00:00+05:00,24.1,25,0.0,250,7.2,1012.6,1,2,37.91950366395442,52.08049633604558,220.56240230947907,764.2445436641376,803.2416768493232,130.58731844956708,2.0,52.51593002346323
2023-08-28 15:00:00+05:00,25.0,21,0.0,40,7.6,1014.0,2,1,46.53231198747421,43.46768801252579,238.55620577378164,646.331284127784,765.0799211039863,119.99807868540064,2.111111111111111,48.15374900272451
2023-08-28 16:00:00+05:00,25.0,19,0.0,260,7.6,1014.0,2,1,56.785475586987765,33.214524413012235,252.1927956577834,484.081072743493,694.2625674725444,103.7811694398427,2.111111111111111,41.639414961742034
2023-08-28 17:00:00+05:00,24.3,23,0.0,240,7.2,1011.8,3,1,67.7911602204262,22.208839779573793,263.3629249753932,292.12867407326826,561.2489025923794,79.9857772944824,2.0,33.239488329591495
2023-08-28 18:00:00+05:00,24.0,22,0.0,280,11.2,1014.0,3,1,79.01957417924869,10.980425820751304,273.37427660662496,97.4904352733326,291.8631462410489,41.89820317787732,3.1111111111111107,24.454876442510056
2023-08-28 19:00:00+05:00,22.0,27,0.0,300,7.6,1014.0,3,1,89.76433813946245,0.2356618605375458,283.1393637689936,0.0159268957234816,0.1257634549980313,0.015409622610538,2.111111111111111,18.237824483531995
2023-08-28 20:00:00+05:00,20.3,37,0.0,300,3.6,1012.7,7,2,100.96317708192792,-10.963177081927917,293.4039397054024,0.0,0.0,0.0,1.0,15.270755873412327
2023-08-28 21:00:00+05:00,22.0,29,0.0,40,11.2,1014.0,6,3,110.81939124377485,-20.81939124377485,304.88780429400634,0.0,0.0,0.0,3.1111111111111107,18.878116827573024
2023-08-28 22:00:00+05:00,19.0,40,0.0,70,11.2,1013.0,4,2,119.26974247376552,-29.26974247376553,318.3115740312931,0.0,0.0,0.0,3.1111111111111107,15.724527588131878
2023-08-28 23:00:00+05:00,16.6,53,0.0,50,3.6,1012.4,2,2,125.5618606576448,-35.56186065764481,334.20030695330695,0.0,0.0,0.0,1.0,11.272439008265508
2023-08-29 00:00:00+05:00,18.0,52,0.0,60,14.8,1012.0,2,1,128.83603916341292,-38.83603916341291,352.3437016418927,0.0,0.0,0.0,4.111111111111112,15.164310525764222
2023-08-29 01:00:00+05:00,17.0,55,0.0,80,11.2,1011.0,2,1,128.48894002767514,-38.48894002767513,11.316255420800076,0.0,0.0,0.0,3.1111111111111107,13.632282225869574
2023-08-29 02:00:00+05:00,15.4,55,0.0,330,7.2,1010.2,1,1,124.59139042114568,-34.591390421145675,29.11190020432707,0.0,0.0,0.0,2.0,11.146815500062417
2023-08-29 03:00:00+05:00,18.0,45,0.0,30,11.2,1010.0,2,1,117.83295460805954,-27.832954608059534,44.52964972488349,0.0,0.0,0.0,3.1111111111111107,14.677409637743779
2023-08-29 04:00:00+05:00,19.0,40,0.0,40,14.8,1009.0,2,1,109.0728410291418,-19.072841029141816,57.549140189839136,0.0,0.0,0.0,4.111111111111112,16.203595309107754
2023-08-29 05:00:00+05:00,16.4,45,0.0,300,10.8,1008.7,2,1,99.02725860177658,-9.027258601776582,68.7637354794544,0.0,0.0,0.0,3.0,12.939857362367547
2023-08-29 06:00:00+05:00,17.0,42,0.0,53,3.6,1009.0,2,1,87.93810382049995,2.061896179500053,78.90116508008191,1.8373020346321112,7.592266610562508,1.564139037810547,1.0,11.808040674149424
2023-08-29 07:00:00+05:00,18.0,45,0.0,80,7.6,1008.0,2,1,76.96302535427988,13.036974645720122,88.68175346656506,131.44273221317377,359.1061603714604,50.43563744829691,2.111111111111111,19.694952294011102
2023-08-29 08:00:00+05:00,20.3,34,0.0,40,3.6,1006.9,1,1,65.7651553589638,24.234844641036204,98.87145595042408,328.8778150049198,594.7220378859422,84.75770023888313,1.0,33.31842598608608
2023-08-29 09:00:00+05:00,23.0,29,0.0,28,3.6,1008.0,1,1,54.88748837222179,35.112511627778204,110.43870022842384,516.4029712232388,712.2391669620675,106.73447161004566,1.0,45.7761693604582
2023-08-29 10:00:00+05:00,25.0,26,0.0,250,7.6,1008.0,1,1,44.91049738853865,45.08950261146135,124.78805694523231,670.8315242413074,775.3286130289422,121.73565932064209,2.111111111111111,49.12664241049987
2023-08-29 11:00:00+05:00,27.4,21,0.0,210,3.6,1005.1,1,1,36.830584661793786,53.169415338206214,143.85719792773676,778.7111851580593,808.8724980345463,131.28033872413096,1.0,62.951778756657234
2023-08-29 12:00:00+05:00,30.0,19,0.0,250,7.6,1007.0,1,1,32.27839049521642,57.72160950478358,168.8611003921361,831.5993998876299,823.0276263730377,135.75974045687724,2.111111111111111,60.345300471162545
2023-08-29 13:00:00+05:00,30.0,18,0.0,160,11.2,1007.0,1,1,32.83125660043165,57.16874339956835,196.5320359766209,825.4988929732692,821.4613062991565,135.24881249958582,3.1111111111111107,55.44287762738389
2023-08-29 14:00:00+05:00,31.4,14,0.0,210,3.6,1003.3,1,1,38.26326968303072,51.73673031696928,220.38242127266025,760.8463324037991,803.7792341082888,129.740155528302,1.0,65.96251632931262
2023-08-29 15:00:00+05:00,32.0,13,0.0,280,11.2,1005.0,0,1,46.84912251577729,43.15087748422271,238.3174036104246,642.5106802702404,765.2779356668294,119.12036081479188,3.1111111111111107,51.425671221690266
2023-08-29 16:00:00+05:00,32.0,14,0.0,250,11.2,1005.0,0,1,57.08247585016835,32.91752414983165,251.94713154430025,479.8468725832896,693.7174279316099,102.8591604124021,3.1111111111111107,45.99241901595309
2023-08-29 17:00:00+05:00,31.4,16,0.0,130,3.6,1002.2,0,1,68.07795378325892,21.92204621674108,263.12585139739735,287.60252781932803,558.8379664877476,78.96329747138927,1.0,42.70687227126791
2023-08-29 18:00:00+05:00,31.0,15,0.0,180,11.2,1005.0,1,1,79.3037069722208,10.69629302777921,273.14873637234086,93.35685493192436,284.472130308857,40.55796245009141,3.1111111111111107,31.717528676806353
2023-08-29 19:00:00+05:00,29.0,16,0.0,193,3.6,1005.0,1,1,90.01176800934687,-0.0117680093468605,282.9258321691323,0.0,0.0,0.0,1.0,24.83843657015376
2023-08-29 20:00:00+05:00,24.4,33,0.0,80,3.6,1003.1,2,1,101.26814819145022,-11.268148191450228,293.20502435593414,0.0,0.0,0.0,1.0,19.74982500373477
2023-08-29 21:00:00+05:00,24.0,29,0.0,130,7.6,1005.0,2,1,111.14230590624372,-21.142305906243717,304.7121094922113,0.0,0.0,0.0,2.111111111111111,20.376693141554313
2023-08-29 22:00:00+05:00,21.0,46,0.0,90,18.4,1005.0,2,1,119.6129588645669,-29.612958864566902,318.1783089583487,0.0,0.0,0.0,5.111111111111111,18.632139088399185
2023-08-29 23:00:00+05:00,20.6,46,0.0,40,3.6,1004.1,2,1,125.92112078546587,-35.92112078546588,334.1414778855295,0.0,0.0,0.0,1.0,15.596739258545824
2023-08-30 00:00:00+05:00,21.0,40,0.0,70,18.4,1005.0,2,1,129.19657457617896,-39.19657457617896,352.3926110463527,0.0,0.0,0.0,5.111111111111111,18.632139088399185
2023-08-30 01:00:00+05:00,21.0,38,0.0,60,14.8,1005.0,2,1,128.8286420107037,-38.8286420107037,11.478822096773795,0.0,0.0,0.0,4.111111111111112,18.287432463000528
2023-08-30 02:00:00+05:00,19.4,40,0.0,20,3.6,1003.8,6,1,124.89325635129067,-34.89325635129068,29.356724465809748,0.0,0.0,0.0,1.0,14.294438023742487
2023-08-30 03:00:00+05:00,19.0,43,0.0,180,7.6,1005.0,6,2,118.09297517868076,-28.092975178680767,44.81622401927092,0.0,0.0,0.0,2.111111111111111,15.046352713764236
2023-08-30 04:00:00+05:00,18.0,49,0.0,70,7.6,1005.0,5,2,109.29664448648188,-19.29664448648188,57.85173263747657,0.0,0.0,0.0,2.111111111111111,13.987580469516786
2023-08-30 05:00:00+05:00,18.2,43,0.0,100,3.6,1004.1,3,2,99.2241961855095,-9.224196185509491,69.07270698622023,0.0,0.0,0.0,1.0,12.996457028535815
2023-08-30 06:00:00+05:00,20.0,40,0.0,120,14.8,1005.0,6,2,88.1057462858226,1.8942537141774012,79.21671747117136,1.4730606765836702,6.170572131626906,1.2690927741881328,4.111111111111112,17.289874362555395
2023-08-30 07:00:00+05:00,22.0,35,0.0,310,7.6,1007.0,7,3,77.1356957216412,12.8643042783588,89.00921549976397,128.9581189588102,356.3040965303289,49.629581236673104,2.111111111111111,23.774865506140713
2023-08-30 08:00:00+05:00,21.4,43,0.0,260,3.6,1005.9,7,3,65.94297387552669,24.05702612447331,99.21856234912876,326.34687400143105,594.4323928242463,84.02907258996845,1.0,34.30756980231854
2023-08-30 09:00:00+05:00,24.0,31,0.0,80,11.2,1008.0,7,3,55.08348709706604,34.91651290293396,110.81235356693684,513.9544146740757,712.7288610669124,106.00108608996015,3.1111111111111107,38.94853908329986
2023-08-30 10:00:00+05:00,23.0,41,2.3,100,7.6,1010.0,8,3,45.141719357461305,44.858280642538695,125.18461145828304,668.3859225258232,776.067519494491,120.9823416403832,2.111111111111111,47.04631310351516
2023-08-30 11:00:00+05:00,23.4,42,0.9,70,3.6,1007.3,8,3,37.1153408897448,52.8846591102552,144.2332861791026,776.157715394659,809.6759366112406,130.5039933739771,1.0,59.02670717731377
2023-08-30 12:00:00+05:00,26.0,34,0.4,180,7.6,1011.0,8,3,32.619621530723514,57.380378469276486,169.0960526396019,828.828061446152,823.810457195347,134.95900709747264,2.111111111111111,56.309901599719126
2023-08-30 13:00:00+05:00,23.0,57,0.3,80,14.8,1010.0,8,17,33.19511360643765,56.80488639356235,196.5250096651363,822.4138793752487,822.1586679069021,134.42245524695568,4.111111111111112,44.88847331773866
2023-08-30 14:00:00+05:00,21.9,65,0.9,40,10.8,1008.7,8,17,38.61022663768316,51.38977336231684,220.20549174112753,757.3755557253962,804.3020922854494,128.88657793435152,3.0,45.52788173650043
2023-08-30 15:00:00+05:00,22.0,60,0.3,80,18.4,1010.0,8,7,47.16932561124912,42.83067438875088,238.0805962558644,638.615503120852,765.451266078728,118.23568937396747,5.111111111111111,36.47852773561118
2023-08-30 16:00:00+05:00,24.0,50,0.0,70,18.4,1009.0,8,7,57.382793984279886,32.617206015720114,251.70234305818752,475.5396359216269,693.1242288550517,101.92921449833062,5.111111111111111,34.27015264635469
2023-08-30 17:00:00+05:00,25.1,45,0.0,50,7.2,1006.6,6,17,68.36787462413963,21.63212537586036,262.8888877786855,283.01230995757317,556.3131747694601,77.92978652711182,2.0,33.68399368823225
2023-08-30 18:00:00+05:00,25.0,44,0.0,40,18.4,1008.0,8,17,79.5906834818694,10.409316518130598,272.92279977423175,89.21037660433247,276.80606775940333,39.197312206376154,5.111111111111111,25.16012554763438
2023-08-30 19:00:00+05:00,25.0,44,0.0,360,7.6,1009.0,8,17,90.84187025573122,-0.8418702557312241,282.71155013345657,0.0,0.0,0.0,2.111111111111111,21.450276815696043
2023-08-30 20:00:00+05:00,24.0,44,0.0,320,14.8,1010.0,8,17,101.57583443854972,-11.575834438549736,293.0051169845008,0.0,0.0,0.0,4.111111111111112,21.426762468579113
2023-08-30 21:00:00+05:00,23.0,47,0.0,310,25.9,1011.0,8,18,111.46792255983394,-21.46792255983393,304.535350784672,0.0,0.0,0.0,7.194444444444444,21.1881653874799
2023-08-30 22:00:00+05:00,22.0,53,0.0,360,14.8,1012.0,8,18,119.95893032457283,-29.95893032457285,318.04429364235193,0.0,0.0,0.0,4.111111111111112,19.332038775322758
2023-08-30 23:00:00+05:00,19.5,76,0.7,10,3.6,1012.2,8,18,126.28315537694252,-36.28315537694252,334.0829712685676,0.0,0.0,0.0,1.0,14.402797346301554
2023-08-31 00:00:00+05:00,19.0,83,0.5,60,14.8,1015.0,8,18,129.55964573615375,-39.559645736153755,352.443753818195,0.0,0.0,0.0,4.111111111111112,16.203595309107754
2023-08-31 01:00:00+05:00,18.0,88,3.0,40,11.2,1015.0,8,18,129.17025255131938,-39.170252551319386,11.645435674380394,0.0,0.0,0.0,3.1111111111111107,14.677409637743779
2023-08-31 02:00:00+05:00,17.4,96,3.7,30,3.6,1013.9,8,18,125.196263398551,-35.19626339855101,29.60624437632913,0.0,0.0,0.0,1.0,12.133508797879244
2023-08-31 03:00:00+05:00,18.0,88,0.1,110,11.2,1015.0,7,8,118.35357267061146,-28.353572670611456,45.107162422690806,0.0,0.0,0.0,3.1111111111111107,14.677409637743779
2023-08-31 04:00:00+05:00,18.0,88,0.0,60,3.6,1015.0,7,7,109.52076452913585,-19.520764529135853,58.15806582445515,0.0,0.0,0.0,1.0,12.78054295087378
2023-08-31 05:00:00+05:00,17.2,94,0.0,20,3.6,1014.3,7,7,99.42143735371371,-9.421437353713715,69.38486439348094,0.0,0.0,0.0,1.0,11.918065901758496
2023-08-31 06:00:00+05:00,19.0,83,0.0,20,11.2,1016.0,5,3,88.27288107835558,1.7271189216444127,79.53503912458086,1.1596301123939392,4.934850939207486,1.0108969280761495,3.1111111111111107,15.76637124639251
2023-08-31 07:00:00+05:00,19.0,78,0.0,350,7.6,1016.0,5,3,77.30911068671571,12.690889313284288,89.33912341794155,126.46442878977976,353.42694026484986,48.819682446819414,2.111111111111111,20.523879245382716
2023-08-31 08:00:00+05:00,20.0,68,0.0,330,14.8,1016.0,4,2,66.1219782022162,23.87802179778381,99.56778451054517,323.7905312364525,594.1177102645296,83.29711444531006,4.111111111111112,27.097801005259328
2023-08-31 09:00:00+05:00,21.0,60,0.0,340,7.6,1016.0,3,2,55.281200293739694,34.718799706260306,111.18760420988212,511.47044313876114,713.2070295320478,105.26391292559735,2.111111111111111,38.71633212599926
2023-08-31 10:00:00+05:00,22.0,53,0.0,20,7.6,1017.0,4,2,45.37521209669073,44.62478790330927,125.58175705806208,665.895474977274,776.7987050788048,120.22465535632978,2.111111111111111,45.95837264747661
2023-08-31 11:00:00+05:00,23.0,50,0.0,260,11.2,1014.7,6,2,37.40271957318066,52.59728042681934,144.6084575347678,773.5505082654375,810.4724462002412,129.72271362387448,3.1111111111111107,46.74246969651051
2023-08-31 12:00:00+05:00,24.0,47,0.0,360,7.6,1016.0,4,2,32.96341065641767,57.03658934358233,169.33008344861696,825.9951299337538,824.5855812981362,134.15281493663838,2.111111111111111,54.24867552984648
2023-08-31 13:00:00+05:00,25.0,44,0.0,260,11.2,1016.0,4,2,33.56161257175011,56.43838742824989,196.5199042630772,819.2609986165406,822.8459914165595,133.5901657608165,3.1111111111111107,50.25379901422281
2023-08-31 14:00:00+05:00,25.1,38,0.0,70,3.6,1013.6,1,2,38.96025488478021,51.03974511521979,220.03151252813683,753.8327330128402,804.8100947087613,128.02662969289952,1.0,59.56395651457797
2023-08-31 15:00:00+05:00,26.0,32,0.0,290,14.8,1015.0,1,1,47.49279833424852,42.50720166575148,237.84575681415637,634.6467290596921,765.599664069695,117.34414869063583,4.111111111111112,42.43236705227753
2023-08-31 16:00:00+05:00,26.0,32,0.0,310,14.8,1015.0,2,1,57.68630958540733,32.31369041459267,251.4584321980575,471.16083368117046,692.4822744617433,100.9914538588398,4.111111111111112,37.631856023466696
2023-08-31 17:00:00+05:00,25.4,36,0.0,230,3.6,1012.9,2,1,68.66080328733918,21.33919671266083,262.6520406073641,278.36018584856976,553.6718504817559,76.88535213243765,1.0,35.90823854947246
2023-08-31 18:00:00+05:00,25.0,32,0.0,310,11.0,1015.0,2,2,79.88037564769446,10.11962435230554,272.6964676466932,85.05669966461434,268.86199553810434,37.816593767912536,3.0555555555555554,25.0677273734932
2023-08-31 19:00:00+05:00,24.0,31,0.0,330,11.2,1015.0,2,2,91.13964556240562,-1.1396455624056174,282.4965073499518,0.0,0.0,0.0,3.1111111111111107,20.990998990357866
2023-08-31 20:00:00+05:00,21.5,41,0.0,280,3.6,1014.0,2,2,101.886114649882,-11.886114649881987,292.8041912783462,0.0,0.0,0.0,1.0,16.576333871395548
2023-08-31 21:00:00+05:00,22.0,35,0.0,360,18.4,1016.0,0,1,111.79612150560853,-21.796121505608504,304.3574812156693,0.0,0.0,0.0,5.111111111111111,19.670495094409034
2023-08-31 22:00:00+05:00,21.0,40,0.0,360,18.4,1016.0,0,1,120.30754333370906,-30.30754333370906,317.9094602807518,0.0,0.0,0.0,5.111111111111111,18.632139088399185
2023-08-31 23:00:00+05:00,18.5,51,0.0,320,3.6,1014.7,2,1,126.6478625585846,-36.6478625585846,334.024712516727,0.0,0.0,0.0,1.0,13.320550317379343
2023-09-01 00:00:00+05:00,20.0,43,0.0,30,14.8,1016.0,1,1,129.92516340646714,-39.92516340646714,352.4970736944899,0.0,0.0,0.0,4.111111111111112,17.24462698155918
