time,rail_temp_physical_c,rf_pred_c,ann_pred_c,split
2023-06-01 00:00:00+05:00,19.305656461254557,19.328698245629404,19.371162,train
2023-06-01 01:00:00+05:00,19.305656461254557,19.33570585125466,19.378721,train
2023-06-01 02:00:00+05:00,16.576333871395548,16.571846093106622,16.625107,train
2023-06-01 03:00:00+05:00,17.12162530135629,17.225164425606533,17.160862,train
2023-06-01 04:00:00+05:00,16.7736652616058,16.78057213417903,16.811378,train
2023-06-01 05:00:00+05:00,15.062334224406243,15.066324056649556,15.145239,train
2023-06-01 06:00:00+05:00,22.233018796565318,22.10666476184445,22.340286,train
2023-06-01 07:00:00+05:00,26.031835674947104,27.537677345994847,26.071918,train
2023-06-01 08:00:00+05:00,36.45808792091077,38.580143599194436,36.5209,train
2023-06-01 09:00:00+05:00,39.78204177251996,40.964554236898465,39.780342,train
2023-06-01 10:00:00+05:00,48.013448313530546,48.03066316256601,48.150642,train
2023-06-01 11:00:00+05:00,61.50808692003244,61.4990925893152,61.696747,train
2023-06-01 12:00:00+05:00,59.0932141893573,59.183479333285774,59.08564,train
2023-06-01 13:00:00+05:00,59.808722806735545,59.68439872854988,59.74712,train
2023-06-01 14:00:00+05:00,64.55369120147589,64.62327784867645,64.53106,train
2023-06-01 15:00:00+05:00,61.30004696552726,61.47505541484552,61.36681,train
2023-06-01 16:00:00+05:00,52.153910513033395,52.22359265490795,52.28611,train
2023-06-01 17:00:00+05:00,51.62471789564404,50.95927997295898,51.647892,train
2023-06-01 18:00:00+05:00,37.456194120868304,37.58782295629104,37.441006,train
2023-06-01 19:00:00+05:00,30.102376849049392,30.22514454773005,30.136429,train
2023-06-01 20:00:00+05:00,26.31163476322837,26.333255343317745,26.349567,train
2023-06-01 21:00:00+05:00,24.68662218819958,24.689725621721035,24.764406,train
2023-06-01 22:00:00+05:00,21.053730693007424,21.423368944427082,21.494196,train
2023-06-01 23:00:00+05:00,22.446214965509398,22.52690045450888,22.491573,train
2023-06-02 00:00:00+05:00,20.409701358320774,20.4073861429262,20.366358,train
2023-06-02 01:00:00+05:00,19.305656461254557,19.326147620423935,19.357515,train
2023-06-02 02:00:00+05:00,16.358432261473467,16.450515662772712,16.390522,train
2023-06-02 03:00:00+05:00,17.171098767927617,17.18138237774698,17.21093,train
2023-06-02 04:00:00+05:00,17.171098767927617,17.188708459466383,17.218279,train
2023-06-02 05:00:00+05:00,15.389751123939902,15.416261785652301,15.452938,train
2023-06-02 06:00:00+05:00,24.38361805510243,23.95630389575224,24.425701,train
2023-06-02 07:00:00+05:00,30.89516005518783,30.857036562169814,30.988327,train
2023-06-02 08:00:00+05:00,43.278666540727556,43.88994642286573,43.42657,train
2023-06-02 09:00:00+05:00,44.87763053141805,45.378195577344194,44.815754,train
2023-06-02 10:00:00+05:00,53.070877606045656,53.2105994923227,53.05184,train
2023-06-02 11:00:00+05:00,60.05722033276368,60.18780790400894,59.91565,train
2023-06-02 12:00:00+05:00,62.08904054081222,61.73370812433409,62.09662,train
2023-06-02 13:00:00+05:00,56.019199132891515,56.11534051480938,55.98655,train
2023-06-02 14:00:00+05:00,66.85504920493463,67.00913620480132,66.83316,train
2023-06-02 15:00:00+05:00,55.01779548669799,55.20376126656936,54.991776,train
2023-06-02 16:00:00+05:00,48.462463131480604,48.617033254708446,48.55606,train
2023-06-02 17:00:00+05:00,49.207883980602844,49.29807022437333,49.210888,train
2023-06-02 18:00:00+05:00,38.000322356137985,38.57520677895928,38.02933,train
2023-06-02 19:00:00+05:00,32.40243205526059,32.467917944099845,32.357407,train
2023-06-02 20:00:00+05:00,26.67676266999854,26.532106742104787,26.712017,train
2023-06-02 21:00:00+05:00,27.382586307136705,27.393067552203174,27.381878,train
2023-06-02 22:00:00+05:00,26.69699579802085,26.751217032855756,26.72974,train
2023-06-02 23:00:00+05:00,18.214524851300553,18.24370333347387,18.22104,train
2023-06-03 00:00:00+05:00,19.933489386194765,19.935638890910205,19.956148,train
2023-06-03 01:00:00+05:00,18.878116827573024,18.942073995627027,18.896208,train
2023-06-03 02:00:00+05:00,15.596739258545824,15.603780375550633,15.633013,train
2023-06-03 03:00:00+05:00,17.171098767927617,17.180437308670914,17.211018,train
2023-06-03 04:00:00+05:00,16.203595309107754,16.158363682328616,16.164593,train
2023-06-03 05:00:00+05:00,14.523260351063072,14.799630189618838,14.587919,train
2023-06-03 06:00:00+05:00,22.297664653759114,22.35283259622948,22.373827,train
2023-06-03 07:00:00+05:00,33.2528421921092,32.26567112708371,33.250717,train
2023-06-03 08:00:00+05:00,47.810779906382095,46.812558243155195,47.616634,train
2023-06-03 09:00:00+05:00,49.62448029649033,48.9749506540823,49.677055,train
2023-06-03 10:00:00+05:00,55.3623603083725,55.80281181195873,55.296616,train
2023-06-03 11:00:00+05:00,64.65127643517121,64.28946950449298,64.676994,train
2023-06-03 12:00:00+05:00,58.213000586825444,58.189342466375514,58.180603,train
2023-06-03 13:00:00+05:00,62.83189693682476,62.797925318900575,62.7213,train
2023-06-03 14:00:00+05:00,73.4812505796765,73.2528088203448,73.5392,train
2023-06-03 15:00:00+05:00,52.65324678318814,53.453621184696175,52.59514,train
2023-06-03 16:00:00+05:00,48.762894481957005,49.18324881587896,48.872513,train
2023-06-03 17:00:00+05:00,49.37174921478771,49.59581004376954,49.39311,train
2023-06-03 18:00:00+05:00,40.39431253456098,40.49057004410218,40.233505,train
2023-06-03 19:00:00+05:00,32.3503520581674,32.49324313631216,32.481346,train
2023-06-03 20:00:00+05:00,26.512721937322908,26.55313615588345,26.332397,train
2023-06-03 21:00:00+05:00,25.770705914114615,25.849508581683125,25.842766,train
2023-06-03 22:00:00+05:00,24.68662218819958,24.687671379588853,24.75573,train
2023-06-03 23:00:00+05:00,19.310539714104834,19.098986373003086,19.302147,train
2023-06-04 00:00:00+05:00,19.933489386194765,19.93890539566418,19.951754,train
2023-06-04 01:00:00+05:00,19.933489386194765,19.93611019861631,19.95158,train
2023-06-04 02:00:00+05:00,18.042303833206574,17.749179859621737,18.07402,train
2023-06-04 03:00:00+05:00,17.24462698155918,16.985934259375043,17.21048,train
2023-06-04 04:00:00+05:00,15.724527588131878,15.967792812910576,15.73662,train
2023-06-04 05:00:00+05:00,15.601394869202181,15.563811167079308,15.629967,train
2023-06-04 06:00:00+05:00,22.26995510992259,22.464300788556816,22.270964,train
2023-06-04 07:00:00+05:00,30.928028194781405,31.14514266392048,30.924484,train
2023-06-04 08:00:00+05:00,41.45835711860087,42.52747967145731,41.475323,train
2023-06-04 09:00:00+05:00,54.31182970279491,54.319931728486424,54.239605,train
2023-06-04 10:00:00+05:00,69.97319659485731,68.59926792104277,69.95691,train
2023-06-04 11:00:00+05:00,73.63092020996731,73.33817664223325,73.61662,train
2023-06-04 12:00:00+05:00,59.227884156933555,59.05792881500945,59.182915,train
2023-06-04 13:00:00+05:00,60.01079358078363,59.52977936454305,59.931335,train
2023-06-04 14:00:00+05:00,73.60541019966985,73.6401021728583,73.70769,train
2023-06-04 15:00:00+05:00,58.189110772605034,58.426589043792546,58.087746,train
2023-06-04 16:00:00+05:00,56.502968308172626,55.78134609251802,56.503838,train
2023-06-04 17:00:00+05:00,47.37761834528868,48.72089669565786,47.422173,train
2023-06-04 18:00:00+05:00,40.475042682183016,40.530867909028274,40.524944,train
2023-06-04 19:00:00+05:00,32.48136458996595,32.52280150417327,32.438126,train
2023-06-04 20:00:00+05:00,27.98689517201086,27.990256682451665,27.985363,train
2023-06-04 21:00:00+05:00,24.83843657015376,25.154040441430496,24.662346,train
2023-06-04 22:00:00+05:00,21.053730693007424,21.440993837545445,21.465132,train
2023-06-04 23:00:00+05:00,18.871757912181238,18.899847110457625,18.886831,train
2023-06-05 00:00:00+05:00,20.378473038828986,20.433084597546472,20.34776,train
2023-06-05 01:00:00+05:00,17.824851905994194,17.90604703548066,17.799288,train
2023-06-05 02:00:00+05:00,15.705461121666247,15.756631453476638,15.807938,train
2023-06-05 03:00:00+05:00,18.287432463000528,18.222070865769467,18.255888,train
2023-06-05 04:00:00+05:00,18.287432463000528,18.239828986134057,18.185053,train
2023-06-05 05:00:00+05:00,16.347461453284495,16.344336819135258,16.277973,train
2023-06-05 06:00:00+05:00,24.28925165976233,24.258172773987464,24.380882,train
2023-06-05 07:00:00+05:00,31.23273992130754,31.879831455893516,31.337353,train
2023-06-05 08:00:00+05:00,44.54494087927941,44.833288160500956,44.522507,train
2023-06-05 09:00:00+05:00,55.32845241504009,54.81023124561912,55.309372,train
2023-06-05 10:00:00+05:00,57.3856960902242,57.634905450935406,57.345695,train
2023-06-05 11:00:00+05:00,74.68651203681276,74.43671059380902,74.5979,train
2023-06-05 12:00:00+05:00,64.11268541904286,63.883479619061376,64.06731,train
2023-06-05 13:00:00+05:00,64.8627442590265,64.16489913918136,64.771225,train
2023-06-05 14:00:00+05:00,62.96346554877408,63.15249146463833,62.90552,train
2023-06-05 15:00:00+05:00,60.257153439146634,60.34681887083888,60.20841,train
2023-06-05 16:00:00+05:00,51.741861066780814,52.02937196701865,51.689785,train
2023-06-05 17:00:00+05:00,54.5272636245208,54.015886450009894,54.390484,train
2023-06-05 18:00:00+05:00,42.66826501130578,41.670297748913455,42.459663,train
2023-06-05 19:00:00+05:00,33.51584728685623,33.645011764878,33.41753,train
2023-06-05 20:00:00+05:00,26.62460746381896,26.63684552987649,26.424486,train
2023-06-05 21:00:00+05:00,28.4558816916703,28.4805332523895,28.423477,train
2023-06-05 22:00:00+05:00,23.52901613848445,23.570151853830872,23.554256,train
2023-06-05 23:00:00+05:00,20.85025411838052,20.842401089318884,20.79882,train
2023-06-06 00:00:00+05:00,20.990998990357866,20.96404813648038,20.990524,train
2023-06-06 01:00:00+05:00,20.378473038828986,20.38705403026984,20.365036,train
2023-06-06 02:00:00+05:00,19.091086002631187,19.07575945441213,19.074572,train
2023-06-06 03:00:00+05:00,18.287432463000528,18.231117874412938,18.288803,train
2023-06-06 04:00:00+05:00,19.332038775322758,19.326095432476638,19.275606,train
2023-06-06 05:00:00+05:00,18.450291270537548,18.44526151042844,18.407494,train
2023-06-06 06:00:00+05:00,25.389549545213868,25.36438556343157,25.214344,train
2023-06-06 07:00:00+05:00,34.06021005264512,34.297687481068664,34.12794,train
2023-06-06 08:00:00+05:00,46.08972688398978,46.43313002466632,46.06543,train
2023-06-06 09:00:00+05:00,52.695061339886195,52.68140889095208,52.744896,train
2023-06-06 10:00:00+05:00,63.83825027137118,64.23433271196235,63.755383,train
2023-06-06 11:00:00+05:00,76.60981882738014,75.97906759459657,76.42387,train
2023-06-06 12:00:00+05:00,62.27384492525607,62.50425194276251,62.23488,train
2023-06-06 13:00:00+05:00,56.596094111888874,56.64590804302079,56.623234,train
2023-06-06 14:00:00+05:00,69.2344427097982,69.0145837349234,69.078705,train
2023-06-06 15:00:00+05:00,54.76944207378057,54.61731597246802,54.71064,train
2023-06-06 16:00:00+05:00,52.808031535347084,52.6277667579714,52.771534,train
2023-06-06 17:00:00+05:00,52.061357319251044,52.017228744713414,51.912205,train
2023-06-06 18:00:00+05:00,40.85821193405411,40.799270175678174,40.913437,train
2023-06-06 19:00:00+05:00,35.56826130492908,35.59823800312348,35.61433,train
2023-06-06 20:00:00+05:00,26.96046504820555,26.785777563569706,26.7476,train
2023-06-06 21:00:00+05:00,26.31163476322837,26.30328087531134,26.316067,train
2023-06-06 22:00:00+05:00,24.583035248813417,24.655209829542873,24.60962,train
2023-06-06 23:00:00+05:00,21.51204101317626,21.453530403612252,21.439102,train
2023-06-07 00:00:00+05:00,25.24299745388356,25.23711327568578,25.24223,train
2023-06-07 01:00:00+05:00,21.426762468579113,21.401003859348606,21.42408,train
2023-06-07 02:00:00+05:00,18.762140896299115,18.735594178527585,18.750765,train
2023-06-07 03:00:00+05:00,23.840299613641946,23.84493538366831,23.809593,train
2023-06-07 04:00:00+05:00,23.840299613641946,23.848380754876025,23.743155,train
2023-06-07 05:00:00+05:00,19.987864930537967,19.946238392298067,19.967731,train
2023-06-07 06:00:00+05:00,25.46882776770343,25.46181826035307,25.505121,train
2023-06-07 07:00:00+05:00,34.067511039773365,34.281987288364874,33.957195,train
2023-06-07 08:00:00+05:00,50.696632286017916,50.19525423876691,50.474884,train
2023-06-07 09:00:00+05:00,51.03979673017437,50.936370299419515,50.967194,train
2023-06-07 10:00:00+05:00,59.41018083282472,59.756973692458644,59.29742,train
2023-06-07 11:00:00+05:00,76.22448557972848,75.47043298788597,76.0562,train
2023-06-07 12:00:00+05:00,72.29058754911387,71.33340340275286,72.13983,train
2023-06-07 13:00:00+05:00,63.0815323368239,63.03237874066443,63.03452,train
2023-06-07 14:00:00+05:00,77.06366764497284,76.8820857293923,76.93465,train
2023-06-07 15:00:00+05:00,58.213557980014116,58.22490310544214,58.13037,train
2023-06-07 16:00:00+05:00,53.017200483694126,52.83903206802505,53.09051,train
2023-06-07 17:00:00+05:00,56.23396930329807,56.08747783283658,56.077934,train
2023-06-07 18:00:00+05:00,43.0224255580012,42.813861484536346,43.006256,train
2023-06-07 19:00:00+05:00,36.811005707773006,36.894644354022034,36.815247,train
2023-06-07 20:00:00+05:00,28.194533768194106,28.39297388875121,27.924032,train
2023-06-07 21:00:00+05:00,31.232281930821273,31.362067679619994,31.094086,train
2023-06-07 22:00:00+05:00,26.31163476322837,26.30985150923991,26.302979,train
2023-06-07 23:00:00+05:00,21.953873666486686,21.953910479090766,21.848873,train
2023-06-08 00:00:00+05:00,24.176644785552924,24.188090596657975,24.178062,train
2023-06-08 01:00:00+05:00,24.583035248813417,24.656862103113042,24.606808,train
2023-06-08 02:00:00+05:00,19.42031375617762,19.419829827254706,19.37491,train
2023-06-08 03:00:00+05:00,22.795340913316068,22.801268908153627,22.737068,train
2023-06-08 04:00:00+05:00,18.878116827573024,19.039862498818714,18.890854,train
2023-06-08 05:00:00+05:00,18.89139564801644,18.92855836900846,18.886816,train
2023-06-08 06:00:00+05:00,25.576656342073022,25.56585239743452,25.518333,train
2023-06-08 07:00:00+05:00,37.160657591373024,37.02723254049494,36.98079,train
2023-06-08 08:00:00+05:00,52.026163698033486,52.1215092531773,52.17688,train
2023-06-08 09:00:00+05:00,53.71577463751305,53.48666790178558,53.787994,train
2023-06-08 10:00:00+05:00,61.441443159317885,61.530643704578786,61.277916,train
2023-06-08 11:00:00+05:00,65.49715330752906,65.1474487132501,65.27262,train
2023-06-08 12:00:00+05:00,63.294973834052655,63.025576038349854,63.238983,train
2023-06-08 13:00:00+05:00,64.10701026153686,63.43737356461079,64.03061,train
2023-06-08 14:00:00+05:00,71.1722274632956,70.98603080265617,70.9243,train
2023-06-08 15:00:00+05:00,56.866946534024294,56.14780324821414,56.808357,train
2023-06-08 16:00:00+05:00,55.865669504657546,56.05432411754647,55.98876,train
2023-06-08 17:00:00+05:00,51.54527831060949,51.815423200931505,51.88462,train
2023-06-08 18:00:00+05:00,44.94876627069755,44.57458916232306,44.987873,train
2023-06-08 19:00:00+05:00,36.88050671310975,36.93138527991532,36.93731,train
2023-06-08 20:00:00+05:00,30.448828644813318,30.635886896413002,30.378998,train
2023-06-08 21:00:00+05:00,30.60962243708974,30.664934895186615,30.54198,train
2023-06-08 22:00:00+05:00,27.382586307136705,27.38246258330162,27.38274,train
2023-06-08 23:00:00+05:00,23.96012166308344,23.96806768340509,23.977573,train
2023-06-09 00:00:00+05:00,23.52901613848445,23.54772675718514,23.554066,train
2023-06-09 01:00:00+05:00,23.11254718252809,23.121167597840927,23.128542,train
2023-06-09 02:00:00+05:00,21.583471704810563,21.63823285518184,21.621275,train
2023-06-09 03:00:00+05:00,23.52901613848445,23.56250830849127,23.560196,train
2023-06-09 04:00:00+05:00,23.52901613848445,23.581810061755363,23.537676,train
2023-06-09 05:00:00+05:00,19.880494482184247,19.849376261378904,19.881872,train
2023-06-09 06:00:00+05:00,27.51224739487776,27.174175851512278,27.410587,train
2023-06-09 07:00:00+05:00,37.505978441306695,37.19741788257274,37.35742,train
2023-06-09 08:00:00+05:00,50.99997183432936,50.84566071986729,51.09256,train
2023-06-09 09:00:00+05:00,51.66530013299399,51.953328085204575,51.796867,train
2023-06-09 10:00:00+05:00,59.40182308671274,59.29602307893209,59.289795,train
2023-06-09 11:00:00+05:00,68.40225395404991,68.01157359444535,68.33638,train
2023-06-09 12:00:00+05:00,61.265812090745214,61.1243412944819,61.196587,train
2023-06-09 13:00:00+05:00,61.06345338460699,60.9833035311617,60.99846,train
2023-06-09 14:00:00+05:00,70.08721705417406,69.93724458921525,69.97444,train
2023-06-09 15:00:00+05:00,58.253221747549844,58.159474252508865,58.17211,train
2023-06-09 16:00:00+05:00,53.06534183935344,53.00870877693137,53.109596,train
2023-06-09 17:00:00+05:00,51.37938155258263,51.910441407885735,51.44329,train
2023-06-09 18:00:00+05:00,37.85079646249096,38.76982992958101,37.87438,train
2023-06-09 19:00:00+05:00,33.80778499997865,33.8128538842571,33.8523,train
2023-06-09 20:00:00+05:00,29.05393871804307,29.0190998648493,29.024801,train
2023-06-09 21:00:00+05:00,29.31862151756536,29.36255796034004,29.330288,train
2023-06-09 22:00:00+05:00,28.44299671124537,28.404670987109828,28.501266,train
2023-06-09 23:00:00+05:00,25.07200208717552,24.766394310530742,25.067516,train
2023-06-10 00:00:00+05:00,24.68662218819958,24.698687900504954,24.717651,train
2023-06-10 01:00:00+05:00,24.176644785552924,24.174554223367593,24.16402,train
2023-06-10 02:00:00+05:00,21.045114532430887,20.94997875289721,21.075756,train
2023-06-10 03:00:00+05:00,20.990998990357866,20.98886024315849,21.012419,train
2023-06-10 04:00:00+05:00,19.305656461254557,19.447025883803185,19.34959,train
2023-06-10 05:00:00+05:00,17.20538194479809,17.270955249508273,17.227116,train
2023-06-10 06:00:00+05:00,20.192206051838184,21.1378402077047,20.296816,train
2023-06-10 07:00:00+05:00,27.13657770018608,28.588614220333923,27.231274,train
2023-06-10 08:00:00+05:00,36.81555069912474,38.692554528353135,36.773014,train
2023-06-10 09:00:00+05:00,39.79486983010395,42.075576469569995,39.7222,train
2023-06-10 10:00:00+05:00,47.01261849349629,47.85216432615018,47.189247,train
2023-06-10 11:00:00+05:00,68.32986669430613,69.2559144418855,68.26204,train
2023-06-10 12:00:00+05:00,63.44639297468143,62.494301195139485,63.442566,train
2023-06-10 13:00:00+05:00,73.48636468345052,72.2870116384065,73.26799,train
2023-06-10 14:00:00+05:00,71.34645169324534,71.30894390707127,71.37254,train
2023-06-10 15:00:00+05:00,56.30264617432857,56.40323963339814,56.348896,train
2023-06-10 16:00:00+05:00,55.7106840966735,55.503559540129594,55.68203,train
2023-06-10 17:00:00+05:00,53.25405788845785,53.00585085816808,53.22712,train
2023-06-10 18:00:00+05:00,39.69860933797759,39.63185487051448,39.943687,train
2023-06-10 19:00:00+05:00,32.64024660901708,32.64164703479436,32.418427,train
2023-06-10 20:00:00+05:00,28.97215505177644,28.947669864250415,28.981737,train
2023-06-10 21:00:00+05:00,28.4558816916703,28.464780333733312,28.453173,train
2023-06-10 22:00:00+05:00,26.857492337694566,26.86519073822193,26.901278,train
2023-06-10 23:00:00+05:00,22.949884608234697,22.951030467939447,22.866522,train
2023-06-11 00:00:00+05:00,23.11254718252809,23.114753215399,23.12749,train
2023-06-11 01:00:00+05:00,22.05067509221584,22.139710200139994,22.057825,train
2023-06-11 02:00:00+05:00,21.880430449434243,21.80079017727067,21.945526,train
2023-06-11 03:00:00+05:00,19.374126039028226,19.55840496328489,19.55153,train
2023-06-11 04:00:00+05:00,20.376693141554313,20.612551058347496,20.460222,train
2023-06-11 05:00:00+05:00,19.109245093322443,19.2199428882072,19.205654,train
2023-06-11 06:00:00+05:00,24.53506044322154,24.604079964486733,24.473911,train
2023-06-11 07:00:00+05:00,32.986220914172634,33.17912826157596,32.84946,train
2023-06-11 08:00:00+05:00,47.32530996900414,46.82672647290985,47.44178,train
2023-06-11 09:00:00+05:00,47.58378103324338,48.13073265593685,47.666016,train
2023-06-11 10:00:00+05:00,53.33527313950782,53.19210709371497,53.20776,train
2023-06-11 11:00:00+05:00,71.61922480199115,71.66443214257177,71.52008,train
2023-06-11 12:00:00+05:00,61.124830574891405,60.75177984176686,61.12805,train
2023-06-11 13:00:00+05:00,61.90105894322397,61.581524030605514,61.85344,train
2023-06-11 14:00:00+05:00,74.33301801688646,74.42992791140502,74.27548,train
2023-06-11 15:00:00+05:00,62.60340821932698,62.88207321487291,62.636955,train
2023-06-11 16:00:00+05:00,54.40172312107143,54.29028358465163,54.465992,train
2023-06-11 17:00:00+05:00,54.457889759167585,54.31099032340249,54.650917,train
2023-06-11 18:00:00+05:00,39.99337619110827,39.985035941666965,40.254395,train
2023-06-11 19:00:00+05:00,33.78618162926739,33.86362517334803,33.854057,train
2023-06-11 20:00:00+05:00,28.75682745210122,28.697951574341296,28.769688,train
2023-06-11 21:00:00+05:00,27.947012375227132,27.95161287564213,27.996918,train
2023-06-11 22:00:00+05:00,25.953795484104774,25.75109203531754,25.914843,train
2023-06-11 23:00:00+05:00,22.949884608234697,22.94918522870627,22.894573,train
2023-06-12 00:00:00+05:00,23.605210159731712,23.610396564953355,23.668028,train
2023-06-12 01:00:00+05:00,23.605210159731712,23.61333314806884,23.666943,train
2023-06-12 02:00:00+05:00,20.51979180016309,20.52122356262246,20.488014,train
2023-06-12 03:00:00+05:00,24.176644785552924,24.207054942054487,24.229704,train
2023-06-12 04:00:00+05:00,22.47693437067454,22.481653577510407,22.527252,train
2023-06-12 05:00:00+05:00,19.773015028833868,19.78173031483115,19.794638,train
2023-06-12 06:00:00+05:00,26.55025050039535,26.640903315369556,26.529776,train
2023-06-12 07:00:00+05:00,35.06274389067448,35.180265614672464,34.972084,train
2023-06-12 08:00:00+05:00,50.15151420174027,49.994621853909585,50.212807,train
2023-06-12 09:00:00+05:00,49.60094260665795,49.27658747052467,49.620255,train
2023-06-12 10:00:00+05:00,52.03725801254063,52.692992826371736,52.08931,train
2023-06-12 11:00:00+05:00,73.51003151395588,73.3820689293278,73.40724,train
2023-06-12 12:00:00+05:00,59.23973354874869,58.95690015626841,59.334396,train
2023-06-12 13:00:00+05:00,57.10149930823394,56.720346669470736,57.08792,train
2023-06-12 14:00:00+05:00,75.11924738747615,74.88412193241139,75.05134,train
2023-06-12 15:00:00+05:00,59.39097338249775,59.23302484284392,59.357533,train
2023-06-12 16:00:00+05:00,55.4623995639397,55.169557269344125,55.52822,train
2023-06-12 17:00:00+05:00,55.66266886569275,55.20099297532659,55.663506,train
2023-06-12 18:00:00+05:00,40.462875254954724,40.317861562382916,40.501865,train
2023-06-12 19:00:00+05:00,33.838000331103956,33.82370551610498,33.84597,train
2023-06-12 20:00:00+05:00,29.8498762750325,29.861545093152078,29.84288,train
2023-06-12 21:00:00+05:00,25.770705914114615,25.795946038694275,25.820305,train
2023-06-12 22:00:00+05:00,25.770705914114615,25.76607406563648,25.815605,train
2023-06-12 23:00:00+05:00,25.370635344208267,25.34464663705375,25.387138,train
2023-06-13 00:00:00+05:00,26.69699579802085,26.74109174615991,26.719124,train
2023-06-13 01:00:00+05:00,26.985562619225902,27.0011874543997,27.029568,train
2023-06-13 02:00:00+05:00,23.17157696793987,23.188970196031537,23.142149,train
2023-06-13 03:00:00+05:00,24.583035248813417,24.620226677027638,24.592415,train
2023-06-13 04:00:00+05:00,24.583035248813417,24.620824132692185,24.49992,train
2023-06-13 05:00:00+05:00,21.756276941311967,21.846135604609128,21.643515,train
2023-06-13 06:00:00+05:00,28.496188691826887,28.425607961052563,28.627575,train
2023-06-13 07:00:00+05:00,34.05898693103785,34.50985119736682,33.903816,train
2023-06-13 08:00:00+05:00,44.8184762415637,45.73106920223231,44.97616,train
2023-06-13 09:00:00+05:00,46.90245201274928,47.25285181614663,47.033646,train
2023-06-13 10:00:00+05:00,69.90937748859733,68.65513632866455,69.94823,train
2023-06-13 11:00:00+05:00,67.77674428395716,67.53423957378864,67.71659,train
2023-06-13 12:00:00+05:00,66.12561316348666,65.95740754616588,66.12396,train
2023-06-13 13:00:00+05:00,65.91930229169185,65.82189106782585,65.85012,train
2023-06-13 14:00:00+05:00,76.875334465251,76.6338015823229,76.75375,train
2023-06-13 15:00:00+05:00,66.6967469091677,66.21194854707227,66.7198,train
2023-06-13 16:00:00+05:00,56.523765181623276,56.11562622707884,56.462494,train
2023-06-13 17:00:00+05:00,53.21780062210479,53.29511821352912,53.15658,train
2023-06-13 18:00:00+05:00,41.544201444055886,41.68168797532164,41.66205,train
2023-06-13 19:00:00+05:00,35.97425358998805,35.962730462482625,35.885063,train
2023-06-13 20:00:00+05:00,30.675012678304483,30.67846010709367,30.873909,train
2023-06-13 21:00:00+05:00,30.60962243708974,30.607409750088323,30.579716,train
2023-06-13 22:00:00+05:00,30.13437649634767,30.14694596585174,30.142567,train
2023-06-13 23:00:00+05:00,25.39570160499261,25.36751866799499,25.353172,train
2023-06-14 00:00:00+05:00,24.83843657015376,25.111735747860767,24.743267,train
2023-06-14 01:00:00+05:00,24.68662218819958,24.736260027427846,24.749062,train
2023-06-14 02:00:00+05:00,22.0644122862451,22.045024644931562,22.00607,train
2023-06-14 03:00:00+05:00,23.605210159731712,23.633423128504287,23.681915,train
2023-06-14 04:00:00+05:00,24.176644785552924,24.20910099988581,24.214619,train
2023-06-14 05:00:00+05:00,21.094276477123913,21.210473574672957,21.086737,train
2023-06-14 06:00:00+05:00,28.65615262833279,28.582687276472285,28.682735,train
2023-06-14 07:00:00+05:00,36.087106580129614,35.868438967846934,36.052586,train
2023-06-14 08:00:00+05:00,52.05367820342434,51.86389388851209,51.982952,train
2023-06-14 09:00:00+05:00,57.28740993988009,56.11123477396932,57.15764,train
2023-06-14 10:00:00+05:00,71.84517916915047,70.25143923019026,71.75639,train
2023-06-14 11:00:00+05:00,64.17391522768798,63.97735150705675,64.02099,train
2023-06-14 12:00:00+05:00,59.29543713896396,58.797398193845424,59.207882,train
2023-06-14 13:00:00+05:00,60.16035829276308,59.602770063703225,60.076202,train
2023-06-14 14:00:00+05:00,70.84991829526655,70.77256231937753,70.78715,train
2023-06-14 15:00:00+05:00,65.69813620126882,65.42811211362032,65.71755,train
2023-06-14 16:00:00+05:00,54.04355088772036,53.81537497648946,53.96992,train
2023-06-14 17:00:00+05:00,53.25370175478264,53.59841325600455,53.28395,train
2023-06-14 18:00:00+05:00,44.11314886097773,43.94417148085907,44.101562,train
2023-06-14 19:00:00+05:00,36.004252369029984,35.99582966600317,35.92881,train
2023-06-14 20:00:00+05:00,31.014547750934014,31.04300910531808,31.065521,train
2023-06-14 21:00:00+05:00,31.232281930821273,31.273143243523137,31.247288,train
2023-06-14 22:00:00+05:00,26.857492337694566,26.885021856801995,26.95004,train
2023-06-14 23:00:00+05:00,25.58804736564548,25.4798093587312,25.657013,train
2023-06-15 00:00:00+05:00,25.770705914114615,25.77825783371419,25.85736,train
2023-06-15 01:00:00+05:00,23.11254718252809,23.122354616735812,23.15824,train
2023-06-15 02:00:00+05:00,22.338279287485875,22.187887004109445,22.417044,train
2023-06-15 03:00:00+05:00,21.752070816417188,21.496713333023607,21.738918,train
2023-06-15 04:00:00+05:00,24.602201575331378,24.623834873933077,24.64444,train
2023-06-15 05:00:00+05:00,19.553679629506348,19.590998912089812,19.588663,train
2023-06-15 06:00:00+05:00,27.59016534879669,27.36041841149254,27.534714,train
2023-06-15 07:00:00+05:00,37.454068057255085,36.559832657052475,37.5627,train
2023-06-15 08:00:00+05:00,50.80089337757096,50.541890439440856,50.696346,train
2023-06-15 09:00:00+05:00,51.59226677930036,51.41045663252947,51.6361,train
2023-06-15 10:00:00+05:00,58.53223779252909,58.62845910982318,58.38404,train
2023-06-15 11:00:00+05:00,75.18907063988144,75.0024091195678,75.02049,train
2023-06-15 12:00:00+05:00,66.11420788847943,65.92814294502278,66.05456,train
2023-06-15 13:00:00+05:00,62.092778000160706,62.10116840382533,61.989582,train
2023-06-15 14:00:00+05:00,64.56331616840919,64.6190861664318,64.426,train
2023-06-15 15:00:00+05:00,61.482739799630735,61.378829797242396,61.453285,train
2023-06-15 16:00:00+05:00,59.97055927398657,58.435355559475006,59.86099,train
2023-06-15 17:00:00+05:00,62.23183259627251,58.45156511447275,61.672993,train
2023-06-15 18:00:00+05:00,43.254345318827404,43.039615579717584,43.275894,train
2023-06-15 19:00:00+05:00,36.03269345209037,36.026694261533436,36.179695,train
2023-06-15 20:00:00+05:00,31.24107747940053,31.1541495833297,31.30534,train
2023-06-15 21:00:00+05:00,30.60962243708974,30.656383440422676,30.597061,train
2023-06-15 22:00:00+05:00,29.03929685219026,29.04927825140082,29.067528,train
2023-06-15 23:00:00+05:00,23.282471957621567,23.264688829657693,23.20441,train
2023-06-16 00:00:00+05:00,23.52901613848445,23.557768791163628,23.584976,train
2023-06-16 01:00:00+05:00,20.990998990357866,20.98570393561143,21.043957,train
2023-06-16 02:00:00+05:00,20.07962059015398,20.002065946267052,20.106112,train
2023-06-16 03:00:00+05:00,22.526438751414844,22.530158368112108,22.648392,train
2023-06-16 04:00:00+05:00,19.933489386194765,20.013540871266052,20.005518,train
2023-06-16 05:00:00+05:00,18.128348247869383,18.08595545354029,18.146536,train
2023-06-16 06:00:00+05:00,25.562290243720668,25.888438648447732,25.60418,train
2023-06-16 07:00:00+05:00,35.00844005531309,35.234973247890146,35.069405,train
2023-06-16 08:00:00+05:00,49.64552865172732,49.4082846381595,49.63906,train
2023-06-16 09:00:00+05:00,50.54967336901848,51.0668063617301,50.60978,train
2023-06-16 10:00:00+05:00,57.28873999625483,57.16070984132156,57.165955,train
2023-06-16 11:00:00+05:00,74.68618574008383,74.55301562812953,74.49669,train
2023-06-16 12:00:00+05:00,61.23854363142783,61.16507176459434,61.16607,train
2023-06-16 13:00:00+05:00,62.0884526202683,62.114247329857854,62.01687,train
2023-06-16 14:00:00+05:00,76.89966703172968,76.65786807626972,76.768585,train
2023-06-16 15:00:00+05:00,58.35383504468376,58.32972339967251,58.39717,train
2023-06-16 16:00:00+05:00,51.11990693945313,50.678072566213224,51.2057,train
2023-06-16 17:00:00+05:00,52.997808274072895,53.17608858850522,52.904522,train
2023-06-16 18:00:00+05:00,42.25652971142904,42.37922974932166,42.136337,train
2023-06-16 19:00:00+05:00,36.04291938864412,36.06004942566435,36.02448,train
2023-06-16 20:00:00+05:00,29.54546901340524,29.646775004601174,29.710718,train
2023-06-16 21:00:00+05:00,29.03929685219026,29.03689371609633,29.117716,train
2023-06-16 22:00:00+05:00,24.533058069175297,25.180130024565074,24.771912,train
2023-06-16 23:00:00+05:00,22.949884608234697,22.920770857479795,22.888657,train
2023-06-17 00:00:00+05:00,23.11254718252809,23.119910425560803,23.149738,train
2023-06-17 01:00:00+05:00,23.11254718252809,23.132272691736354,23.149374,train
2023-06-17 02:00:00+05:00,17.995696727394886,17.95186715874963,18.04849,train
2023-06-17 03:00:00+05:00,20.990998990357866,20.981815169096105,21.053513,train
2023-06-17 04:00:00+05:00,21.426762468579113,21.429454935542033,21.404364,train
2023-06-17 05:00:00+05:00,16.59906300468282,16.730205091808198,16.663721,train
2023-06-17 06:00:00+05:00,26.433923412358013,26.552868570891636,26.54401,train
2023-06-17 07:00:00+05:00,34.000360030448064,34.307174258582045,33.993546,train
2023-06-17 08:00:00+05:00,50.730306787067775,50.61180872643752,50.665558,train
2023-06-17 09:00:00+05:00,51.544728779153616,51.44485368331204,51.603195,train
2023-06-17 10:00:00+05:00,53.99357917843196,53.99873738074343,53.968815,train
2023-06-17 11:00:00+05:00,75.23637614554667,75.10759959616237,75.10336,train
2023-06-17 12:00:00+05:00,59.27209727211874,58.350500659908576,59.1846,train
2023-06-17 13:00:00+05:00,62.083146577391574,62.077591837542826,62.066006,train
2023-06-17 14:00:00+05:00,69.5620207763991,69.44907576219498,69.4501,train
2023-06-17 15:00:00+05:00,57.33332893817851,57.05551826541871,57.36712,train
2023-06-17 16:00:00+05:00,56.59953341166715,56.28465394829218,56.64811,train
2023-06-17 17:00:00+05:00,51.127925533881466,51.629379075352524,51.294235,train
2023-06-17 18:00:00+05:00,43.12790759132645,43.12720246870638,43.218258,train
2023-06-17 19:00:00+05:00,36.09511079655408,36.14444517631046,36.127502,train
2023-06-17 20:00:00+05:00,27.969853745980174,28.023081140566145,27.957699,train
2023-06-17 21:00:00+05:00,29.03929685219026,29.037903178300045,29.084068,train
2023-06-17 22:00:00+05:00,26.31163476322837,26.311564124417984,26.331951,train
2023-06-17 23:00:00+05:00,22.0644122862451,22.059584142330394,22.022575,train
2023-06-18 00:00:00+05:00,22.47693437067454,22.4786042979122,22.494465,train
2023-06-18 01:00:00+05:00,21.426762468579113,21.439412696798698,21.433508,train
2023-06-18 02:00:00+05:00,19.530119297600834,19.53822730295334,19.54031,train
2023-06-18 03:00:00+05:00,21.426762468579113,21.442096856545263,21.490099,train
2023-06-18 04:00:00+05:00,22.795340913316068,22.779151466130067,22.638372,train
2023-06-18 05:00:00+05:00,17.798782554453396,17.79414406826802,17.819736,train
2023-06-18 06:00:00+05:00,27.466928124057176,27.298591086077348,27.57586,train
2023-06-18 07:00:00+05:00,34.27533110565912,34.63478056138103,34.32969,train
2023-06-18 08:00:00+05:00,51.91850446429919,52.08200861034956,51.931236,train
2023-06-18 09:00:00+05:00,54.591136929764104,54.32738358979564,54.639458,train
2023-06-18 10:00:00+05:00,65.68605688681004,65.61357047482606,65.69781,train
2023-06-18 11:00:00+05:00,71.46609387204995,71.0590987017641,71.37564,train
2023-06-18 12:00:00+05:00,74.22338313732183,72.42876613697376,74.225815,train
2023-06-18 13:00:00+05:00,67.92209668204856,67.58429197354819,67.960724,train
2023-06-18 14:00:00+05:00,67.04810413998672,67.15451428824117,67.06436,train
2023-06-18 15:00:00+05:00,63.56005587899102,62.791708574913976,63.621826,train
2023-06-18 16:00:00+05:00,53.21632908397703,52.98534617248923,53.32451,train
2023-06-18 17:00:00+05:00,46.579530538871325,47.21304395372204,46.666748,train
2023-06-18 18:00:00+05:00,42.297400262910855,42.26298664564905,42.2506,train
2023-06-18 19:00:00+05:00,36.10008805271764,36.15534601319207,36.062805,train
2023-06-18 20:00:00+05:00,29.883971282128016,29.906730873008915,29.810009,train
2023-06-18 21:00:00+05:00,33.83880184772829,33.31194896971434,33.827915,train
2023-06-18 22:00:00+05:00,29.03929685219026,29.039918050168733,29.017925,train
2023-06-18 23:00:00+05:00,27.658983639385838,27.592633923432512,27.613323,train
2023-06-19 00:00:00+05:00,27.756992572378806,27.771059492521303,27.793692,train
2023-06-19 01:00:00+05:00,28.4558816916703,28.556382733320884,28.394672,train
2023-06-19 02:00:00+05:00,23.61535253129324,23.49366267843891,23.591497,train
2023-06-19 03:00:00+05:00,22.870603429065568,22.949791869061713,22.855095,train
2023-06-19 04:00:00+05:00,25.24299745388356,25.265616981073972,25.235138,train
2023-06-19 05:00:00+05:00,22.894386819719955,23.01116550451039,22.926092,train
2023-06-19 06:00:00+05:00,28.899095727612348,28.005430082223526,28.980537,train
2023-06-19 07:00:00+05:00,39.19090142478274,38.46218932732159,39.008347,train
2023-06-19 08:00:00+05:00,51.26047006634957,51.029674848667774,51.415497,train
2023-06-19 09:00:00+05:00,49.854476353096004,49.96603899096317,50.045628,train
2023-06-19 10:00:00+05:00,52.935003086344636,52.923915812162086,53.010326,train
2023-06-19 11:00:00+05:00,73.26621060352323,73.22809983159317,73.13417,train
2023-06-19 12:00:00+05:00,62.21696892499256,61.902654271089425,62.153133,train
2023-06-19 13:00:00+05:00,54.73847237700426,56.47070476634531,54.63623,train
2023-06-19 14:00:00+05:00,76.12239725408602,76.03034109666956,76.0453,train
2023-06-19 15:00:00+05:00,58.37088678717441,58.08457172031894,58.45102,train
2023-06-19 16:00:00+05:00,54.110450346854975,54.06628488200033,54.17796,train
2023-06-19 17:00:00+05:00,53.48718223227053,53.582781438835944,53.502262,train
2023-06-19 18:00:00+05:00,41.66656947578696,41.88794859499223,41.701324,train
2023-06-19 19:00:00+05:00,35.02119656364039,34.816410395818636,35.03921,train
2023-06-19 20:00:00+05:00,29.27561628393846,29.3013105855084,29.084867,train
2023-06-19 21:00:00+05:00,28.44299671124537,28.459110854601004,28.397152,train
2023-06-19 22:00:00+05:00,26.985562619225902,26.990415067988874,27.004202,train
2023-06-19 23:00:00+05:00,25.370635344208267,25.344424090593982,25.38421,train
2023-06-20 00:00:00+05:00,26.857492337694566,26.924465396746285,26.88136,train
2023-06-20 01:00:00+05:00,24.176644785552924,24.168124468324326,24.163746,train
2023-06-20 02:00:00+05:00,23.6443159485176,23.45170364117274,23.631443,train
2023-06-20 03:00:00+05:00,23.52901613848445,23.620656609995272,23.537304,train
2023-06-20 04:00:00+05:00,22.526438751414844,22.60755377080323,22.575476,train
2023-06-20 05:00:00+05:00,19.220277991481396,19.15610636077868,19.19693,train
2023-06-20 06:00:00+05:00,25.471703850281756,25.3830534426478,25.395184,train
2023-06-20 07:00:00+05:00,34.903281786540845,34.773167248812115,34.718296,train
2023-06-20 08:00:00+05:00,40.449094741780755,41.73914745242627,40.54616,train
2023-06-20 09:00:00+05:00,58.01422484553933,54.74126312412421,57.91945,train
2023-06-20 10:00:00+05:00,59.613869069646,59.477067987438204,59.698074,train
2023-06-20 11:00:00+05:00,70.67052579142677,70.23777297747715,70.714355,train
2023-06-20 12:00:00+05:00,68.23433618707975,67.63732528140424,68.257935,train
2023-06-20 13:00:00+05:00,62.87155061010867,62.79162748761652,62.836197,train
2023-06-20 14:00:00+05:00,73.13157678327121,72.96389723301127,73.19888,train
2023-06-20 15:00:00+05:00,58.45236857573718,58.3703850347898,58.313885,train
2023-06-20 16:00:00+05:00,49.982460917869844,50.144601677047675,49.891663,train
2023-06-20 17:00:00+05:00,44.68423778146774,45.467578144690684,44.713253,train
2023-06-20 18:00:00+05:00,39.99580868238178,39.81584685349548,40.01452,train
2023-06-20 19:00:00+05:00,32.917027643733206,32.95995132656547,32.855015,train
2023-06-20 20:00:00+05:00,29.53155053002331,29.64853638501401,29.521812,train
2023-06-20 21:00:00+05:00,27.947012375227132,27.948025627033864,27.974472,train
2023-06-20 22:00:00+05:00,26.857492337694566,26.855443763630948,26.893684,train
2023-06-20 23:00:00+05:00,25.507253953661177,25.47957339369074,25.411964,train
2023-06-21 00:00:00+05:00,24.176644785552924,24.178164671085938,24.195898,train
2023-06-21 01:00:00+05:00,22.526438751414844,22.52436458162208,22.587833,train
2023-06-21 02:00:00+05:00,20.51979180016309,20.50975598949647,20.4868,train
2023-06-21 03:00:00+05:00,20.990998990357866,20.97625285361587,21.046349,train
2023-06-21 04:00:00+05:00,20.990998990357866,21.020819567960956,21.046883,train
2023-06-21 05:00:00+05:00,18.780340254709927,18.801613065131534,18.796919,train
2023-06-21 06:00:00+05:00,25.44192625237571,25.375381819433418,25.340837,train
2023-06-21 07:00:00+05:00,32.78745521075518,32.75284143618528,32.872326,train
2023-06-21 08:00:00+05:00,47.29525521130154,46.71414498465266,47.431793,train
2023-06-21 09:00:00+05:00,49.38998072716828,49.17057671143479,49.479156,train
2023-06-21 10:00:00+05:00,52.88720755603839,52.69796237239459,52.90357,train
2023-06-21 11:00:00+05:00,65.83284246038534,65.48380991055204,65.8099,train
2023-06-21 12:00:00+05:00,58.14307735006514,58.04165734618821,58.15409,train
2023-06-21 13:00:00+05:00,62.860908738869966,62.804410407838525,62.814163,train
2023-06-21 14:00:00+05:00,66.66857280252219,66.53142089728827,66.593834,train
2023-06-21 15:00:00+05:00,55.29987229026301,55.206868126404125,55.278343,train
2023-06-21 16:00:00+05:00,51.02024660617286,51.09493561139925,50.98757,train
2023-06-21 17:00:00+05:00,54.062599033318804,53.62698070848962,54.042824,train
2023-06-21 18:00:00+05:00,40.2269859553266,40.16551316824752,40.289345,train
2023-06-21 19:00:00+05:00,33.994174758711154,33.98581991628228,34.021885,train
2023-06-21 20:00:00+05:00,27.857564500606543,27.92195504546803,27.61728,train
2023-06-21 21:00:00+05:00,28.81903735214513,28.867770273439966,28.811388,train
2023-06-21 22:00:00+05:00,26.985562619225902,27.000216431807168,26.97421,train
2023-06-21 23:00:00+05:00,22.844593570758036,22.7239582919394,22.872116,train
2023-06-22 00:00:00+05:00,24.886972391899235,24.77731356505905,24.926659,train
2023-06-22 01:00:00+05:00,21.426762468579113,21.426086467972222,21.429056,train
2023-06-22 02:00:00+05:00,18.214524851300553,18.24410761267537,18.221718,train
2023-06-22 03:00:00+05:00,21.450276815696043,21.499180992800373,21.504704,train
2023-06-22 04:00:00+05:00,20.409701358320774,20.512244085594595,20.363724,train
2023-06-22 05:00:00+05:00,16.702238238331404,16.74923998525007,16.689814,train
2023-06-22 06:00:00+05:00,25.409427090044574,25.297604624448887,25.373774,train
2023-06-22 07:00:00+05:00,37.38481417026753,35.55046519842539,37.522346,train
2023-06-22 08:00:00+05:00,47.64741598659202,47.33301221131097,47.749672,train
2023-06-22 09:00:00+05:00,53.99030785852108,54.24460639237923,53.938164,train
2023-06-22 10:00:00+05:00,52.8614838153016,52.8519570181538,52.769096,train
2023-06-22 11:00:00+05:00,72.59672621852621,72.48497982653485,72.57491,train
2023-06-22 12:00:00+05:00,56.16012172135942,56.335109637630524,56.14059,train
2023-06-22 13:00:00+05:00,59.00403127208631,58.88960815546317,58.979958,train
2023-06-22 14:00:00+05:00,66.66219948897208,66.58868375997876,66.57953,train
2023-06-22 15:00:00+05:00,52.88056613772716,53.272159890236196,52.822937,train
2023-06-22 16:00:00+05:00,49.10025763287297,49.30292996961321,49.12491,train
2023-06-22 17:00:00+05:00,47.17965108765327,47.825578207075566,47.491905,train
2023-06-22 18:00:00+05:00,40.02411440764598,39.934090155284686,40.118034,train
2023-06-22 19:00:00+05:00,32.94702763213485,32.977295031441024,32.941628,train
2023-06-22 20:00:00+05:00,27.440516461884215,27.42127323088631,27.456455,train
2023-06-22 21:00:00+05:00,27.756992572378806,27.755922715709865,27.738174,train
2023-06-22 22:00:00+05:00,26.985562619225902,27.000571828478385,26.919975,train
2023-06-22 23:00:00+05:00,23.483319967759883,23.386773488287567,23.515055,train
2023-06-23 00:00:00+05:00,24.583035248813417,24.65689404699057,24.566412,train
2023-06-23 01:00:00+05:00,23.840299613641946,23.883110806908302,23.826939,train
2023-06-23 02:00:00+05:00,19.87450886158291,19.83482130402353,19.896181,train
2023-06-23 03:00:00+05:00,22.47693437067454,22.554343284276474,22.470966,train
2023-06-23 04:00:00+05:00,20.962406417196803,20.956565148067323,20.99001,train
2023-06-23 05:00:00+05:00,15.394869577098348,15.459833410652415,15.44482,train
2023-06-23 06:00:00+05:00,23.179526000624662,23.301448522674193,23.117048,train
2023-06-23 07:00:00+05:00,34.03929740916294,34.04711489924996,33.997,train
2023-06-23 08:00:00+05:00,47.388671311024154,47.0619108556789,47.56951,train
2023-06-23 09:00:00+05:00,47.69282336366382,48.76695803525434,47.535343,train
2023-06-23 10:00:00+05:00,56.092450240686674,56.02262236847229,56.024895,train
2023-06-23 11:00:00+05:00,71.98977150065264,71.97476617878996,71.97317,train
2023-06-23 12:00:00+05:00,58.11021860290316,57.895990587678234,58.10112,train
2023-06-23 13:00:00+05:00,62.8361902532958,62.90396540880504,62.7525,train
2023-06-23 14:00:00+05:00,73.78060545888792,73.88601673631618,73.74912,train
2023-06-23 15:00:00+05:00,58.45430623370652,58.57279130377114,58.387215,train
2023-06-23 16:00:00+05:00,49.10338935283488,49.31880353748844,49.138924,train
2023-06-23 17:00:00+05:00,49.86221128810536,49.928093200751114,49.842804,train
2023-06-23 18:00:00+05:00,39.6045891239321,39.59894591413817,39.471405,train
2023-06-23 19:00:00+05:00,34.010452229370344,34.08352375815563,34.010555,train
2023-06-23 20:00:00+05:00,27.549736020107673,27.533602526571595,27.55663,train
2023-06-23 21:00:00+05:00,28.4558816916703,28.551684626956085,28.398912,train
2023-06-23 22:00:00+05:00,26.31163476322837,26.29808414726685,26.299583,train
2023-06-23 23:00:00+05:00,21.152733456829935,21.00087444420629,21.17381,train
2023-06-24 00:00:00+05:00,20.990998990357866,20.96613382479311,21.004772,train
2023-06-24 01:00:00+05:00,21.450276815696043,21.476194256681147,21.498453,train
2023-06-24 02:00:00+05:00,19.21957459471389,19.23322968907672,19.23392,train
2023-06-24 03:00:00+05:00,19.933489386194765,19.909243375430407,19.958231,train
2023-06-24 04:00:00+05:00,18.878116827573024,19.000078256284795,18.90817,train
2023-06-24 05:00:00+05:00,14.959007469192386,14.991276023416795,14.999504,train
2023-06-24 06:00:00+05:00,24.228084662054755,24.034024665521528,24.244164,train
2023-06-24 07:00:00+05:00,33.992246439954556,34.167166094048206,34.027103,train
2023-06-24 08:00:00+05:00,46.51978901606367,46.01312034328332,46.49191,train
2023-06-24 09:00:00+05:00,44.601864039638656,44.376223690363666,44.525116,train
2023-06-24 10:00:00+05:00,58.478720112193116,57.35646273985686,58.36497,train
2023-06-24 11:00:00+05:00,64.36550141829798,64.16906734979804,64.33302,train
2023-06-24 12:00:00+05:00,67.16374787727005,66.45311782468177,67.15366,train
2023-06-24 13:00:00+05:00,62.82210254508692,62.767607783406916,62.739662,train
2023-06-24 14:00:00+05:00,66.84295237767577,67.02822318857956,66.7378,train
2023-06-24 15:00:00+05:00,57.4354338947353,57.188333554633466,57.395683,train
2023-06-24 16:00:00+05:00,52.522199587638966,52.589448983792984,52.4785,train
2023-06-24 17:00:00+05:00,49.55530215845084,49.9401404456659,49.566956,train
2023-06-24 18:00:00+05:00,38.56103298408425,38.77379418188727,38.60554,train
2023-06-24 19:00:00+05:00,32.95419608936908,33.10188187378353,32.950012,train
2023-06-24 20:00:00+05:00,27.547868574257052,27.461610805642547,27.431137,train
2023-06-24 21:00:00+05:00,27.402360942946643,27.28992179448316,27.327637,train
2023-06-24 22:00:00+05:00,26.182435305181286,26.202210671477665,26.175535,train
2023-06-24 23:00:00+05:00,22.950991377279365,22.837032786907873,22.953354,train
2023-06-25 00:00:00+05:00,24.09953731687841,23.909723922087974,24.059095,train
2023-06-25 01:00:00+05:00,23.06038494387508,22.81881408652952,23.039328,train
2023-06-25 02:00:00+05:00,18.81792798431428,18.769816770400908,18.896618,train
2023-06-25 03:00:00+05:00,21.426762468579113,21.420743908795856,21.46935,train
2023-06-25 04:00:00+05:00,20.378473038828986,20.383286789864407,20.287594,train
2023-06-25 05:00:00+05:00,15.717837306706201,15.80071168169127,15.826023,train
2023-06-25 06:00:00+05:00,23.173887936899575,23.212081716194678,23.105843,train
2023-06-25 07:00:00+05:00,34.067403061879304,33.442370847245506,34.046326,train
2023-06-25 08:00:00+05:00,44.541458697411315,44.188589850847,44.55901,train
2023-06-25 09:00:00+05:00,42.538012397968714,43.51356848785771,42.51864,train
2023-06-25 10:00:00+05:00,48.73088135474876,48.75783308431962,48.887768,train
2023-06-25 11:00:00+05:00,69.26173388998609,69.2877353190221,69.2843,train
2023-06-25 12:00:00+05:00,48.52030616637245,49.5462070018373,48.570385,train
2023-06-25 13:00:00+05:00,46.55463535231621,49.24655428713717,46.726673,train
2023-06-25 14:00:00+05:00,55.013963831534625,56.43139620437942,55.113663,train
2023-06-25 15:00:00+05:00,46.16974258269937,47.06657946708962,46.287106,train
2023-06-25 16:00:00+05:00,47.857453106369064,47.44760687948063,47.8426,train
2023-06-25 17:00:00+05:00,45.23642047225894,44.95102910594657,45.33598,train
2023-06-25 18:00:00+05:00,30.23459952556783,30.839099571789234,30.029005,train
2023-06-25 19:00:00+05:00,25.218459842723348,24.897635327147686,25.218266,train
2023-06-25 20:00:00+05:00,20.409701358320774,20.451593666189225,20.267473,train
2023-06-25 21:00:00+05:00,19.310539714104834,19.243844348083105,19.266241,train
2023-06-25 22:00:00+05:00,19.305656461254557,19.302867652315324,19.320793,train
2023-06-25 23:00:00+05:00,15.78826188586936,16.87927105272943,16.510548,train
2023-06-26 00:00:00+05:00,17.171098767927617,17.206012371072084,17.16105,train
2023-06-26 01:00:00+05:00,14.904887715826987,15.04416609450383,14.835602,train
2023-06-26 02:00:00+05:00,13.320550317379343,13.429485622054688,13.3401375,train
2023-06-26 03:00:00+05:00,15.693035938468086,15.733512185541285,15.704145,train
2023-06-26 04:00:00+05:00,14.677409637743779,13.812431879961872,14.666849,train
2023-06-26 05:00:00+05:00,12.144485621807235,12.798513010768161,12.262466,train
2023-06-26 06:00:00+05:00,19.97548282916273,19.831380888851708,19.873592,train
2023-06-26 07:00:00+05:00,29.479799777774872,30.393546937561403,29.398811,train
2023-06-26 08:00:00+05:00,44.778276469369416,44.08390628792695,44.72695,train
2023-06-26 09:00:00+05:00,48.78392189035259,47.8720057263276,48.646538,train
2023-06-26 10:00:00+05:00,51.97122961736943,51.97702362367987,51.825214,train
2023-06-26 11:00:00+05:00,61.08902635915325,61.53587292341936,61.09368,train
2023-06-26 12:00:00+05:00,64.1761300076252,63.46443791854394,64.179955,train
2023-06-26 13:00:00+05:00,59.796403785465145,59.7509690248661,59.722977,train
2023-06-26 14:00:00+05:00,71.53910746160449,71.54277241685463,71.507935,train
2023-06-26 15:00:00+05:00,59.69601552758951,59.78634972526515,59.63857,train
2023-06-26 16:00:00+05:00,51.49365987324927,51.749654990769436,51.511803,train
2023-06-26 17:00:00+05:00,51.398561097463414,51.34368865873298,51.36608,train
2023-06-26 18:00:00+05:00,37.10168370976692,37.22770824324461,37.117336,train
2023-06-26 19:00:00+05:00,30.812345346422433,30.34896223926807,30.743217,train
2023-06-26 20:00:00+05:00,25.953795484104774,25.923670112438245,25.819656,train
2023-06-26 21:00:00+05:00,25.24299745388356,25.247645041305223,25.289513,train
2023-06-26 22:00:00+05:00,23.605210159731712,23.636737038891706,23.692347,train
2023-06-26 23:00:00+05:00,19.530119297600834,19.52287538939753,19.535843,train
2023-06-27 00:00:00+05:00,20.376693141554313,20.421112407897596,20.452696,train
2023-06-27 01:00:00+05:00,17.824851905994194,17.82161751063208,17.850653,train
2023-06-27 02:00:00+05:00,15.379386666556172,15.435064862894762,15.438511,train
2023-06-27 03:00:00+05:00,18.878116827573024,18.949277568794678,18.924267,train
2023-06-27 04:00:00+05:00,18.287432463000528,18.145872173876626,18.248795,train
2023-06-27 05:00:00+05:00,13.762512067661248,14.076517791450302,13.897219,train
2023-06-27 06:00:00+05:00,23.07118075876093,22.816162156527334,23.047949,train
2023-06-27 07:00:00+05:00,32.79251998747378,32.52608152483404,32.615437,train
2023-06-27 08:00:00+05:00,47.44086181382869,47.29709732384478,47.414497,train
2023-06-27 09:00:00+05:00,52.754426000705905,51.53229154147069,52.485176,train
2023-06-27 10:00:00+05:00,59.35006074483124,59.1222916562343,59.29208,train
2023-06-27 11:00:00+05:00,72.30561463583098,72.2358984330319,72.16235,train
2023-06-27 12:00:00+05:00,62.89205470756474,63.00358018242718,62.81477,train
2023-06-27 13:00:00+05:00,62.772845341106574,62.790422700964385,62.708015,train
2023-06-27 14:00:00+05:00,74.68689256476767,74.75119278662369,74.58511,train
2023-06-27 15:00:00+05:00,62.698164867497496,63.00894242942581,62.662773,train
2023-06-27 16:00:00+05:00,52.05928242212667,51.94495015878255,52.01814,train
2023-06-27 17:00:00+05:00,54.62455483202041,54.18195209738666,54.621017,train
2023-06-27 18:00:00+05:00,41.11112310129374,40.638325581904716,41.113647,train
2023-06-27 19:00:00+05:00,34.02504697939065,34.19071767399355,33.87937,train
2023-06-27 20:00:00+05:00,28.3069246034446,28.4017561662244,28.277733,train
2023-06-27 21:00:00+05:00,26.857492337694566,26.93347284623279,26.94891,train
2023-06-27 22:00:00+05:00,25.770705914114615,25.817967178550603,25.865612,train
2023-06-27 23:00:00+05:00,23.948527149923507,23.956923036063415,23.868847,train
2023-06-28 00:00:00+05:00,23.11254718252809,23.11348961112869,23.153797,train
2023-06-28 01:00:00+05:00,22.47693437067454,22.45435301511408,22.507961,train
2023-06-28 02:00:00+05:00,18.652555191376223,18.652168605156948,18.678549,train
2023-06-28 03:00:00+05:00,20.378473038828986,20.338222829009286,20.406855,train
2023-06-28 04:00:00+05:00,22.47693437067454,22.474238278767036,22.486662,train
2023-06-28 05:00:00+05:00,15.82215373940653,15.917341921921437,15.85021,train
2023-06-28 06:00:00+05:00,25.11483495936119,24.992837941358392,25.111938,train
2023-06-28 07:00:00+05:00,34.82409955637962,34.60636838609029,34.9353,train
2023-06-28 08:00:00+05:00,48.08281510969596,47.62328886639981,48.155926,train
2023-06-28 09:00:00+05:00,54.72901018314428,54.75879804950313,54.654305,train
2023-06-28 10:00:00+05:00,60.302998549193546,59.97460078769972,60.382935,train
2023-06-28 11:00:00+05:00,65.50430677539225,65.39968026905287,65.45327,train
2023-06-28 12:00:00+05:00,62.86729864022885,62.923881524186996,62.818024,train
2023-06-28 13:00:00+05:00,55.9696636871156,55.977461023659934,55.953438,train
2023-06-28 14:00:00+05:00,67.18576473916403,67.22958065206659,67.11302,train
2023-06-28 15:00:00+05:00,52.85785043668801,52.900303063257255,52.778877,train
2023-06-28 16:00:00+05:00,45.23535471408934,46.72634587588723,45.32873,train
2023-06-28 17:00:00+05:00,43.21931162173246,44.87540902804164,43.30989,train
2023-06-28 18:00:00+05:00,36.985578956839106,37.69477063402688,37.06937,train
2023-06-28 19:00:00+05:00,31.934902382159862,31.988345642669035,31.99948,train
2023-06-28 20:00:00+05:00,26.02320170359542,25.996042334761928,26.068272,train
2023-06-28 21:00:00+05:00,26.985562619225902,27.111987545912097,26.873142,train
2023-06-28 22:00:00+05:00,26.182435305181286,26.213549601069793,26.078465,train
2023-06-28 23:00:00+05:00,21.906801947034012,21.808867319033176,22.007868,train
2023-06-29 00:00:00+05:00,23.11254718252809,23.12212023778809,23.112862,train
2023-06-29 01:00:00+05:00,20.376693141554313,20.472570544542453,20.430311,train
2023-06-29 02:00:00+05:00,16.140653103872808,16.410030708089007,16.164436,train
2023-06-29 03:00:00+05:00,18.237135457063687,18.39489226139481,18.283566,train
2023-06-29 04:00:00+05:00,19.310539714104834,19.22061519415969,19.293253,train
2023-06-29 05:00:00+05:00,13.111135907021264,13.31270532017477,13.167915,train
2023-06-29 06:00:00+05:00,20.874543723811257,20.78426502124082,20.953665,train
2023-06-29 07:00:00+05:00,30.595920484249632,30.74544293153911,30.445406,train
2023-06-29 08:00:00+05:00,43.66128771271548,43.944919443136044,43.36678,train
2023-06-29 09:00:00+05:00,45.023383397119915,45.52947878517858,44.969696,train
2023-06-29 10:00:00+05:00,51.85827170429667,51.91772292150791,51.803917,train
2023-06-29 11:00:00+05:00,62.129657425568325,62.039294084974344,62.105896,train
2023-06-29 12:00:00+05:00,54.973561329673146,54.999195379264435,54.99657,train
2023-06-29 13:00:00+05:00,53.92832849198004,53.39130398577714,53.922928,train
2023-06-29 14:00:00+05:00,58.843811905435246,58.67833660148392,58.672997,train
2023-06-29 15:00:00+05:00,52.20699526605506,52.43650717122983,52.145332,train
2023-06-29 16:00:00+05:00,51.47619381091852,51.66172912534351,51.495346,train
2023-06-29 17:00:00+05:00,48.39831704959573,49.28422664031164,48.201027,train
2023-06-29 18:00:00+05:00,38.98150976828856,38.838801830468256,38.833176,train
2023-06-29 19:00:00+05:00,30.854113347381826,30.556164321183388,30.947453,train
2023-06-29 20:00:00+05:00,26.28639700816518,26.32678276082441,26.324997,train
2023-06-29 21:00:00+05:00,24.176644785552924,24.19902710523046,24.223137,train
2023-06-29 22:00:00+05:00,21.450276815696043,21.468629002858766,21.527367,train
2023-06-29 23:00:00+05:00,18.871757912181238,18.8410672251929,18.91544,train
2023-06-30 00:00:00+05:00,20.990998990357866,20.975132884220855,21.021599,train
2023-06-30 01:00:00+05:00,19.933489386194765,19.93494239929126,19.952631,train
2023-06-30 02:00:00+05:00,15.48804778421811,15.491254574664104,15.539671,train
2023-06-30 03:00:00+05:00,17.824851905994194,17.902105229870685,17.843475,train
2023-06-30 04:00:00+05:00,19.332038775322758,19.361126114755756,19.299664,train
2023-06-30 05:00:00+05:00,15.594844630196008,15.562160068912336,15.577206,train
2023-06-30 06:00:00+05:00,20.770069499955127,20.559484977687923,20.810575,train
2023-06-30 07:00:00+05:00,29.28271659705888,30.004011492209564,29.34055,train
2023-06-30 08:00:00+05:00,45.197838029483705,45.05658237279699,45.122646,train
2023-06-30 09:00:00+05:00,45.98771443795579,45.86037603179123,46.051376,train
2023-06-30 10:00:00+05:00,51.81818397129416,51.883357348830025,51.695522,train
2023-06-30 11:00:00+05:00,70.74238651713881,70.50156911717163,70.733086,train
2023-06-30 12:00:00+05:00,66.01289835122532,65.30367367369534,66.00415,train
2023-06-30 13:00:00+05:00,61.7125768028784,61.543275199623764,61.64209,train
2023-06-30 14:00:00+05:00,65.66354048855749,65.63140027268227,65.60368,train
2023-06-30 15:00:00+05:00,57.386108648732716,57.29833409223001,57.386765,train
2023-06-30 16:00:00+05:00,53.522653332954235,53.73904141853223,53.59148,train
2023-06-30 17:00:00+05:00,53.23916607642718,52.52476988865882,53.28598,train
2023-06-30 18:00:00+05:00,40.032252935407485,39.912124845855196,40.075073,train
2023-06-30 19:00:00+05:00,32.929032599894924,32.99562519816641,33.01416,train
2023-06-30 20:00:00+05:00,25.953795484104774,25.927628239868433,25.79565,train
2023-06-30 21:00:00+05:00,25.24299745388356,25.24532043673995,25.296202,train
2023-06-30 22:00:00+05:00,23.7263780253773,23.7941132499504,23.636024,train
2023-06-30 23:00:00+05:00,19.74982500373477,19.754351335140893,19.759817,train
2023-07-01 00:00:00+05:00,20.376693141554313,20.418298549220488,20.468029,train
2023-07-01 01:00:00+05:00,19.933489386194765,19.92396507393745,19.971294,train
2023-07-01 02:00:00+05:00,15.705461121666247,15.718354605132218,15.776184,train
2023-07-01 03:00:00+05:00,18.878116827573024,18.91738773407125,18.920712,train
2023-07-01 04:00:00+05:00,16.7736652616058,16.811261746273928,16.829119,train
2023-07-01 05:00:00+05:00,14.949363406990926,15.050867135823353,15.044405,train
2023-07-01 06:00:00+05:00,21.853466003933306,21.805195309840837,21.811111,train
2023-07-01 07:00:00+05:00,32.341045389953365,32.76994148476485,32.476242,train
2023-07-01 08:00:00+05:00,47.24847475709987,47.10354012883064,47.26535,train
2023-07-01 09:00:00+05:00,47.96769346635489,47.695372411918974,47.960182,train
2023-07-01 10:00:00+05:00,59.16682354809814,59.295076912568035,59.107357,train
2023-07-01 11:00:00+05:00,72.31135261160478,72.33422062356759,72.17007,train
2023-07-01 12:00:00+05:00,67.94600633939137,67.54653311780966,67.97812,train
2023-07-01 13:00:00+05:00,63.69313368561848,63.44910169020429,63.625744,train
2023-07-01 14:00:00+05:00,75.56583223008761,75.58257426993292,75.44486,train
2023-07-01 15:00:00+05:00,64.66463006994286,64.56288744906591,64.582825,train
2023-07-01 16:00:00+05:00,58.990015747197674,58.417788365709406,58.87989,train
2023-07-01 17:00:00+05:00,52.35516086166825,52.66204059354679,52.18437,train
2023-07-01 18:00:00+05:00,41.29240226917727,40.965436425285496,41.393013,train
2023-07-01 19:00:00+05:00,35.071258964428694,34.989098115685074,34.964756,train
2023-07-01 20:00:00+05:00,29.658268824228344,29.676294613260506,29.692455,train
2023-07-01 21:00:00+05:00,27.072484676462636,27.219628486209828,27.033596,train
2023-07-01 22:00:00+05:00,27.382586307136705,27.379414047469055,27.411648,train
2023-07-01 23:00:00+05:00,22.17498315009425,22.17363842300484,22.130966,train
2023-07-02 00:00:00+05:00,22.617589660280373,22.53263356484585,22.542746,train
2023-07-02 01:00:00+05:00,23.11254718252809,23.116551539235072,23.147886,train
2023-07-02 02:00:00+05:00,19.310539714104834,19.1989104320932,19.29977,train
2023-07-02 03:00:00+05:00,21.450276815696043,21.493869190911248,21.53052,train
2023-07-02 04:00:00+05:00,20.990998990357866,20.990730156780273,21.008661,train
2023-07-02 05:00:00+05:00,17.78031054528259,17.72901654812885,17.76761,train
2023-07-02 06:00:00+05:00,24.958575479302908,24.887807049257955,24.973045,train
2023-07-02 07:00:00+05:00,35.62160154450078,35.30470590493714,35.455082,train
2023-07-02 08:00:00+05:00,48.5957187130644,48.23869095182436,48.560616,train
2023-07-02 09:00:00+05:00,61.28458293856278,59.772786746524375,61.262547,train
2023-07-02 10:00:00+05:00,62.116769336658024,62.03827738963133,62.069004,train
2023-07-02 11:00:00+05:00,75.33165538238802,75.19837001045944,75.19843,train
2023-07-02 12:00:00+05:00,61.96214181863604,61.91052924739386,61.96926,train
2023-07-02 13:00:00+05:00,61.88355467092066,61.882872147306564,61.876198,train
2023-07-02 14:00:00+05:00,76.50861993208076,76.13901204478222,76.34804,train
2023-07-02 15:00:00+05:00,55.89873060915181,55.572099593138375,55.78874,train
2023-07-02 16:00:00+05:00,52.16707495550952,51.86283290303207,52.159283,train
2023-07-02 17:00:00+05:00,56.34426599855556,55.89347859962135,56.277122,train
2023-07-02 18:00:00+05:00,43.19920871650305,43.208955638260825,43.091183,train
2023-07-02 19:00:00+05:00,36.15061741001972,36.16301576307502,36.20035,train
2023-07-02 20:00:00+05:00,30.222782490495433,30.24190705134566,30.241322,train
2023-07-02 21:00:00+05:00,29.03929685219026,29.043313615367353,29.026546,train
2023-07-02 22:00:00+05:00,27.382586307136705,27.368014467399952,27.35701,train
2023-07-02 23:00:00+05:00,24.176824645512795,24.17588091099474,24.179585,train
2023-07-03 00:00:00+05:00,24.68662218819958,24.721752704989044,24.724442,train
2023-07-03 01:00:00+05:00,25.639019258010535,25.712281050142426,25.64951,train
2023-07-03 02:00:00+05:00,23.282471957621567,23.306939338974384,23.156197,train
2023-07-03 03:00:00+05:00,24.68662218819958,24.70002979048873,24.709663,train
2023-07-03 04:00:00+05:00,24.68662218819958,24.69043467570636,24.753685,train
2023-07-03 05:00:00+05:00,23.1740214361958,23.35130094221758,23.033693,train
2023-07-03 06:00:00+05:00,27.035222511403276,26.258590248293242,26.79976,train
2023-07-03 07:00:00+05:00,33.26984232894347,33.15146822787022,33.06994,train
2023-07-03 08:00:00+05:00,41.921068859901936,42.780508174204996,41.963623,train
2023-07-03 09:00:00+05:00,45.27347464530823,44.99289340278624,45.135605,train
2023-07-03 10:00:00+05:00,54.70538303414685,55.11273756923156,54.663948,train
2023-07-03 11:00:00+05:00,64.80784868882432,64.69769377680817,64.71701,train
2023-07-03 12:00:00+05:00,68.86401788592974,68.28763177556156,68.81575,train
2023-07-03 13:00:00+05:00,57.915777794469136,57.37314593798623,57.886215,train
2023-07-03 14:00:00+05:00,68.57279395573033,68.32649588012202,68.457726,train
2023-07-03 15:00:00+05:00,52.8129214983594,53.33423447689806,52.73484,train
2023-07-03 16:00:00+05:00,48.45923292144181,48.511010887488055,48.31617,train
2023-07-03 17:00:00+05:00,47.234886672963,47.84702239549842,47.035816,train
2023-07-03 18:00:00+05:00,40.622203543963906,40.267062313989484,40.815186,train
2023-07-03 19:00:00+05:00,35.04268128467851,34.919001427984966,35.146225,train
2023-07-03 20:00:00+05:00,30.02463607279833,29.83916298993349,30.016111,train
2023-07-03 21:00:00+05:00,30.146946478866823,30.267371111368284,30.154324,train
2023-07-03 22:00:00+05:00,29.31862151756536,29.34928574473685,29.321976,train
2023-07-03 23:00:00+05:00,25.51138644358349,25.47077171569351,25.530563,train
2023-07-04 00:00:00+05:00,27.756992572378806,27.772399301625427,27.779226,train
2023-07-04 01:00:00+05:00,26.985562619225902,27.015017255821355,27.057701,train
2023-07-04 02:00:00+05:00,23.376808876095595,23.376628749199053,23.410618,train
2023-07-04 03:00:00+05:00,26.985562619225902,27.009437058525013,27.002422,train
2023-07-04 04:00:00+05:00,25.93538483098979,26.020085792390987,25.90422,train
2023-07-04 05:00:00+05:00,22.314101131082055,22.36813450842174,22.384188,train
2023-07-04 06:00:00+05:00,29.071173660232205,28.723168923615965,29.209274,train
2023-07-04 07:00:00+05:00,33.74341385268309,34.15572577332803,33.805656,train
2023-07-04 08:00:00+05:00,44.354397457296216,44.67232250701655,44.200905,train
2023-07-04 09:00:00+05:00,44.66567430313182,46.01734974950694,44.622055,train
2023-07-04 10:00:00+05:00,48.956305984994174,50.55223314126752,48.795403,train
2023-07-04 11:00:00+05:00,60.88876054740126,60.78806542478258,60.78079,train
2023-07-04 12:00:00+05:00,52.40294069630886,53.01734172891984,52.535496,train
2023-07-04 13:00:00+05:00,55.86253791289033,55.90851182151349,55.858562,train
2023-07-04 14:00:00+05:00,66.26174504290765,66.19903493158404,66.188416,train
2023-07-04 15:00:00+05:00,51.764237107251176,51.7872270290901,51.707977,train
2023-07-04 16:00:00+05:00,48.00480826703739,47.87865681489618,47.87748,train
2023-07-04 17:00:00+05:00,45.129457902054696,46.122619734648865,45.089485,train
2023-07-04 18:00:00+05:00,37.9771934132977,38.352006911156,38.128796,train
2023-07-04 19:00:00+05:00,32.91573077820317,32.830756338920224,32.928486,train
2023-07-04 20:00:00+05:00,27.658983639385838,27.59976965270042,27.678705,train
2023-07-04 21:00:00+05:00,27.382586307136705,27.389597942122844,27.392057,train
2023-07-04 22:00:00+05:00,26.857492337694566,26.961861600149188,26.908731,train
2023-07-04 23:00:00+05:00,21.450276815696043,21.468116900788985,21.521912,train
2023-07-05 00:00:00+05:00,23.11254718252809,23.115919061327247,23.1289,train
2023-07-05 01:00:00+05:00,20.990998990357866,20.970919979838797,21.00792,train
2023-07-05 02:00:00+05:00,17.995696727394886,17.92964247639498,18.005564,train
2023-07-05 03:00:00+05:00,19.933489386194765,19.936601033628833,19.962666,train
2023-07-05 04:00:00+05:00,19.305656461254557,19.39219775749137,19.38266,train
2023-07-05 05:00:00+05:00,16.904646297660634,16.79599489809492,16.944378,train
2023-07-05 06:00:00+05:00,22.54290587365938,21.942718374909255,22.517052,train
2023-07-05 07:00:00+05:00,33.31376113124958,33.08884238019686,33.27159,train
2023-07-05 08:00:00+05:00,47.119495955287505,46.889136691944806,47.100822,train
2023-07-05 09:00:00+05:00,49.802383670758786,50.60973198942961,49.857384,train
2023-07-05 10:00:00+05:00,59.959450333652796,60.21543787362012,60.016487,train
2023-07-05 11:00:00+05:00,72.38874831471475,72.27858009079432,72.39055,train
2023-07-05 12:00:00+05:00,57.83251061403553,57.78515367566399,57.84259,train
2023-07-05 13:00:00+05:00,55.84131971528103,55.82078589984595,55.83219,train
2023-07-05 14:00:00+05:00,72.36421018695438,72.43444253698895,72.39498,train
2023-07-05 15:00:00+05:00,54.15564531150545,53.55412023044148,54.21154,train
2023-07-05 16:00:00+05:00,47.98884054780467,47.68533743806049,47.979515,train
2023-07-05 17:00:00+05:00,46.884781922055765,47.652614840180064,46.971115,train
2023-07-05 18:00:00+05:00,37.441425966389716,37.50628106366845,37.35323,train
2023-07-05 19:00:00+05:00,31.84685664218165,31.865994010757827,31.993666,train
2023-07-05 20:00:00+05:00,26.848478989696957,26.76041690335347,26.62557,train
2023-07-05 21:00:00+05:00,25.953795484104774,25.867754282013735,25.757093,train
2023-07-05 22:00:00+05:00,23.840299613641946,23.774822849172498,23.87645,train
2023-07-05 23:00:00+05:00,21.29131735060446,21.21326499333439,21.217903,train
2023-07-06 00:00:00+05:00,23.11254718252809,23.11431323740483,23.108662,train
2023-07-06 01:00:00+05:00,23.605210159731712,23.62073757622586,23.652216,train
2023-07-06 02:00:00+05:00,20.85025411838052,20.817979163429,20.7841,train
2023-07-06 03:00:00+05:00,22.47693437067454,22.528254286551384,22.470472,train
2023-07-06 04:00:00+05:00,22.795340913316068,22.76229365467096,22.635342,train
2023-07-06 05:00:00+05:00,20.078327497159194,20.00047683152334,20.134644,train
2023-07-06 06:00:00+05:00,24.75739671721766,24.700531251606044,24.912685,train
2023-07-06 07:00:00+05:00,32.04462817319563,32.26293578752689,31.94791,train
2023-07-06 08:00:00+05:00,47.23452892076142,47.172467004262735,47.246475,train
2023-07-06 09:00:00+05:00,45.13682157873029,45.32275456000755,45.01883,train
2023-07-06 10:00:00+05:00,50.35784049141034,49.369870593942856,50.417057,train
2023-07-06 11:00:00+05:00,68.91029613492765,69.23712741070068,68.93269,train
2023-07-06 12:00:00+05:00,59.634634798326715,59.62771289330376,59.610893,train
2023-07-06 13:00:00+05:00,56.73442789084794,56.1501221872828,56.859352,train
2023-07-06 14:00:00+05:00,60.198431691770566,59.92261674686369,60.035583,train
2023-07-06 15:00:00+05:00,62.55342008360873,58.881178339904785,62.58435,train
2023-07-06 16:00:00+05:00,56.36841685269593,52.76150732277077,56.392784,train
2023-07-06 17:00:00+05:00,41.25256123570017,41.947358407707746,41.25169,train
2023-07-06 18:00:00+05:00,31.71116118270743,32.70510481917129,31.674208,train
2023-07-06 19:00:00+05:00,27.58180781517291,27.83766014670579,27.67322,train
2023-07-06 20:00:00+05:00,24.583035248813417,24.635534062218138,24.590086,train
2023-07-06 21:00:00+05:00,23.11254718252809,23.212946408142127,23.114721,train
2023-07-06 22:00:00+05:00,21.51204101317626,21.465711190869186,21.410841,train
2023-07-06 23:00:00+05:00,20.216973102894144,20.12406797043784,20.177979,train
2023-07-07 00:00:00+05:00,21.193190224319153,20.60499281773469,21.236856,train
2023-07-07 01:00:00+05:00,19.951832771811837,19.90365517938592,19.955225,train
2023-07-07 02:00:00+05:00,17.552858323443786,17.165665901849284,17.54498,train
2023-07-07 03:00:00+05:00,19.951832771811837,19.877016893345395,19.856054,train
2023-07-07 04:00:00+05:00,19.951832771811837,19.868595430083484,19.762377,train
2023-07-07 05:00:00+05:00,17.763772683984826,17.781127114117467,17.805283,train
2023-07-07 06:00:00+05:00,22.70018528750512,22.60684322268394,22.86105,train
2023-07-07 07:00:00+05:00,29.459801429439267,30.117943113343106,29.429245,train
2023-07-07 08:00:00+05:00,40.34655959589276,41.19212087147569,40.387733,train
2023-07-07 09:00:00+05:00,40.46495274247627,42.50942484458972,40.62931,train
2023-07-07 10:00:00+05:00,46.85608658080446,47.89984980222815,46.913757,train
2023-07-07 11:00:00+05:00,55.97495337931133,56.95313455700669,55.70598,train
2023-07-07 12:00:00+05:00,59.599702299429055,59.573606725599674,59.58184,train
2023-07-07 13:00:00+05:00,59.53404816624311,59.45817326087118,59.5552,train
2023-07-07 14:00:00+05:00,57.86925001408309,57.851594683771765,57.720055,train
2023-07-07 15:00:00+05:00,48.649089347948234,49.74031269259053,48.71285,train
2023-07-07 16:00:00+05:00,43.84420319941387,44.346587372409346,43.841396,train
2023-07-07 17:00:00+05:00,42.05151525741849,42.84689804510486,42.077976,train
2023-07-07 18:00:00+05:00,35.31033137217594,35.20702254215003,35.363293,train
2023-07-07 19:00:00+05:00,29.70897930666166,29.088397053390498,29.681202,train
2023-07-07 20:00:00+05:00,25.297513001285495,25.364549098348682,25.211987,train
2023-07-07 21:00:00+05:00,25.24299745388356,25.228102268784653,25.232758,train
2023-07-07 22:00:00+05:00,24.176644785552924,24.174554223367593,24.169437,train
2023-07-07 23:00:00+05:00,19.42031375617762,19.41187935414067,19.364046,train
2023-07-08 00:00:00+05:00,20.376693141554313,20.481071600588084,20.40165,train
2023-07-08 01:00:00+05:00,19.933489386194765,20.07582454688237,19.93911,train
2023-07-08 02:00:00+05:00,16.33536575699401,16.18557530758157,16.308828,train
2023-07-08 03:00:00+05:00,16.203595309107754,16.162444005620326,16.155632,train
2023-07-08 04:00:00+05:00,16.7736652616058,16.80219780527821,16.786459,train
2023-07-08 05:00:00+05:00,14.728239380696493,14.849242281807319,14.758442,train
2023-07-08 06:00:00+05:00,20.334206183759022,20.47496515920667,20.298656,train
2023-07-08 07:00:00+05:00,30.994723050383243,30.70594402238582,31.042988,train
2023-07-08 08:00:00+05:00,44.104366089884195,43.54438367254503,44.077316,train
2023-07-08 09:00:00+05:00,50.093236794057304,49.12499823110765,50.022095,train
2023-07-08 10:00:00+05:00,56.805126215559085,56.79813905309397,56.772938,train
2023-07-08 11:00:00+05:00,70.02399695611814,69.9419699383322,70.02454,train
2023-07-08 12:00:00+05:00,59.56362261876308,59.54319230410017,59.50434,train
2023-07-08 13:00:00+05:00,53.74511355741697,53.67128263059867,53.793804,train
2023-07-08 14:00:00+05:00,71.77194496368668,71.8914151546304,71.845245,train
2023-07-08 15:00:00+05:00,51.6894745205617,51.3176499445599,51.656384,train
2023-07-08 16:00:00+05:00,49.837380961954466,49.54038976808928,49.742443,train
2023-07-08 17:00:00+05:00,52.47869964171832,51.89876623224848,52.55562,train
2023-07-08 18:00:00+05:00,38.424315194500366,38.48451017593646,38.498344,train
2023-07-08 19:00:00+05:00,32.82501246977631,32.787438411653326,32.6062,train
2023-07-08 20:00:00+05:00,27.549736020107673,27.524148361600037,27.564064,train
2023-07-08 21:00:00+05:00,28.4558816916703,28.474244810355472,28.441628,train
2023-07-08 22:00:00+05:00,27.382586307136705,27.38220362503366,27.37481,train
2023-07-08 23:00:00+05:00,21.181003577322087,21.152412806776415,21.124397,train
2023-07-09 00:00:00+05:00,24.583035248813417,24.59506665713044,24.61581,train
2023-07-09 01:00:00+05:00,20.376693141554313,20.418192678337476,20.424189,train
2023-07-09 02:00:00+05:00,17.449169940232366,17.368320085471755,17.45983,train
2023-07-09 03:00:00+05:00,20.376693141554313,20.468503523954762,20.445854,train
2023-07-09 04:00:00+05:00,19.305656461254557,19.34754588483158,19.370962,train
2023-07-09 05:00:00+05:00,15.814224268220869,15.903882749059912,15.863852,train
2023-07-09 06:00:00+05:00,22.486940752645523,22.50280541874957,22.569544,train
2023-07-09 07:00:00+05:00,32.88917057744777,32.96484093715631,32.87653,train
2023-07-09 08:00:00+05:00,46.75103674681685,46.665805509352246,46.729645,train
2023-07-09 09:00:00+05:00,53.057623335118876,54.180329956041234,52.872925,train
2023-07-09 10:00:00+05:00,52.2590537291307,52.16935417815319,52.227215,train
2023-07-09 11:00:00+05:00,64.22545184707207,64.05203460161407,64.17876,train
2023-07-09 12:00:00+05:00,57.70894741029406,57.61017772414421,57.639168,train
2023-07-09 13:00:00+05:00,58.66918676278999,58.59519108333511,58.65107,train
2023-07-09 14:00:00+05:00,73.16881434501533,72.6056517171057,73.16232,train
2023-07-09 15:00:00+05:00,58.209704629473606,58.22509212455142,58.204044,train
2023-07-09 16:00:00+05:00,56.72767626795064,56.98324923280798,56.715282,train
2023-07-09 17:00:00+05:00,53.5790660087211,53.66498525155094,53.46707,train
2023-07-09 18:00:00+05:00,40.88944087149292,40.3921457783184,40.867657,train
2023-07-09 19:00:00+05:00,33.864555400503434,33.946078768766,33.798294,train
2023-07-09 20:00:00+05:00,28.419349360346814,28.412427648798033,28.207748,train
2023-07-09 21:00:00+05:00,27.947012375227132,27.950889360385098,27.994534,train
2023-07-09 22:00:00+05:00,28.4558816916703,28.466793265337838,28.44719,train
2023-07-09 23:00:00+05:00,22.17498315009425,22.176685391431803,22.119635,train
2023-07-10 00:00:00+05:00,24.176644785552924,24.177088078004566,24.206335,train
2023-07-10 01:00:00+05:00,20.376693141554313,20.42857727550044,20.442242,train
2023-07-10 02:00:00+05:00,18.32398562743333,18.27973498360964,18.338963,train
2023-07-10 03:00:00+05:00,17.610297823175983,18.709060731979818,18.271309,train
2023-07-10 04:00:00+05:00,19.305656461254557,19.343781995097938,19.38191,train
2023-07-10 05:00:00+05:00,16.68533067585315,16.69186951990729,16.741543,train
2023-07-10 06:00:00+05:00,23.480775143344715,23.14107206272565,23.52375,train
2023-07-10 07:00:00+05:00,32.81999880774936,32.93673242640182,32.909508,train
2023-07-10 08:00:00+05:00,47.67551089985369,47.29679899732444,47.710854,train
2023-07-10 09:00:00+05:00,58.662253445267424,57.96127531499887,58.671448,train
2023-07-10 10:00:00+05:00,68.56853400868653,65.76822251425004,68.585815,train
2023-07-10 11:00:00+05:00,72.47652172826673,72.57104453255049,72.40309,train
2023-07-10 12:00:00+05:00,55.76043632168199,55.7519848620066,55.750294,train
2023-07-10 13:00:00+05:00,59.65100860864578,59.43593122723334,59.584652,train
2023-07-10 14:00:00+05:00,67.75469905483317,67.66650433348315,67.69645,train
2023-07-10 15:00:00+05:00,56.08330765928201,56.08368271572884,56.122963,train
2023-07-10 16:00:00+05:00,55.36962555686813,55.55758991843184,55.355957,train
2023-07-10 17:00:00+05:00,55.520284009913325,55.47730190413663,55.462284,train
2023-07-10 18:00:00+05:00,46.045524936120614,44.74012017489186,46.039608,train
2023-07-10 19:00:00+05:00,37.06122598104156,37.098076219790954,37.000217,train
2023-07-10 20:00:00+05:00,29.432703442959166,29.535034261041503,29.419487,train
2023-07-10 21:00:00+05:00,27.072484676462636,27.210210894649347,26.97668,train
2023-07-10 22:00:00+05:00,29.03929685219026,29.038920026908908,29.07373,train
2023-07-10 23:00:00+05:00,21.732893036256826,21.767961061454855,21.68842,train
2023-07-11 00:00:00+05:00,24.176644785552924,24.178164671085938,24.211136,train
2023-07-11 01:00:00+05:00,22.47693437067454,22.43154877659581,22.513773,train
2023-07-11 02:00:00+05:00,19.42031375617762,19.388929397512257,19.425444,train
2023-07-11 03:00:00+05:00,19.933489386194765,19.930515514626105,19.980474,train
2023-07-11 04:00:00+05:00,21.426762468579113,21.396353683621946,21.460901,train
2023-07-11 05:00:00+05:00,18.684069177980177,18.671252988285726,18.750408,train
2023-07-11 06:00:00+05:00,25.59922413328161,25.535981828173096,25.675734,train
2023-07-11 07:00:00+05:00,34.01806918650334,34.11836602102899,34.0781,train
2023-07-11 08:00:00+05:00,49.218551355655336,49.111555331484446,49.092953,train
2023-07-11 09:00:00+05:00,52.53704499008546,52.71097875303084,52.51144,train
2023-07-11 10:00:00+05:00,58.37219237473846,58.41672558338801,58.339767,train
2023-07-11 11:00:00+05:00,68.2805611271724,68.19136024800103,68.195206,train
2023-07-11 12:00:00+05:00,65.46149408599854,65.52898103068678,65.43727,train
2023-07-11 13:00:00+05:00,63.686181838196546,63.25123773959051,63.69342,train
2023-07-11 14:00:00+05:00,70.51405726485393,70.72417551879799,70.36589,train
2023-07-11 15:00:00+05:00,66.41608833711058,65.81477392060745,66.36256,train
2023-07-11 16:00:00+05:00,61.814966289778226,60.70621833716975,61.78968,train
2023-07-11 17:00:00+05:00,58.424501309596735,58.11069741920592,58.341423,train
2023-07-11 18:00:00+05:00,47.32922374858754,46.69698050643665,47.446854,train
2023-07-11 19:00:00+05:00,39.290378241756,38.99463797023956,39.363625,train
2023-07-11 20:00:00+05:00,31.92149962237562,32.04154958199733,31.673664,train
2023-07-11 21:00:00+05:00,30.448828644813318,30.664869571302454,30.526056,train
2023-07-11 22:00:00+05:00,27.382586307136705,27.370740079684115,27.397959,train
2023-07-11 23:00:00+05:00,23.948527149923507,23.931206240494163,23.972649,train
2023-07-12 00:00:00+05:00,24.176644785552924,24.176644785552774,24.205406,train
2023-07-12 01:00:00+05:00,24.176644785552924,24.176644785552774,24.20431,train
2023-07-12 02:00:00+05:00,20.299642696789192,20.23963715050598,20.276318,train
2023-07-12 03:00:00+05:00,23.11254718252809,23.13673969264484,23.158253,train
2023-07-12 04:00:00+05:00,24.176644785552924,24.18454152305893,24.229372,train
2023-07-12 05:00:00+05:00,19.85972523100304,19.83450614360136,19.863913,train
2023-07-12 06:00:00+05:00,26.530979911245993,26.4405854901238,26.581799,train
2023-07-12 07:00:00+05:00,35.90193453428532,35.075619974549376,35.61575,train
2023-07-12 08:00:00+05:00,50.66548679641335,50.896083420799776,50.640865,train
2023-07-12 09:00:00+05:00,62.50225139730429,60.849104725285216,62.682682,train
2023-07-12 10:00:00+05:00,64.5845790332645,64.77354524585228,64.56505,train
2023-07-12 11:00:00+05:00,77.08447699277116,76.97718263678043,76.961395,train
2023-07-12 12:00:00+05:00,60.79626739797766,60.102507162164514,60.67354,train
2023-07-12 13:00:00+05:00,60.7623501170803,60.04032220890128,60.654785,train
2023-07-12 14:00:00+05:00,72.08228597993832,71.82237136180608,71.91399,train
2023-07-12 15:00:00+05:00,61.175159002660735,60.37537849577914,60.95893,train
2023-07-12 16:00:00+05:00,58.03187571907267,57.42917026497584,58.1544,train
2023-07-12 17:00:00+05:00,56.773090931534114,57.653018086032475,56.760876,train
2023-07-12 18:00:00+05:00,47.1954246268416,46.770870269447514,47.334625,train
2023-07-12 19:00:00+05:00,39.155449619256785,38.981316577495676,39.168156,train
2023-07-12 20:00:00+05:00,32.71691101702163,32.92281425030145,32.58488,train
2023-07-12 21:00:00+05:00,32.33304366714435,32.495222130700164,32.604176,train
2023-07-12 22:00:00+05:00,29.31997208407006,29.380876263141356,29.253613,train
2023-07-12 23:00:00+05:00,23.7263780253773,23.776719312657825,23.7047,train
2023-07-13 00:00:00+05:00,24.583035248813417,24.596167840810836,24.627712,train
2023-07-13 01:00:00+05:00,24.176644785552924,24.177088078004566,24.20252,train
2023-07-13 02:00:00+05:00,20.409701358320774,20.408382060058305,20.381609,train
2023-07-13 03:00:00+05:00,22.526438751414844,22.55843217974291,22.604029,train
2023-07-13 04:00:00+05:00,20.962406417196803,20.953145988884533,21.018911,train
2023-07-13 05:00:00+05:00,17.558413307484443,17.45690503500812,17.597517,train
2023-07-13 06:00:00+05:00,24.35582040764689,24.416310005501465,24.402355,train
2023-07-13 07:00:00+05:00,33.649292579114444,33.931452125800206,33.641693,train
2023-07-13 08:00:00+05:00,49.943500337451496,50.91426740611707,49.87522,train
2023-07-13 09:00:00+05:00,56.85645391543915,57.809860550833584,56.733833,train
2023-07-13 10:00:00+05:00,60.30633524780268,60.173579731514096,60.329185,train
2023-07-13 11:00:00+05:00,76.82420819867383,76.83433538138544,76.690094,train
2023-07-13 12:00:00+05:00,69.43460572652214,68.22031897066003,69.50096,train
2023-07-13 13:00:00+05:00,73.37620069327937,72.37463140769603,73.32396,train
2023-07-13 14:00:00+05:00,80.28744540713916,78.53899925831114,80.01046,train
2023-07-13 15:00:00+05:00,64.22675956548642,62.76557730727431,64.28177,train
2023-07-13 16:00:00+05:00,60.62850709699916,60.01919080099517,60.487434,train
2023-07-13 17:00:00+05:00,60.75578964759029,59.88466457153488,60.45302,train
2023-07-13 18:00:00+05:00,47.149963654278054,46.73955703439476,47.1308,train
2023-07-13 19:00:00+05:00,38.02574043256834,37.997326055228086,37.97769,train
2023-07-13 20:00:00+05:00,34.10027936719712,33.44965687189855,33.925854,train
2023-07-13 21:00:00+05:00,31.232281930821273,31.192757043270547,31.481155,train
2023-07-13 22:00:00+05:00,28.4558816916703,28.459213608504683,28.463203,train
2023-07-13 23:00:00+05:00,25.061243362227856,25.124915177801977,25.04974,train
2023-07-14 00:00:00+05:00,25.24299745388356,25.229333973270233,25.266407,train
2023-07-14 01:00:00+05:00,26.857492337694566,26.887401330166394,26.898846,train
2023-07-14 02:00:00+05:00,19.901961579612077,20.772637234479696,20.492817,train
2023-07-14 03:00:00+05:00,24.68662218819958,24.687796878115474,24.752487,train
2023-07-14 04:00:00+05:00,26.69699579802085,26.753852315717484,26.772476,train
2023-07-14 05:00:00+05:00,21.953873666486686,21.93105177298333,21.909428,train
2023-07-14 06:00:00+05:00,26.29100767558498,26.243414145789103,26.298498,train
2023-07-14 07:00:00+05:00,32.52846380758939,32.682505745892236,32.428516,train
2023-07-14 08:00:00+05:00,42.6449927482264,43.24960804715178,42.705765,train
2023-07-14 09:00:00+05:00,46.22076251177941,45.99772422061659,46.209003,train
2023-07-14 10:00:00+05:00,52.14140441886508,52.12343999852069,52.1816,train
2023-07-14 11:00:00+05:00,70.01482076060785,69.9823251238739,69.80251,train
2023-07-14 12:00:00+05:00,66.41818179119383,66.08822963012108,66.47533,train
2023-07-14 13:00:00+05:00,69.34042613597296,68.54949957027206,69.40598,train
2023-07-14 14:00:00+05:00,67.78563213538098,67.78946978538283,67.75071,train
2023-07-14 15:00:00+05:00,59.05470477766369,58.96669673051468,58.9551,train
2023-07-14 16:00:00+05:00,55.21745456646619,55.531921204553655,55.110382,train
2023-07-14 17:00:00+05:00,50.23753852883573,50.91741036732928,50.46903,train
2023-07-14 18:00:00+05:00,40.8770600564809,41.624850876581334,40.715454,train
2023-07-14 19:00:00+05:00,35.881479523615496,35.859751123400926,36.055023,train
2023-07-14 20:00:00+05:00,29.959720285589412,29.855079453794374,29.938438,train
2023-07-14 21:00:00+05:00,31.204444547478204,31.056912939763503,31.197098,train
2023-07-14 22:00:00+05:00,29.31862151756536,29.34915212232936,29.332027,train
2023-07-14 23:00:00+05:00,26.024093718429185,25.825129453756393,26.05962,train
2023-07-15 00:00:00+05:00,28.44299671124537,28.357580657710812,28.499763,train
2023-07-15 01:00:00+05:00,27.402360942946643,27.264559127646415,27.446383,train
2023-07-15 02:00:00+05:00,23.3106606095767,23.18671890220062,23.34611,train
2023-07-15 03:00:00+05:00,26.985562619225902,26.99763623118944,26.971645,train
2023-07-15 04:00:00+05:00,24.68662218819958,24.69230784013622,24.749096,train
2023-07-15 05:00:00+05:00,22.98629297811749,23.1206483596555,23.047266,train
2023-07-15 06:00:00+05:00,24.07709562784015,24.203195640567323,24.094803,train
2023-07-15 07:00:00+05:00,33.52815372634427,33.266921152720215,33.505188,train
2023-07-15 08:00:00+05:00,46.23845193403372,45.844814816901014,46.266502,train
2023-07-15 09:00:00+05:00,44.81151885034927,46.06169177619928,44.725677,train
2023-07-15 10:00:00+05:00,52.99685578387147,52.64324094399004,52.955734,train
2023-07-15 11:00:00+05:00,60.69934932188869,60.64979441062956,60.65303,train
2023-07-15 12:00:00+05:00,60.52826629463016,60.55448957939586,60.535507,train
2023-07-15 13:00:00+05:00,60.498604252970495,60.49398092228112,60.476967,train
2023-07-15 14:00:00+05:00,63.62418160949261,63.46594012248403,63.651867,train
2023-07-15 15:00:00+05:00,55.6081378388846,55.71527147307336,55.5205,train
2023-07-15 16:00:00+05:00,50.831517013367716,50.74725952794209,50.83539,train
2023-07-15 17:00:00+05:00,48.504845908350944,49.693417552119826,48.445137,train
2023-07-15 18:00:00+05:00,39.79375973945855,39.89354966485063,39.823154,train
2023-07-15 19:00:00+05:00,34.81969573323079,34.61251295776895,34.89632,train
2023-07-15 20:00:00+05:00,29.84912743230427,29.787911641448712,29.736244,train
2023-07-15 21:00:00+05:00,30.184639836195515,30.292018574555907,30.03273,train
2023-07-15 22:00:00+05:00,29.091317505141774,29.142001746258416,29.087765,train
2023-07-15 23:00:00+05:00,24.176824645512795,24.212775899805933,24.236652,train
2023-07-16 00:00:00+05:00,25.93538483098979,25.976217564471877,25.972435,train
2023-07-16 01:00:00+05:00,24.176644785552924,24.189110169297088,24.191662,train
2023-07-16 02:00:00+05:00,19.530119297600834,19.53094802689194,19.532871,train
2023-07-16 03:00:00+05:00,20.376693141554313,20.463877636892608,20.472607,train
2023-07-16 04:00:00+05:00,18.214524851300553,18.23063621674407,18.25066,train
2023-07-16 05:00:00+05:00,16.85176750950609,16.527132750658037,16.917383,train
2023-07-16 06:00:00+05:00,21.01567303107464,21.523015657919128,21.105766,train
2023-07-16 07:00:00+05:00,27.1811366687308,27.894171794522723,27.183788,train
2023-07-16 08:00:00+05:00,39.81042257454362,40.99167269210704,39.88709,train
2023-07-16 09:00:00+05:00,45.08373244081014,45.67816128365705,45.06164,train
2023-07-16 10:00:00+05:00,51.03096921495495,51.5664560211139,50.874218,train
2023-07-16 11:00:00+05:00,69.31366376302879,69.42939561876818,69.23421,train
2023-07-16 12:00:00+05:00,60.23817063417624,60.29497441783591,60.111313,train
2023-07-16 13:00:00+05:00,61.20635763457733,61.14514042309226,61.108086,train
2023-07-16 14:00:00+05:00,74.17103582743863,74.04989733077379,74.10444,train
2023-07-16 15:00:00+05:00,57.95874437216264,58.141747584723795,57.899338,train
2023-07-16 16:00:00+05:00,57.44086415290121,57.68681987765,57.392605,train
2023-07-16 17:00:00+05:00,54.403120324535735,54.31933282753828,54.382698,train
2023-07-16 18:00:00+05:00,39.79527874688955,39.73977870344722,39.999203,train
2023-07-16 19:00:00+05:00,33.68362952705212,33.74013355770178,33.765812,train
2023-07-16 20:00:00+05:00,28.531808068029875,28.563267998205113,28.378975,train
2023-07-16 21:00:00+05:00,28.4558816916703,28.47423531802367,28.432165,train
2023-07-16 22:00:00+05:00,24.68662218819958,24.692917077513403,24.730827,train
2023-07-16 23:00:00+05:00,23.060714528302924,23.037089459226916,22.953587,train
2023-07-17 00:00:00+05:00,22.526438751414844,22.558510520120592,22.579021,train
2023-07-17 01:00:00+05:00,22.05067509221584,22.09613239785685,22.072487,train
2023-07-17 02:00:00+05:00,19.530119297600834,19.5278768701859,19.510641,train
2023-07-17 03:00:00+05:00,19.933489386194765,19.946554957558597,19.973745,train
2023-07-17 04:00:00+05:00,19.933489386194765,19.989943410683708,19.974333,train
2023-07-17 05:00:00+05:00,17.449169940232366,17.410857801650273,17.482506,train
2023-07-17 06:00:00+05:00,22.871704080175448,22.829553688241724,22.819897,train
2023-07-17 07:00:00+05:00,33.36445669773059,32.97597392000562,33.450325,train
2023-07-17 08:00:00+05:00,47.69415495636656,47.343727910844606,47.692375,train
2023-07-17 09:00:00+05:00,49.105640305559916,50.32136106191728,49.18201,train
2023-07-17 10:00:00+05:00,56.03273126916196,55.911396501792396,55.9045,train
2023-07-17 11:00:00+05:00,73.67200207557534,73.84047665369776,73.61499,train
2023-07-17 12:00:00+05:00,60.4704809046093,60.46222385179394,60.40962,train
2023-07-17 13:00:00+05:00,65.19957793582608,65.3279035601409,65.217575,train
2023-07-17 14:00:00+05:00,76.07555467864177,76.17667124622585,75.93074,train
2023-07-17 15:00:00+05:00,58.95208194811113,59.188828385538955,58.875565,train
2023-07-17 16:00:00+05:00,54.728762706034786,54.775134308362105,54.743626,train
2023-07-17 17:00:00+05:00,56.77180822424225,56.87204339685075,56.68946,train
2023-07-17 18:00:00+05:00,43.73045035576655,43.8292788121993,43.34858,train
2023-07-17 19:00:00+05:00,36.73893418971153,36.84150777832636,36.706417,train
2023-07-17 20:00:00+05:00,31.127795294902455,31.141945500891367,31.073906,train
2023-07-17 21:00:00+05:00,29.31997208407006,29.375725419897815,29.294058,train
2023-07-17 22:00:00+05:00,27.072484676462636,27.18667436860206,27.013725,train
2023-07-17 23:00:00+05:00,22.949884608234697,22.939162919131842,22.89759,train
2023-07-18 00:00:00+05:00,23.52901613848445,23.53529792367881,23.571445,train
2023-07-18 01:00:00+05:00,23.11254718252809,23.11123166985366,23.148394,train
2023-07-18 02:00:00+05:00,20.409701358320774,20.446071004621878,20.394512,train
2023-07-18 03:00:00+05:00,22.47693437067454,22.480605066027042,22.523518,train
2023-07-18 04:00:00+05:00,22.47693437067454,22.475449461629804,22.512182,train
2023-07-18 05:00:00+05:00,22.419227724893688,22.375316350677735,22.494207,train
2023-07-18 06:00:00+05:00,25.243706038139692,25.163111565435287,25.367796,train
2023-07-18 07:00:00+05:00,33.58874852370627,33.70987475636494,33.512005,train
2023-07-18 08:00:00+05:00,48.32577863997108,48.510071935433665,48.26632,train
2023-07-18 09:00:00+05:00,52.13200639662233,52.315139184050736,52.151875,train
2023-07-18 10:00:00+05:00,63.22765252180011,63.913848320471686,63.20601,train
2023-07-18 11:00:00+05:00,75.3652246470142,75.45793744637024,75.272415,train
2023-07-18 12:00:00+05:00,66.20795823187643,66.07159995881264,66.18896,train
2023-07-18 13:00:00+05:00,67.19512296977018,67.12209906756571,67.178116,train
2023-07-18 14:00:00+05:00,78.18743394190108,78.57202002603027,77.91866,train
2023-07-18 15:00:00+05:00,58.925207554103565,59.00602685743772,58.85391,train
2023-07-18 16:00:00+05:00,55.740170486745114,56.46140025828275,55.758247,train
2023-07-18 17:00:00+05:00,52.27979177136956,52.765825203899276,52.25533,train
2023-07-18 18:00:00+05:00,45.02658043244463,45.206639339566586,44.909534,train
2023-07-18 19:00:00+05:00,37.84989705325626,37.854456660949644,37.802452,train
2023-07-18 20:00:00+05:00,32.603175938435584,32.70325410308014,32.545742,train
2023-07-18 21:00:00+05:00,32.773093892501095,32.78673868516417,32.7741,train
2023-07-18 22:00:00+05:00,32.4695910337399,32.42272832204264,32.309578,train
2023-07-18 23:00:00+05:00,29.103246336567395,29.01292318398415,29.136688,train
2023-07-19 00:00:00+05:00,30.36726985611807,30.29189080425242,30.477798,train
2023-07-19 01:00:00+05:00,29.091317505141774,29.13756914971878,29.205742,train
2023-07-19 02:00:00+05:00,25.044723047805974,25.073639425947555,25.065231,train
2023-07-19 03:00:00+05:00,26.31163476322837,26.309894280819922,26.310976,train
2023-07-19 04:00:00+05:00,25.24299745388356,25.249479302800125,25.260786,train
2023-07-19 05:00:00+05:00,19.212805231179175,19.849689849750362,19.793785,train
2023-07-19 06:00:00+05:00,25.94125313354465,25.866087431893042,25.942345,train
2023-07-19 07:00:00+05:00,34.255501167287946,34.06168515024257,34.201496,train
2023-07-19 08:00:00+05:00,41.93405237210635,42.98439570688389,41.839355,train
2023-07-19 09:00:00+05:00,47.98091514397959,47.4693146848386,48.127274,train
2023-07-19 10:00:00+05:00,53.92245248160191,54.38646219208318,53.82296,train
2023-07-19 11:00:00+05:00,73.95692355578683,73.8010213868037,73.87637,train
2023-07-19 12:00:00+05:00,58.55294581780896,58.16226019580202,58.49841,train
2023-07-19 13:00:00+05:00,54.26592939456816,55.821124177329864,54.236244,train
2023-07-19 14:00:00+05:00,64.01075681913028,64.33558785315392,63.95617,train
2023-07-19 15:00:00+05:00,52.47853080828639,53.20317313278783,52.34097,train
2023-07-19 16:00:00+05:00,47.96984414870752,49.06597800735443,47.76973,train
2023-07-19 17:00:00+05:00,44.91574896357116,45.8877968842228,45.21297,train
2023-07-19 18:00:00+05:00,39.01147253337206,39.520357187558645,39.17111,train
2023-07-19 19:00:00+05:00,33.701908695569955,33.72924955316986,33.59808,train
2023-07-19 20:00:00+05:00,29.269478411170326,29.09055953702203,29.25811,train
2023-07-19 21:00:00+05:00,30.66105590028218,30.39843144257374,30.42237,train
2023-07-19 22:00:00+05:00,29.485102178561363,29.38252067299972,29.525856,train
2023-07-19 23:00:00+05:00,23.96012166308344,23.98447065294581,23.953419,train
2023-07-20 00:00:00+05:00,26.36317248612147,26.30304267075547,26.482836,train
2023-07-20 01:00:00+05:00,26.511185935862443,26.30304267075547,26.674953,train
2023-07-20 02:00:00+05:00,24.01602865561307,23.74692346990808,24.01152,train
2023-07-20 03:00:00+05:00,26.182435305181286,26.206031055840267,26.20266,train
2023-07-20 04:00:00+05:00,25.93538483098979,26.016010928241908,25.900993,train
2023-07-20 05:00:00+05:00,21.045114532430887,21.029252564573856,21.08564,train
2023-07-20 06:00:00+05:00,25.144644416924734,25.045482747429492,25.24446,train
2023-07-20 07:00:00+05:00,32.068510038673594,31.948750058387397,32.168045,train
2023-07-20 08:00:00+05:00,41.256596163133395,41.82247281950333,41.203472,train
2023-07-20 09:00:00+05:00,44.8753335665358,44.973845253033836,44.874466,train
2023-07-20 10:00:00+05:00,57.10069367182257,56.550100625903504,57.027958,train
2023-07-20 11:00:00+05:00,58.767218881181634,59.94411880074067,58.85492,train
2023-07-20 12:00:00+05:00,67.16361657855492,67.0972946749698,67.17526,train
2023-07-20 13:00:00+05:00,63.095306357488425,63.10762681896323,63.02201,train
2023-07-20 14:00:00+05:00,67.46026465684213,67.39146857597808,67.368546,train
2023-07-20 15:00:00+05:00,59.87261496730514,59.778782622188835,59.865936,train
2023-07-20 16:00:00+05:00,54.985787077155294,55.38569064326518,54.90836,train
2023-07-20 17:00:00+05:00,47.28670531848718,47.77896468526459,47.099182,train
2023-07-20 18:00:00+05:00,40.67975627248006,40.3464581001152,40.862976,train
2023-07-20 19:00:00+05:00,35.62676582936439,35.60534050543276,35.55503,train
2023-07-20 20:00:00+05:00,29.883971282128016,29.86173735960296,29.839136,train
2023-07-20 21:00:00+05:00,32.017738360474766,32.104834420775866,31.99096,train
2023-07-20 22:00:00+05:00,30.949382324998396,30.976113900150153,31.023678,train
2023-07-20 23:00:00+05:00,24.393218792362575,24.396839097193173,24.25791,train
2023-07-21 00:00:00+05:00,27.756992572378806,27.772692537046222,27.781322,train
2023-07-21 01:00:00+05:00,26.69699579802085,26.769315352320422,26.732012,train
2023-07-21 02:00:00+05:00,22.17498315009425,22.183269026455722,22.068365,train
2023-07-21 03:00:00+05:00,24.68662218819958,24.688690350427944,24.737288,train
2023-07-21 04:00:00+05:00,21.51204101317626,21.484873077364742,21.443203,train
2023-07-21 05:00:00+05:00,18.433477588459823,18.439127175609624,18.42684,train
2023-07-21 06:00:00+05:00,23.659190166428175,23.78067432866939,23.686312,train
2023-07-21 07:00:00+05:00,28.910296292343958,28.267039982323574,28.932667,train
2023-07-21 08:00:00+05:00,44.25175318690674,43.94375307770812,44.367256,train
2023-07-21 09:00:00+05:00,43.37220475061298,43.48096562789498,43.30467,train
2023-07-21 10:00:00+05:00,48.70193658702584,48.74275214420031,48.751595,train
2023-07-21 11:00:00+05:00,69.71813270231564,69.72384084508154,69.55502,train
2023-07-21 12:00:00+05:00,61.07655838791135,61.13790799381163,60.91832,train
2023-07-21 13:00:00+05:00,59.32428082154564,59.25437055556353,59.209263,train
2023-07-21 14:00:00+05:00,66.82197203303616,67.06943667925218,66.71642,train
2023-07-21 15:00:00+05:00,59.83485065076809,59.77239650796397,59.854195,train
2023-07-21 16:00:00+05:00,58.24606483996098,57.73448953065977,58.24754,train
2023-07-21 17:00:00+05:00,50.89020212407286,50.65142041271917,51.065914,train
2023-07-21 18:00:00+05:00,43.49144797358787,43.22958983788948,43.270588,train
2023-07-21 19:00:00+05:00,34.515662887755695,34.37149376843521,34.448524,train
2023-07-21 20:00:00+05:00,29.54546901340524,29.616907658574448,29.568321,train
2023-07-21 21:00:00+05:00,27.947012375227132,27.662144983150817,27.968784,train
2023-07-21 22:00:00+05:00,26.857492337694566,26.87130057322038,26.884333,train
2023-07-21 23:00:00+05:00,23.504359708889353,23.304977030145476,23.282768,train
2023-07-22 00:00:00+05:00,23.52901613848445,23.541858951308512,23.558151,train
2023-07-22 01:00:00+05:00,22.05067509221584,22.069134362077207,22.075296,train
2023-07-22 02:00:00+05:00,19.969657082736774,19.942735521474,19.92718,train
2023-07-22 03:00:00+05:00,21.426762468579113,21.431587865366836,21.451704,train
2023-07-22 04:00:00+05:00,23.52901613848445,23.551271409110925,23.583153,train
2023-07-22 05:00:00+05:00,20.692763834597997,20.64293399617778,20.711088,train
2023-07-22 06:00:00+05:00,23.588023766485207,23.728067723761896,23.56866,train
2023-07-22 07:00:00+05:00,34.00270234355412,33.95423031457712,34.005135,train
2023-07-22 08:00:00+05:00,47.1283932716438,46.825231403182414,47.212772,train
2023-07-22 09:00:00+05:00,53.20481945238316,53.85006430683157,53.204647,train
2023-07-22 10:00:00+05:00,55.81022386528167,55.650543305840216,55.727394,train
2023-07-22 11:00:00+05:00,73.40609583030704,73.45460153615178,73.32519,train
2023-07-22 12:00:00+05:00,61.34117258307879,61.34083329753307,61.24787,train
2023-07-22 13:00:00+05:00,60.30818312892097,60.25170531909389,60.202824,train
2023-07-22 14:00:00+05:00,69.27687650282246,69.7092052997827,69.21021,train
2023-07-22 15:00:00+05:00,58.79798335140265,58.791047710744124,58.696632,train
2023-07-22 16:00:00+05:00,56.97408369730431,56.50615386140483,56.829643,train
2023-07-22 17:00:00+05:00,51.22799988790342,51.32239903444251,51.309044,train
2023-07-22 18:00:00+05:00,43.45679862724262,43.63491901009049,43.571087,train
2023-07-22 19:00:00+05:00,35.59862457905365,35.5487125856566,35.669518,train
2023-07-22 20:00:00+05:00,30.675012678304483,30.586486454746417,30.767303,train
2023-07-22 21:00:00+05:00,28.4558816916703,28.45731848035455,28.478706,train
2023-07-22 22:00:00+05:00,27.072484676462636,27.204953370250326,26.789284,train
2023-07-22 23:00:00+05:00,24.504473836231455,24.41804987974228,24.480179,train
2023-07-23 00:00:00+05:00,24.533058069175297,25.13555160253871,24.73244,train
2023-07-23 01:00:00+05:00,23.605210159731712,23.62329791878484,23.66104,train
2023-07-23 02:00:00+05:00,21.070721801491402,20.99081313701752,21.001965,train
2023-07-23 03:00:00+05:00,23.605210159731712,23.622482601737794,23.674297,train
2023-07-23 04:00:00+05:00,20.409701358320774,20.377123959079036,20.37229,train
2023-07-23 05:00:00+05:00,19.74982500373477,19.73707790259254,19.740429,train
2023-07-23 06:00:00+05:00,24.824109549310833,24.816593003557575,24.928856,train
2023-07-23 07:00:00+05:00,31.199598642558044,31.419256566917017,31.339144,train
2023-07-23 08:00:00+05:00,41.74123308422628,41.96895611407712,41.671585,train
2023-07-23 09:00:00+05:00,44.29580250927853,44.41586827887167,44.247276,train
2023-07-23 10:00:00+05:00,50.6473889616351,51.059654501547605,50.603634,train
2023-07-23 11:00:00+05:00,63.92150826602665,63.93310530070601,63.91973,train
2023-07-23 12:00:00+05:00,62.00510388171023,62.157975424372026,61.846317,train
2023-07-23 13:00:00+05:00,68.00612007472341,67.79548976862469,68.00232,train
2023-07-23 14:00:00+05:00,62.80736160540573,62.8944667385211,62.745083,train
2023-07-23 15:00:00+05:00,60.777519798646836,60.695518591242106,60.74324,train
2023-07-23 16:00:00+05:00,55.88438437166349,56.12373373166305,55.83281,train
2023-07-23 17:00:00+05:00,56.86472779797907,56.469482884790004,56.75058,train
2023-07-23 18:00:00+05:00,41.022545447893094,41.260727915666756,41.1003,train
2023-07-23 19:00:00+05:00,34.4276261466631,34.332655931430715,34.426025,train
2023-07-23 20:00:00+05:00,30.335788347037237,30.330001838065083,30.36875,train
2023-07-23 21:00:00+05:00,29.03929685219026,29.048847426626235,29.120605,train
2023-07-23 22:00:00+05:00,28.4558816916703,28.467506146741975,28.47158,train
2023-07-23 23:00:00+05:00,25.39570160499261,25.383802131812196,25.460457,train
2023-07-24 00:00:00+05:00,25.24299745388356,25.247062775418993,25.263924,train
2023-07-24 01:00:00+05:00,24.176644785552924,24.17683553936238,24.20377,train
2023-07-24 02:00:00+05:00,22.17498315009425,22.18662760444928,22.144403,train
2023-07-24 03:00:00+05:00,24.176644785552924,24.175757570824384,24.228119,train
2023-07-24 04:00:00+05:00,24.176644785552924,24.17898031427881,24.22884,train
2023-07-24 05:00:00+05:00,20.629914053411085,20.58834712525351,20.609522,train
2023-07-24 06:00:00+05:00,25.82468588055991,25.667954555783982,25.928394,train
2023-07-24 07:00:00+05:00,33.917900578087824,33.64735062406166,34.018925,train
2023-07-24 08:00:00+05:00,48.2746516307443,48.81705997805981,48.19897,train
2023-07-24 09:00:00+05:00,47.31976347450592,48.08971448924837,47.157406,train
2023-07-24 10:00:00+05:00,56.73020409750944,56.7931332178771,56.724365,train
2023-07-24 11:00:00+05:00,66.84770065596257,67.00513438019324,66.800766,train
2023-07-24 12:00:00+05:00,61.27500521477657,61.32646791446511,61.17915,train
2023-07-24 13:00:00+05:00,65.98026605877902,66.03280363037757,65.938484,train
2023-07-24 14:00:00+05:00,77.10948889462122,77.08653156249487,76.98024,train
2023-07-24 15:00:00+05:00,58.72218778815994,58.73373455968239,58.735435,train
2023-07-24 16:00:00+05:00,56.8732762617484,56.591781872551095,56.895325,train
2023-07-24 17:00:00+05:00,57.94759593565158,58.267415951888616,57.875404,train
2023-07-24 18:00:00+05:00,47.148970411762264,45.78249864367426,46.95187,train
2023-07-24 19:00:00+05:00,36.52333148269872,36.69883619425245,36.726456,train
2023-07-24 20:00:00+05:00,31.694553189038572,32.06509611085009,31.679518,train
2023-07-24 21:00:00+05:00,30.60962243708974,30.612584999953537,30.68605,train
2023-07-24 22:00:00+05:00,30.448828644813318,30.256972021011965,30.534222,train
2023-07-24 23:00:00+05:00,28.81903735214513,28.835849480582056,28.899725,train
2023-07-25 00:00:00+05:00,27.756992572378806,27.757173945989166,27.814613,train
2023-07-25 01:00:00+05:00,26.31163476322837,26.301776766478095,26.329575,train
2023-07-25 02:00:00+05:00,24.39363602601668,24.2359678550658,24.462343,train
2023-07-25 03:00:00+05:00,27.382586307136705,27.38632396953001,27.41156,train
2023-07-25 04:00:00+05:00,27.756992572378806,27.750097768969088,27.811668,train
2023-07-25 05:00:00+05:00,21.843367260079162,21.80026340542998,21.827568,train
2023-07-25 06:00:00+05:00,25.765132790059567,25.702338945170784,25.874142,train
2023-07-25 07:00:00+05:00,34.895701536542276,34.38878699857367,34.78585,train
2023-07-25 08:00:00+05:00,49.62710211916499,49.5817266070856,49.702003,train
2023-07-25 09:00:00+05:00,61.45381409799796,60.035724257995874,61.469925,train
2023-07-25 10:00:00+05:00,58.71983393987438,58.838439148811034,58.544823,train
2023-07-25 11:00:00+05:00,75.55773721509848,75.54395002863588,75.400375,train
2023-07-25 12:00:00+05:00,66.97159239329835,67.12043727381483,66.974945,train
2023-07-25 13:00:00+05:00,67.97059739170567,67.63828096290577,67.99887,train
2023-07-25 14:00:00+05:00,71.85311869951079,71.63116188785712,71.69895,train
2023-07-25 15:00:00+05:00,68.88093806652711,66.40019076263052,68.72927,train
2023-07-25 16:00:00+05:00,59.956206449601666,59.697206640186145,59.905052,train
2023-07-25 17:00:00+05:00,59.67414796975271,58.92797178455792,59.458,train
2023-07-25 18:00:00+05:00,46.48533249137279,46.131360183807615,46.171158,train
2023-07-25 19:00:00+05:00,39.59208495382194,38.672220973848596,39.56939,train
2023-07-25 20:00:00+05:00,33.40005818411754,33.178437542777594,33.39861,train
2023-07-25 21:00:00+05:00,29.228998498743806,30.17905858007207,29.4748,train
2023-07-25 22:00:00+05:00,30.60962243708974,30.60797457160845,30.660892,train
2023-07-25 23:00:00+05:00,25.730458232036938,25.648182366626383,25.712223,train
2023-07-26 00:00:00+05:00,26.31163476322837,26.28430409913618,26.344849,train
2023-07-26 01:00:00+05:00,25.24299745388356,25.250991935871713,25.272291,train
2023-07-26 02:00:00+05:00,23.060714528302924,23.0361746637672,23.0619,train
2023-07-26 03:00:00+05:00,23.605210159731712,23.629325066732388,23.702457,train
2023-07-26 04:00:00+05:00,24.583035248813417,24.586055267079836,24.638542,train
2023-07-26 05:00:00+05:00,20.299642696789192,20.216865265329275,20.314096,train
2023-07-26 06:00:00+05:00,25.70551499659041,25.616719584264143,25.825459,train
2023-07-26 07:00:00+05:00,33.09375620985401,33.596368195895295,33.119225,train
2023-07-26 08:00:00+05:00,45.759735764459776,46.840630807632806,45.737457,train
2023-07-26 09:00:00+05:00,48.24718400322439,48.60741359573068,48.22167,train
2023-07-26 10:00:00+05:00,51.23355914583698,51.5070380912542,51.248005,train
2023-07-26 11:00:00+05:00,67.24221666132149,67.3196140985125,67.22888,train
2023-07-26 12:00:00+05:00,58.35090427340816,58.183992831577356,58.287148,train
2023-07-26 13:00:00+05:00,62.20766648371733,62.29500575068426,62.079872,train
2023-07-26 14:00:00+05:00,71.59947824244608,71.4878058149406,71.4503,train
2023-07-26 15:00:00+05:00,59.671360347131156,59.79066607751377,59.696503,train
2023-07-26 16:00:00+05:00,63.14610830374147,61.089594224978356,63.17302,train
2023-07-26 17:00:00+05:00,59.2559191919384,58.46042013077499,58.993717,train
2023-07-26 18:00:00+05:00,45.66703998363994,45.23192025557564,45.49217,train
2023-07-26 19:00:00+05:00,37.42037336773018,37.582279685378595,37.507774,train
2023-07-26 20:00:00+05:00,32.944486305066675,32.91584026988438,32.899467,train
2023-07-26 21:00:00+05:00,30.60962243708974,30.602228508352837,30.6624,train
2023-07-26 22:00:00+05:00,28.81903735214513,28.833095143840353,28.8858,train
2023-07-26 23:00:00+05:00,25.730458232036938,25.67752358961005,25.868359,train
2023-07-27 00:00:00+05:00,26.985562619225902,27.047392820224704,27.120832,train
2023-07-27 01:00:00+05:00,24.583035248813417,24.595401949034727,24.62973,train
2023-07-27 02:00:00+05:00,23.96012166308344,24.006726780021896,24.02198,train
2023-07-27 03:00:00+05:00,24.176644785552924,24.18082946629767,24.22752,train
2023-07-27 04:00:00+05:00,25.24299745388356,25.243908434807103,25.28889,train
2023-07-27 05:00:00+05:00,21.51204101317626,21.428132186307895,21.500795,train
2023-07-27 06:00:00+05:00,24.58535763076742,24.607866489390574,24.719067,train
2023-07-27 07:00:00+05:00,34.07476277857745,34.090976920469416,33.94756,train
2023-07-27 08:00:00+05:00,49.11240973478914,48.8083176971844,49.152622,train
2023-07-27 09:00:00+05:00,48.42329264187401,48.17264332689437,48.301384,train
2023-07-27 10:00:00+05:00,52.21883557809423,52.39631539905008,52.129364,train
2023-07-27 11:00:00+05:00,63.3401037793883,63.38532462655841,63.31859,train
2023-07-27 12:00:00+05:00,61.16668172141732,61.27957940515804,61.03778,train
2023-07-27 13:00:00+05:00,65.85707749586186,65.91491267915877,65.7987,train
2023-07-27 14:00:00+05:00,77.5139018819923,77.94712186107235,77.38699,train
2023-07-27 15:00:00+05:00,62.642667521172086,62.24254949304172,62.60073,train
2023-07-27 16:00:00+05:00,57.44969191066059,57.453911879461955,57.44034,train
2023-07-27 17:00:00+05:00,48.21521845504799,49.50523076604127,48.230038,train
2023-07-27 18:00:00+05:00,42.11782513386066,42.955986609345864,41.985172,train
2023-07-27 19:00:00+05:00,35.593866578118025,35.4214795256446,35.669064,train
2023-07-27 20:00:00+05:00,32.59350401772929,32.44830080324953,32.657177,train
2023-07-27 21:00:00+05:00,32.620462535908246,32.51177115512215,32.494114,train
2023-07-27 22:00:00+05:00,32.26383787965949,32.27167359463727,32.32932,train
2023-07-27 23:00:00+05:00,28.623150634844137,28.704152321590062,28.591413,train
2023-07-28 00:00:00+05:00,29.53155053002331,29.566209850340258,29.471346,train
2023-07-28 01:00:00+05:00,29.53155053002331,29.549810193075587,29.474903,train
2023-07-28 02:00:00+05:00,25.832371521791686,25.53857254600692,25.816265,train
2023-07-28 03:00:00+05:00,26.31163476322837,26.31063418348882,26.305561,train
2023-07-28 04:00:00+05:00,26.857492337694566,26.93137207802736,26.90712,train
2023-07-28 05:00:00+05:00,23.743526829331643,23.888122446079276,23.738117,train
2023-07-28 06:00:00+05:00,24.810754216042653,24.191504031533267,24.688568,train
2023-07-28 07:00:00+05:00,33.46404798581483,33.44081304792584,33.658195,train
2023-07-28 08:00:00+05:00,46.83231773150089,46.690548702012904,46.861504,train
2023-07-28 09:00:00+05:00,58.165420791021575,56.880723760528674,58.21691,train
2023-07-28 10:00:00+05:00,61.65910371468897,62.091958345431244,61.509285,train
2023-07-28 11:00:00+05:00,74.58655670706571,74.66878268702231,74.58388,train
2023-07-28 12:00:00+05:00,65.8303012826787,65.90132381809967,65.84865,train
2023-07-28 13:00:00+05:00,63.1519894902309,62.787266821360866,63.06717,train
2023-07-28 14:00:00+05:00,69.97649621837951,70.26421598542993,69.91203,train
2023-07-28 15:00:00+05:00,58.54535005374396,58.54950339768224,58.64126,train
2023-07-28 16:00:00+05:00,54.25838230785831,53.905843248190465,54.08434,train
2023-07-28 17:00:00+05:00,50.199339130298426,50.85217543107822,50.29947,train
2023-07-28 18:00:00+05:00,41.800545160486934,42.14703702332453,41.735893,train
2023-07-28 19:00:00+05:00,36.40923233646885,36.68319158159727,36.273674,train
2023-07-28 20:00:00+05:00,31.127795294902455,31.13548276309503,31.142414,train
2023-07-28 21:00:00+05:00,32.26383787965949,32.2739878139222,32.2589,train
2023-07-28 22:00:00+05:00,30.949382324998396,30.96652348517956,31.033276,train
2023-07-28 23:00:00+05:00,26.512721937322908,26.376583152835583,26.372026,train
2023-07-29 00:00:00+05:00,26.857492337694566,26.88791178395401,26.910612,train
2023-07-29 01:00:00+05:00,23.7263780253773,23.802911458111176,23.634346,train
2023-07-29 02:00:00+05:00,22.28558628874771,22.305746265359,22.24227,train
2023-07-29 03:00:00+05:00,24.68662218819958,24.75395816196097,24.792717,train
2023-07-29 04:00:00+05:00,25.24299745388356,25.253149761376946,25.305157,train
2023-07-29 05:00:00+05:00,21.12793241763302,21.009828410995517,21.25489,train
2023-07-29 06:00:00+05:00,24.156183211032555,24.144511090043277,24.211185,train
2023-07-29 07:00:00+05:00,31.436450459471132,31.6081869952689,31.56867,train
2023-07-29 08:00:00+05:00,42.06441033758841,42.619172990241566,42.01049,train
2023-07-29 09:00:00+05:00,47.40473702025781,47.59605269106917,47.408485,train
2023-07-29 10:00:00+05:00,54.441850591001014,54.66887077411317,54.323143,train
2023-07-29 11:00:00+05:00,64.09278210463981,64.2335407614477,63.997337,train
2023-07-29 12:00:00+05:00,62.756279910568196,62.689847462947704,62.652145,train
2023-07-29 13:00:00+05:00,57.21309856519429,57.42623168149415,57.218136,train
2023-07-29 14:00:00+05:00,68.00999681183265,67.93072603845675,68.00991,train
2023-07-29 15:00:00+05:00,59.44667728193963,59.59578877328159,59.377426,train
2023-07-29 16:00:00+05:00,51.34617585932676,51.20430239296483,51.183823,train
2023-07-29 17:00:00+05:00,51.196538103565786,51.200995090340065,51.293835,train
2023-07-29 18:00:00+05:00,41.193095298322476,41.53299616508495,41.277443,train
2023-07-29 19:00:00+05:00,34.23869643885513,34.27612942041145,34.430405,train
2023-07-29 20:00:00+05:00,29.959720285589412,29.805303159327554,29.921034,train
2023-07-29 21:00:00+05:00,29.53155053002331,29.635846625008096,29.57889,train
2023-07-29 22:00:00+05:00,27.382586307136705,27.300079814293326,27.411106,train
2023-07-29 23:00:00+05:00,25.370635344208267,25.33395479927385,25.42646,train
2023-07-30 00:00:00+05:00,24.176644785552924,24.181405746484995,24.216278,train
2023-07-30 01:00:00+05:00,24.176644785552924,24.182070685162678,24.215107,train
2023-07-30 02:00:00+05:00,24.827584978125174,24.91951787336245,24.888535,train
2023-07-30 03:00:00+05:00,22.526438751414844,22.51979838618828,22.61881,train
2023-07-30 04:00:00+05:00,21.450276815696043,21.686382535319595,21.541843,train
2023-07-30 05:00:00+05:00,22.87822398832037,22.951040859801115,22.963636,train
2023-07-30 06:00:00+05:00,24.08496099163176,24.121070692400508,24.127228,train
2023-07-30 07:00:00+05:00,33.27592807337385,33.67137679048286,33.174423,train
2023-07-30 08:00:00+05:00,42.70144193169523,43.30039831123752,42.51589,train
2023-07-30 09:00:00+05:00,49.39049098978148,50.07979867136245,49.437653,train
2023-07-30 10:00:00+05:00,52.36861284729332,52.344647533228816,52.431023,train
2023-07-30 11:00:00+05:00,65.42337955935494,65.67153916087453,65.41374,train
2023-07-30 12:00:00+05:00,57.19101396857218,57.47573572001346,57.143692,train
2023-07-30 13:00:00+05:00,61.0297204664692,61.293589163226535,60.915855,train
2023-07-30 14:00:00+05:00,75.14700532553945,75.27797836363357,75.08812,train
2023-07-30 15:00:00+05:00,57.41234327728091,57.86369661383562,57.442955,train
2023-07-30 16:00:00+05:00,55.462128503234055,55.23349702269787,55.51732,train
2023-07-30 17:00:00+05:00,55.19291235569847,55.13791663223552,55.173306,train
2023-07-30 18:00:00+05:00,45.34584952938371,44.688851350941704,45.33708,train
2023-07-30 19:00:00+05:00,35.00927035811867,35.12809707792382,34.91612,train
2023-07-30 20:00:00+05:00,29.31997208407006,29.453954588662363,29.37161,train
2023-07-30 21:00:00+05:00,29.03929685219026,29.04239441653063,29.099337,train
2023-07-30 22:00:00+05:00,27.947012375227132,27.99542425289051,27.992792,train
2023-07-30 23:00:00+05:00,23.948527149923507,23.966486944099728,24.018879,train
2023-07-31 00:00:00+05:00,27.382586307136705,27.295902816121664,27.39311,train
2023-07-31 01:00:00+05:00,23.52901613848445,23.53584833002123,23.574514,train
2023-07-31 02:00:00+05:00,21.51204101317626,21.43141002582531,21.479471,train
2023-07-31 03:00:00+05:00,24.176644785552924,24.177043748759385,24.221844,train
2023-07-31 04:00:00+05:00,23.11254718252809,23.160119709303146,23.172174,train
2023-07-31 05:00:00+05:00,19.310539714104834,19.03443920953395,19.340227,train
2023-07-31 06:00:00+05:00,25.08857610545124,24.721233516526677,25.112791,train
2023-07-31 07:00:00+05:00,34.630732276581284,33.93759914656285,34.533287,train
2023-07-31 08:00:00+05:00,46.614490221551534,46.51873129034897,46.735844,train
2023-07-31 09:00:00+05:00,58.90115462027927,58.287187224663555,58.92446,train
2023-07-31 10:00:00+05:00,61.468522595029526,62.02815584409433,61.359447,train
2023-07-31 11:00:00+05:00,73.89241158543496,73.93019979434928,73.899475,train
2023-07-31 12:00:00+05:00,58.17393315335022,58.087805761873554,58.107006,train
2023-07-31 13:00:00+05:00,65.66832860434891,65.54626200658419,65.67047,train
2023-07-31 14:00:00+05:00,76.83353747247611,76.82141540943556,76.767685,train
2023-07-31 15:00:00+05:00,61.379986839084154,61.351881237463154,61.395576,train
2023-07-31 16:00:00+05:00,52.27862327348629,52.10776379275442,52.21208,train
2023-07-31 17:00:00+05:00,52.700402695339505,52.36355240659879,52.565384,train
2023-07-31 18:00:00+05:00,43.17315886453508,43.234551935959615,43.142044,train
2023-07-31 19:00:00+05:00,37.24343959246403,37.37392595961391,37.17329,train
2023-07-31 20:00:00+05:00,31.831490166836943,31.500357352945795,31.769976,train
2023-07-31 21:00:00+05:00,32.773093892501095,32.76065194732104,32.785988,train
2023-07-31 22:00:00+05:00,32.017738360474766,32.147061195666495,32.17521,train
2023-07-31 23:00:00+05:00,27.658983639385838,27.57469340113065,27.675665,train
2023-08-01 00:00:00+05:00,31.204444547478204,31.066048254414113,31.366066,train
2023-08-01 01:00:00+05:00,23.040813419280823,23.07194982030001,22.98231,train
2023-08-01 02:00:00+05:00,22.839087177232216,22.839096963921122,22.75672,train
2023-08-01 03:00:00+05:00,22.05067509221584,22.195727778239768,22.08959,train
2023-08-01 04:00:00+05:00,21.450276815696043,21.510085374009307,21.537148,train
2023-08-01 05:00:00+05:00,18.871757912181238,18.84884466780728,18.89207,train
2023-08-01 06:00:00+05:00,22.25148246164207,21.95808443048958,22.0475,train
2023-08-01 07:00:00+05:00,33.08396264229435,33.260275244726536,33.21669,train
2023-08-01 08:00:00+05:00,46.81545314982833,46.74421888880475,46.803295,train
2023-08-01 09:00:00+05:00,53.520327871528195,54.20711760125584,53.495777,train
2023-08-01 10:00:00+05:00,56.30645901323652,56.602680045257344,56.3032,train
2023-08-01 11:00:00+05:00,73.2366352044333,73.4138924709881,73.29602,train
2023-08-01 12:00:00+05:00,64.62748975460414,64.96915081096958,64.621185,train
2023-08-01 13:00:00+05:00,61.959690448812296,62.106348451321345,61.84605,train
2023-08-01 14:00:00+05:00,65.87120335461447,66.39210180844664,65.918175,train
2023-08-01 15:00:00+05:00,64.31961054467934,64.41545417168395,64.32046,train
2023-08-01 16:00:00+05:00,60.584167725343946,59.28228584208909,60.719563,train
2023-08-01 17:00:00+05:00,51.250157118040136,52.06113022333104,51.23725,train
2023-08-01 18:00:00+05:00,43.094285907582844,43.167800671824295,43.119972,train
2023-08-01 19:00:00+05:00,37.28947170117823,37.328617523094735,37.446167,train
2023-08-01 20:00:00+05:00,31.127795294902455,31.152913438912602,31.107922,train
2023-08-01 21:00:00+05:00,32.773093892501095,32.77316510478375,32.697033,train
2023-08-01 22:00:00+05:00,32.4695910337399,32.465262573630525,32.47602,train
2023-08-01 23:00:00+05:00,28.75300997201316,28.440009282963967,28.640308,train
2023-08-02 00:00:00+05:00,29.53155053002331,29.581512224600598,29.486399,train
2023-08-02 01:00:00+05:00,25.770705914114615,25.792190050136462,25.836885,train
2023-08-02 02:00:00+05:00,24.61576179374356,24.433004839348197,24.484106,train
2023-08-02 03:00:00+05:00,26.31163476322837,26.308831087325107,26.312387,train
2023-08-02 04:00:00+05:00,24.176644785552924,24.178701310912654,24.211414,train
2023-08-02 05:00:00+05:00,20.629914053411085,20.618179058435647,20.623005,train
2023-08-02 06:00:00+05:00,24.23186050211325,24.103677087134084,24.386202,train
2023-08-02 07:00:00+05:00,32.98659689730374,33.229404483732964,33.194363,train
2023-08-02 08:00:00+05:00,46.39374431297614,46.382839677114774,46.49478,train
2023-08-02 09:00:00+05:00,58.71334379267495,57.7983560713253,58.738518,train
2023-08-02 10:00:00+05:00,60.32488605746556,60.954158503474986,60.198357,train
2023-08-02 11:00:00+05:00,65.91777561032035,65.70222246637942,65.94487,train
2023-08-02 12:00:00+05:00,65.58822724322687,65.42952636927528,65.577545,train
2023-08-02 13:00:00+05:00,59.09809285384398,59.318796596885804,59.014893,train
2023-08-02 14:00:00+05:00,69.75512660580137,70.1213927447374,69.65201,train
2023-08-02 15:00:00+05:00,61.248784573861485,60.82570692567008,61.21298,train
2023-08-02 16:00:00+05:00,52.16218114029704,51.94356311245802,52.137806,train
2023-08-02 17:00:00+05:00,52.492043363018865,52.187921260673086,52.361015,train
2023-08-02 18:00:00+05:00,41.946021776061855,42.334366017747364,41.97652,train
2023-08-02 19:00:00+05:00,37.13586209208614,37.350926376103786,37.036423,train
2023-08-02 20:00:00+05:00,31.127795294902455,31.165244498027928,31.092253,train
2023-08-02 21:00:00+05:00,32.773093892501095,32.769454358167394,32.7997,train
2023-08-02 22:00:00+05:00,31.204444547478204,31.119954695537466,31.207909,train
2023-08-02 23:00:00+05:00,27.3313249338525,27.36357473465619,27.359598,train
2023-08-03 00:00:00+05:00,29.485102178561363,29.378580315901072,29.504694,train
2023-08-03 01:00:00+05:00,28.271615692419232,28.314527535271154,28.372429,train
2023-08-03 02:00:00+05:00,24.285216770423574,24.244632638037285,24.346706,train
2023-08-03 03:00:00+05:00,25.639019258010535,25.729578452080602,25.699865,train
2023-08-03 04:00:00+05:00,22.47693437067454,22.481099075772,22.530329,train
2023-08-03 05:00:00+05:00,18.981406270480534,18.934378050180978,19.017267,train
2023-08-03 06:00:00+05:00,22.058052976061106,21.848309337994465,22.227755,train
2023-08-03 07:00:00+05:00,33.19058463083627,32.65377408790582,33.23573,train
2023-08-03 08:00:00+05:00,45.76379104495328,45.69985342043331,45.97254,train
2023-08-03 09:00:00+05:00,52.342364763550165,52.908366505612804,52.197613,train
2023-08-03 10:00:00+05:00,55.172583062565195,55.29263505473163,55.05509,train
2023-08-03 11:00:00+05:00,72.40605489529844,72.69782531738598,72.40187,train
2023-08-03 12:00:00+05:00,59.85188234329706,60.01023918875301,59.762688,train
2023-08-03 13:00:00+05:00,58.03224443110457,58.119125717593576,57.9664,train
2023-08-03 14:00:00+05:00,75.01622618758631,75.65912141529091,74.96858,train
2023-08-03 15:00:00+05:00,54.904841873954865,55.01502305963865,54.868793,train
2023-08-03 16:00:00+05:00,52.83577108312522,52.818702287211444,52.83242,train
2023-08-03 17:00:00+05:00,51.53137592238431,51.857895461507034,51.393845,train
2023-08-03 18:00:00+05:00,43.34498744445193,43.43789193079178,43.236977,train
2023-08-03 19:00:00+05:00,34.75804529761814,35.0597884008066,34.653503,train
2023-08-03 20:00:00+05:00,29.31997208407006,29.371670773496753,29.446749,train
2023-08-03 21:00:00+05:00,32.26383787965949,32.22266855219154,32.20455,train
2023-08-03 22:00:00+05:00,30.36726985611807,30.237155399129133,30.349567,train
2023-08-03 23:00:00+05:00,27.50840497456346,27.289871065615397,27.587572,train
2023-08-04 00:00:00+05:00,29.091317505141774,29.158159666667054,29.18929,train
2023-08-04 01:00:00+05:00,28.03753154729037,28.037797858139978,28.13858,train
2023-08-04 02:00:00+05:00,24.33623006819664,24.216907643784236,24.369507,train
2023-08-04 03:00:00+05:00,25.24299745388356,25.25396976767139,25.274284,train
2023-08-04 04:00:00+05:00,22.526438751414844,22.559035265804624,22.627016,train
2023-08-04 05:00:00+05:00,17.339957504635322,17.241567638094313,17.392788,train
2023-08-04 06:00:00+05:00,20.526719688149683,20.452388730790343,20.535698,train
2023-08-04 07:00:00+05:00,30.676897441929498,31.151955010568837,30.7277,train
2023-08-04 08:00:00+05:00,43.58642671783235,43.97855610913568,43.646435,train
2023-08-04 09:00:00+05:00,47.181677455162,46.75520902427511,47.29386,train
2023-08-04 10:00:00+05:00,51.063826011482206,51.31491795407718,51.014534,train
2023-08-04 11:00:00+05:00,69.81803845521654,69.859769532686,69.88063,train
2023-08-04 12:00:00+05:00,57.77502698373337,58.09788561355056,57.728058,train
2023-08-04 13:00:00+05:00,58.76171145343608,58.8126286944875,58.682472,train
2023-08-04 14:00:00+05:00,73.26771607697486,73.38731580287902,73.35464,train
2023-08-04 15:00:00+05:00,56.089561126855756,56.13194636382326,56.09351,train
2023-08-04 16:00:00+05:00,51.723282472923984,51.729506348045234,51.67797,train
2023-08-04 17:00:00+05:00,50.4622286038454,50.60494212546314,50.38331,train
2023-08-04 18:00:00+05:00,41.310423565887106,42.12172030297315,41.150013,train
2023-08-04 19:00:00+05:00,33.61163714258845,33.984297838335934,33.545067,train
2023-08-04 20:00:00+05:00,28.531808068029875,28.54426682456849,28.474146,train
2023-08-04 21:00:00+05:00,27.382586307136705,27.382316650572637,27.402348,train
2023-08-04 22:00:00+05:00,25.770705914114615,25.790908051912655,25.820309,train
2023-08-04 23:00:00+05:00,22.39622173289331,22.36034757271863,22.303925,train
2023-08-05 00:00:00+05:00,23.605210159731712,23.61279383579574,23.647549,train
2023-08-05 01:00:00+05:00,23.605210159731712,23.61452279416574,23.649265,train
2023-08-05 02:00:00+05:00,20.18961578444845,20.14314547880555,20.157257,train
2023-08-05 03:00:00+05:00,23.11254718252809,23.13952351175229,23.145494,train
2023-08-05 04:00:00+05:00,19.933489386194765,19.948118119742205,19.97523,train
2023-08-05 05:00:00+05:00,17.339957504635322,17.20676480232864,17.36878,train
2023-08-05 06:00:00+05:00,19.393617080319643,19.53487168295991,19.38825,train
2023-08-05 07:00:00+05:00,30.576292603955835,30.77164038214139,30.475868,train
2023-08-05 08:00:00+05:00,43.77914937241928,43.89574279205728,43.649433,train
2023-08-05 09:00:00+05:00,56.40401665315056,55.47387349750142,56.379112,train
2023-08-05 10:00:00+05:00,54.03581935986347,54.44264987992592,53.992893,train
2023-08-05 11:00:00+05:00,63.627251448295056,63.62896859151646,63.692863,train
2023-08-05 12:00:00+05:00,59.75442602962073,59.91087396122091,59.63519,train
2023-08-05 13:00:00+05:00,58.70946613186629,58.785964784127394,58.595657,train
2023-08-05 14:00:00+05:00,73.85678190458464,74.08087929883075,73.83304,train
2023-08-05 15:00:00+05:00,58.9758851308797,58.73263610676962,58.920116,train
2023-08-05 16:00:00+05:00,53.94867024498632,53.61506599007603,53.967487,train
2023-08-05 17:00:00+05:00,48.541786040557895,49.38208320527763,48.566956,train
2023-08-05 18:00:00+05:00,40.62134579493414,41.01592301067558,40.685696,train
2023-08-05 19:00:00+05:00,33.90807917228631,33.994281126735586,33.861923,train
2023-08-05 20:00:00+05:00,29.432703442959166,29.47433814987539,29.467474,train
2023-08-05 21:00:00+05:00,27.947012375227132,27.94159075313839,27.9722,train
2023-08-05 22:00:00+05:00,25.770705914114615,25.78911448021531,25.80858,train
2023-08-05 23:00:00+05:00,23.17157696793987,23.158905651093836,23.0652,train
2023-08-06 00:00:00+05:00,23.605210159731712,23.60914338649384,23.64478,train
2023-08-06 01:00:00+05:00,23.11254718252809,23.11450457689218,23.115606,train
2023-08-06 02:00:00+05:00,21.152733456829935,20.965121443692624,21.166063,train
2023-08-06 03:00:00+05:00,24.583035248813417,24.591905331823728,24.603745,train
2023-08-06 04:00:00+05:00,22.05067509221584,22.241569629273105,22.061169,train
2023-08-06 05:00:00+05:00,18.433477588459823,18.430008996914857,18.420385,train
2023-08-06 06:00:00+05:00,22.94717230195903,22.602486345265877,23.006924,train
2023-08-06 07:00:00+05:00,30.47483249782823,30.411308872291194,30.387047,train
2023-08-06 08:00:00+05:00,42.016994880462676,42.15607194565917,42.008457,train
2023-08-06 09:00:00+05:00,48.029378615896746,47.877907512727276,48.106667,train
2023-08-06 10:00:00+05:00,54.02748873881893,54.22618830665512,54.231964,train
2023-08-06 11:00:00+05:00,66.40111037614116,67.49438461055807,66.53048,train
2023-08-06 12:00:00+05:00,61.32834422671158,61.68850905193645,61.357674,train
2023-08-06 13:00:00+05:00,70.25896280467299,70.12878531455647,70.33167,train
2023-08-06 14:00:00+05:00,67.29130038540694,67.60338135021526,67.383125,train
2023-08-06 15:00:00+05:00,46.5297706494664,47.22845228440036,46.612675,train
2023-08-06 16:00:00+05:00,46.63780342363964,46.83203133361986,46.455215,train
2023-08-06 17:00:00+05:00,45.10248656046872,45.03422098595154,45.066456,train
2023-08-06 18:00:00+05:00,28.272537291576384,29.17818757688502,28.495773,train
2023-08-06 19:00:00+05:00,23.404856699371066,23.271241656490563,23.43618,train
2023-08-06 20:00:00+05:00,20.629914053411085,20.619180612188295,20.572813,train
2023-08-06 21:00:00+05:00,22.526438751414844,22.589121541950103,22.546762,train
2023-08-06 22:00:00+05:00,19.310539714104834,19.22449119075242,19.238054,train
2023-08-06 23:00:00+05:00,18.433477588459823,18.419313383835775,18.393764,train
2023-08-07 00:00:00+05:00,20.378473038828986,20.515878907056717,20.329649,train
2023-08-07 01:00:00+05:00,18.237135457063687,18.405836397995543,18.240707,train
2023-08-07 02:00:00+05:00,17.558413307484443,17.437406300657905,17.56611,train
2023-08-07 03:00:00+05:00,17.171098767927617,17.218687826548884,17.197233,train
2023-08-07 04:00:00+05:00,18.237135457063687,18.412722015600146,18.28285,train
2023-08-07 05:00:00+05:00,15.48804778421811,15.526490833040391,15.504908,train
2023-08-07 06:00:00+05:00,20.056423675161852,19.885085923900935,20.079483,train
2023-08-07 07:00:00+05:00,27.55659764171969,28.050149723071044,27.274517,train
2023-08-07 08:00:00+05:00,42.308200385179646,42.34008924107219,42.235928,train
2023-08-07 09:00:00+05:00,49.97733592290575,49.50846170593306,49.80636,train
2023-08-07 10:00:00+05:00,56.9487402441535,58.120387263813036,56.88366,train
2023-08-07 11:00:00+05:00,68.60699133577577,69.07542659779969,68.73784,train
2023-08-07 12:00:00+05:00,52.7872387000823,52.9018058290985,52.861015,train
2023-08-07 13:00:00+05:00,55.5639507047448,55.46226354478867,55.709267,train
2023-08-07 14:00:00+05:00,58.17985285765997,58.435169363425615,58.103912,train
2023-08-07 15:00:00+05:00,51.783948209764674,51.71675066604541,51.784092,train
2023-08-07 16:00:00+05:00,46.64515535934953,46.651579795955776,46.729805,train
2023-08-07 17:00:00+05:00,46.818799928973874,47.83339712165355,46.82586,train
2023-08-07 18:00:00+05:00,36.71744403209061,36.78841384813849,36.596016,train
2023-08-07 19:00:00+05:00,28.695039494825096,28.741905081448223,28.719826,train
2023-08-07 20:00:00+05:00,27.026758865074214,27.20738614324295,26.870815,train
2023-08-07 21:00:00+05:00,25.977681676724217,25.98469836338659,25.948746,train
2023-08-07 22:00:00+05:00,24.583035248813417,24.607048694229707,24.600662,train
2023-08-07 23:00:00+05:00,20.740068149135197,20.693146639213097,20.717958,train
2023-08-08 00:00:00+05:00,23.52901613848445,23.607942974069154,23.530037,train
2023-08-08 01:00:00+05:00,20.990998990357866,20.97665710358308,20.98214,train
2023-08-08 02:00:00+05:00,19.091086002631187,19.078236739320253,19.076996,train
2023-08-08 03:00:00+05:00,20.990998990357866,20.97611309722659,21.05718,train
2023-08-08 04:00:00+05:00,21.450276815696043,21.62649696410495,21.536741,train
2023-08-08 05:00:00+05:00,17.339957504635322,17.238549846767874,17.348904,train
2023-08-08 06:00:00+05:00,19.195978493005725,19.158891415874717,19.201435,train
2023-08-08 07:00:00+05:00,29.215882112001793,28.994309560727938,29.314625,train
2023-08-08 08:00:00+05:00,35.93729957238634,39.255969368306594,35.995316,train
2023-08-08 09:00:00+05:00,46.733650443137776,47.02458420456108,46.76235,train
2023-08-08 10:00:00+05:00,51.819166605578516,51.23817661056438,51.869476,train
2023-08-08 11:00:00+05:00,62.04710618526855,62.695015786927904,61.96647,train
2023-08-08 12:00:00+05:00,64.13148054644017,63.98715349434979,64.13593,train
2023-08-08 13:00:00+05:00,61.16145229364338,61.64175156757706,61.069885,train
2023-08-08 14:00:00+05:00,64.46961934861304,64.8640886641202,64.476654,train
2023-08-08 15:00:00+05:00,52.73397609280363,52.10932705101678,52.758175,train
2023-08-08 16:00:00+05:00,54.68571615695146,53.9934187940748,54.66209,train
2023-08-08 17:00:00+05:00,50.12248312746266,49.29134057520276,50.21588,train
2023-08-08 18:00:00+05:00,37.155448425507075,37.44368145941024,37.002182,train
2023-08-08 19:00:00+05:00,30.84799824473754,30.783567327053643,30.855291,train
2023-08-08 20:00:00+05:00,27.947012375227132,27.946281359066724,27.99593,train
2023-08-08 21:00:00+05:00,27.947012375227132,27.961239592907027,27.971394,train
2023-08-08 22:00:00+05:00,25.24299745388356,25.24813272990675,25.238514,train
2023-08-08 23:00:00+05:00,22.0644122862451,22.10647313861036,21.994144,train
2023-08-09 00:00:00+05:00,24.176644785552924,24.178010206456126,24.17387,train
2023-08-09 01:00:00+05:00,23.11254718252809,23.11492889417087,23.113384,train
2023-08-09 02:00:00+05:00,20.07962059015398,20.000382354774622,20.042818,train
2023-08-09 03:00:00+05:00,22.05067509221584,22.10734661197297,22.072386,train
2023-08-09 04:00:00+05:00,22.795340913316068,22.69735075190553,22.773376,train
2023-08-09 05:00:00+05:00,18.433477588459823,18.437402155533658,18.444185,train
2023-08-09 06:00:00+05:00,22.338130051597147,21.929868159336483,22.400347,train
2023-08-09 07:00:00+05:00,30.52253919977693,30.346700070567415,30.527325,train
2023-08-09 08:00:00+05:00,43.432187325040445,45.30967447238975,43.414005,train
2023-08-09 09:00:00+05:00,46.661065881217326,46.69879098737895,46.824345,train
2023-08-09 10:00:00+05:00,49.57978559093442,49.635846057832914,49.58894,train
2023-08-09 11:00:00+05:00,58.478104602536405,58.47592955348094,58.317932,train
2023-08-09 12:00:00+05:00,57.512018985022905,57.56925898207372,57.449734,train
2023-08-09 13:00:00+05:00,55.70023174476631,56.04887664289353,55.709663,train
2023-08-09 14:00:00+05:00,72.37903068846964,72.45622188979786,72.30997,train
2023-08-09 15:00:00+05:00,54.71099636482006,54.09443965655471,54.69868,train
2023-08-09 16:00:00+05:00,52.535832049540545,52.63005983964678,52.564266,train
2023-08-09 17:00:00+05:00,48.35258894866183,47.60917172368882,48.33287,train
2023-08-09 18:00:00+05:00,38.116087021282056,38.10212794240258,38.02651,train
2023-08-09 19:00:00+05:00,32.22444266926459,32.1358333038867,32.386703,train
2023-08-09 20:00:00+05:00,28.419349360346814,28.469133272849575,28.352201,train
2023-08-09 21:00:00+05:00,29.03929685219026,29.047300370220164,29.0294,train
2023-08-09 22:00:00+05:00,28.4558816916703,28.475515884358096,28.417028,train
2023-08-09 23:00:00+05:00,22.728322204766187,22.576833976132722,22.527168,train
2023-08-10 00:00:00+05:00,24.176644785552924,24.1753371307235,24.173178,train
2023-08-10 01:00:00+05:00,24.176644785552924,24.17622434545189,24.172085,train
2023-08-10 02:00:00+05:00,19.74982500373477,19.713791766300478,19.692774,train
2023-08-10 03:00:00+05:00,22.05067509221584,22.085556333237466,22.06314,train
2023-08-10 04:00:00+05:00,20.990998990357866,20.983974951438334,21.014208,train
2023-08-10 05:00:00+05:00,18.433477588459823,18.437655487035233,18.423664,train
2023-08-10 06:00:00+05:00,20.622688971361868,20.332683613030504,20.78195,train
2023-08-10 07:00:00+05:00,30.435320193047744,30.221884218400792,30.469675,train
2023-08-10 08:00:00+05:00,44.21266194763649,44.00087578285106,44.33408,train
2023-08-10 09:00:00+05:00,50.74100341347071,51.51643786459152,50.70928,train
2023-08-10 10:00:00+05:00,67.18741251379339,64.00093087467545,67.07767,train
2023-08-10 11:00:00+05:00,71.6184888100887,71.96291906124452,71.462585,train
2023-08-10 12:00:00+05:00,63.0933147616372,62.78825867000687,62.96038,train
2023-08-10 13:00:00+05:00,56.666001511197464,56.69765180409056,56.657104,train
2023-08-10 14:00:00+05:00,66.88763888552637,66.85730362865571,66.85224,train
2023-08-10 15:00:00+05:00,58.56182372840095,57.22410158305177,58.430305,train
2023-08-10 16:00:00+05:00,51.236429336670085,50.97179997447949,51.121643,train
2023-08-10 17:00:00+05:00,44.640684769820666,44.841439624803655,44.603977,train
2023-08-10 18:00:00+05:00,39.05340066196652,38.46102572039562,38.94495,train
2023-08-10 19:00:00+05:00,33.49663983931731,33.11727202678504,33.39045,train
2023-08-10 20:00:00+05:00,30.7175629366659,30.678041709398155,30.682327,train
2023-08-10 21:00:00+05:00,27.947012375227132,27.97010222073301,27.955818,train
2023-08-10 22:00:00+05:00,26.857492337694566,26.879824283593212,26.871017,train
2023-08-10 23:00:00+05:00,25.730458232036938,25.620988956375207,25.548538,train
2023-08-11 00:00:00+05:00,24.68662218819958,24.713682758641973,24.707104,train
2023-08-11 01:00:00+05:00,23.7263780253773,23.77387951431166,23.509712,train
2023-08-11 02:00:00+05:00,20.409701358320774,20.38357571873824,20.345737,train
2023-08-11 03:00:00+05:00,18.754158386016,19.637286220880664,19.156874,train
2023-08-11 04:00:00+05:00,23.605210159731712,23.64254341942787,23.648336,train
2023-08-11 05:00:00+05:00,19.639956369689628,19.58589663158838,19.609245,train
2023-08-11 06:00:00+05:00,21.145685469963723,20.860588571278075,21.190702,train
2023-08-11 07:00:00+05:00,29.955472131541626,29.77211827064547,29.99078,train
2023-08-11 08:00:00+05:00,43.15800871893515,43.04191865281085,42.95236,train
2023-08-11 09:00:00+05:00,49.632678583443294,49.07617608215362,49.842175,train
2023-08-11 10:00:00+05:00,50.701466440120896,51.08124027837292,50.729034,train
2023-08-11 11:00:00+05:00,69.20440897879035,69.41599931567167,69.16877,train
2023-08-11 12:00:00+05:00,53.60134947903293,53.83586906121821,53.66133,train
2023-08-11 13:00:00+05:00,56.332355459313874,56.57533587118375,56.27589,train
2023-08-11 14:00:00+05:00,63.593986469059644,63.749348113055916,63.62404,train
2023-08-11 15:00:00+05:00,55.399015201789155,54.55236779097015,55.408978,train
2023-08-11 16:00:00+05:00,46.33911776146459,46.60469688805803,46.310047,train
2023-08-11 17:00:00+05:00,45.85762066276476,44.19104770691026,45.634018,train
2023-08-11 18:00:00+05:00,35.16042138499705,35.220041753596924,34.953354,train
2023-08-11 19:00:00+05:00,30.465106577777874,30.470334951786874,30.48816,train
2023-08-11 20:00:00+05:00,25.730458232036938,25.707021933311445,25.540623,train
2023-08-11 21:00:00+05:00,27.756992572378806,27.752969798371012,27.742962,train
2023-08-11 22:00:00+05:00,26.69699579802085,26.720276326665672,26.693039,train
2023-08-11 23:00:00+05:00,22.662166152193606,22.65977686645344,22.665794,train
2023-08-12 00:00:00+05:00,25.639019258010535,25.76307382292319,25.631332,train
2023-08-12 01:00:00+05:00,24.176644785552924,24.17693361337475,24.16669,train
2023-08-12 02:00:00+05:00,18.652555191376223,18.633804636013675,18.61548,train
2023-08-12 03:00:00+05:00,21.450276815696043,21.467703076238912,21.49123,train
2023-08-12 04:00:00+05:00,20.990998990357866,20.992048915000368,21.019947,train
2023-08-12 05:00:00+05:00,15.596739258545824,15.55556420313958,15.613691,train
2023-08-12 06:00:00+05:00,19.470435209641323,19.33468297134376,19.59551,train
2023-08-12 07:00:00+05:00,27.11745323808782,26.830861161645103,27.191183,train
2023-08-12 08:00:00+05:00,41.48575106266776,41.69576110411109,41.68861,train
2023-08-12 09:00:00+05:00,45.41377166039939,45.54484769714748,45.3786,train
2023-08-12 10:00:00+05:00,48.60438394356112,48.37034890449033,48.597412,train
2023-08-12 11:00:00+05:00,60.15471347302639,60.79834102986908,60.35024,train
2023-08-12 12:00:00+05:00,54.304209068600585,54.61022514718156,54.26645,train
2023-08-12 13:00:00+05:00,52.48322087724341,53.010659310533114,52.55283,train
2023-08-12 14:00:00+05:00,62.103894334332324,62.770938795761516,62.147247,train
2023-08-12 15:00:00+05:00,47.1425515879057,47.33831189856422,47.14662,train
2023-08-12 16:00:00+05:00,40.71875025758311,42.74380844883952,40.88002,train
2023-08-12 17:00:00+05:00,40.09145501559891,39.69340500465883,40.342144,train
2023-08-12 18:00:00+05:00,30.911029596019375,31.07228283991711,30.925446,train
2023-08-12 19:00:00+05:00,26.215900177498895,26.163202049021194,26.18829,train
2023-08-12 20:00:00+05:00,22.662166152193606,22.76364799669837,22.6632,train
2023-08-12 21:00:00+05:00,21.450276815696043,21.481281587483704,21.427658,train
2023-08-12 22:00:00+05:00,21.450276815696043,21.48070826119454,21.426157,train
2023-08-12 23:00:00+05:00,17.66768763812621,17.411828146245124,17.637894,train
2023-08-13 00:00:00+05:00,17.171098767927617,17.300864992989453,17.15924,train
2023-08-13 01:00:00+05:00,15.046352713764236,15.251339104409277,15.001516,train
2023-08-13 02:00:00+05:00,14.402797346301554,14.708873174913146,14.403824,train
2023-08-13 03:00:00+05:00,15.046352713764236,15.267626801277375,15.015511,train
2023-08-13 04:00:00+05:00,13.632282225869574,13.479737133335465,13.589449,train
2023-08-13 05:00:00+05:00,11.810388397894485,12.772051119802398,11.836729,train
2023-08-13 06:00:00+05:00,13.598502732529482,13.475473387819335,13.532236,train
2023-08-13 07:00:00+05:00,23.448965162412435,24.712808212445175,23.44602,train
2023-08-13 08:00:00+05:00,36.045602339136394,37.65001956725317,35.942028,train
2023-08-13 09:00:00+05:00,43.377830785379444,43.271911779133134,43.34404,train
2023-08-13 10:00:00+05:00,51.48001506878154,51.48514044139072,51.38923,train
2023-08-13 11:00:00+05:00,57.19158571355371,58.61156660464417,57.2314,train
2023-08-13 12:00:00+05:00,60.78740800029095,60.403610992913855,60.81343,train
2023-08-13 13:00:00+05:00,53.17356732465362,53.81724118771747,53.17444,train
2023-08-13 14:00:00+05:00,67.36844705515409,68.18949608941531,67.39089,train
2023-08-13 15:00:00+05:00,47.067599778704846,47.22043454720491,47.101006,train
2023-08-13 16:00:00+05:00,44.75042329635653,47.772708501658485,44.431255,test
2023-08-13 17:00:00+05:00,40.17414900798167,39.78680494644521,40.161476,test
2023-08-13 18:00:00+05:00,32.11795899492074,31.329427122528664,32.031776,test
2023-08-13 19:00:00+05:00,27.439407536283454,27.578054202182084,27.385159,test
2023-08-13 20:00:00+05:00,22.770181723436167,22.774968219187492,22.8117,test
2023-08-13 21:00:00+05:00,23.840299613641946,23.856775226991264,23.746063,test
2023-08-13 22:00:00+05:00,23.25406904381265,22.75053359514102,23.163778,test
2023-08-13 23:00:00+05:00,18.898194623801487,18.6112727734641,18.900791,test
2023-08-14 00:00:00+05:00,19.670495094409034,19.363560724721914,19.635221,test
2023-08-14 01:00:00+05:00,17.171098767927617,17.335447213645235,17.155481,test
2023-08-14 02:00:00+05:00,13.212489554673311,13.37635638105511,13.225439,test
2023-08-14 03:00:00+05:00,11.94928111459825,14.746779372869641,13.051689,test
2023-08-14 04:00:00+05:00,13.987580469516786,13.689952255503883,13.943272,test
2023-08-14 05:00:00+05:00,11.272439008265508,12.821489716958007,11.298906,test
2023-08-14 06:00:00+05:00,13.542933378914597,13.475473387819335,13.4559765,test
2023-08-14 07:00:00+05:00,21.741204965595102,24.391681328107897,21.861412,test
2023-08-14 08:00:00+05:00,31.796106225121207,36.590601444924594,32.57466,test
2023-08-14 09:00:00+05:00,34.87283970001721,40.32666195431559,34.2015,test
2023-08-14 10:00:00+05:00,43.37311666116847,46.687434149927,42.84658,test
2023-08-14 11:00:00+05:00,53.87628182592704,58.57708688180735,53.5465,test
2023-08-14 12:00:00+05:00,58.74584223674333,59.56863853619703,59.055607,test
2023-08-14 13:00:00+05:00,53.72792125049142,56.26026261081519,53.760902,test
2023-08-14 14:00:00+05:00,65.42152646164169,67.78964157731154,65.312805,test
2023-08-14 15:00:00+05:00,51.04058556753927,49.911131923445815,50.894783,test
2023-08-14 16:00:00+05:00,45.806736796065024,45.0542970122837,46.077633,test
2023-08-14 17:00:00+05:00,40.90207825887347,39.05617928861211,41.174522,test
2023-08-14 18:00:00+05:00,30.569629108601305,31.047188332890503,30.257122,test
2023-08-14 19:00:00+05:00,26.364637326099682,26.274282421034698,26.257036,test
2023-08-14 20:00:00+05:00,21.69122206126508,21.667032756937886,21.655252,test
2023-08-14 21:00:00+05:00,23.06038494387508,22.76107669063086,22.800142,test
2023-08-14 22:00:00+05:00,21.752070816417188,21.41796361650698,21.592197,test
2023-08-14 23:00:00+05:00,17.721763282766858,17.303583837188057,17.646208,test
2023-08-15 00:00:00+05:00,14.202130799672773,16.44373125325535,15.095926,test
2023-08-15 01:00:00+05:00,15.046352713764236,15.261863565385765,14.883427,test
2023-08-15 02:00:00+05:00,12.720164318325772,13.412828209383843,12.598452,test
2023-08-15 03:00:00+05:00,11.94928111459825,14.746779372869641,13.068621,test
2023-08-15 04:00:00+05:00,13.090874478077069,13.540886036361329,12.859547,test
2023-08-15 05:00:00+05:00,9.448825907532978,12.882882203251633,9.506018,test
2023-08-15 06:00:00+05:00,14.093695454029785,13.501091466199886,14.035297,test
2023-08-15 07:00:00+05:00,22.18864089058235,24.48140794190748,22.470827,test
2023-08-15 08:00:00+05:00,34.86941560250705,37.450847246456405,35.48523,test
2023-08-15 09:00:00+05:00,38.07035398445532,40.86998455818347,37.780327,test
2023-08-15 10:00:00+05:00,50.31457213106887,49.09981295032663,50.199917,test
2023-08-15 11:00:00+05:00,63.5463056980409,67.84960598043902,63.00827,test
2023-08-15 12:00:00+05:00,54.72212913633825,56.315887952919304,54.81335,test
2023-08-15 13:00:00+05:00,55.634419404254174,56.64398623651091,55.609894,test
2023-08-15 14:00:00+05:00,59.11721871588861,60.37243524231879,59.275654,test
2023-08-15 15:00:00+05:00,51.95132145608295,52.58013436929443,51.778854,test
2023-08-15 16:00:00+05:00,49.6855200298084,51.84355752044985,50.011726,test
2023-08-15 17:00:00+05:00,41.99912802710401,40.32625641295288,42.29135,test
2023-08-15 18:00:00+05:00,32.55798548425639,31.229830750039643,32.50502,test
2023-08-15 19:00:00+05:00,27.614094843745022,27.50099434589833,27.667236,test
2023-08-15 20:00:00+05:00,21.070721801491402,20.962959377339587,20.978783,test
2023-08-15 21:00:00+05:00,18.754158386016,19.716834979664835,19.636486,test
2023-08-15 22:00:00+05:00,22.05067509221584,22.384532257379274,21.95362,test
2023-08-15 23:00:00+05:00,15.705461121666247,15.620896537839753,15.693348,test
2023-08-16 00:00:00+05:00,17.171098767927617,17.284613910145833,17.117859,test
2023-08-16 01:00:00+05:00,14.945045119296594,14.936308321027182,14.927298,test
2023-08-16 02:00:00+05:00,12.672630248690552,13.251101211554333,12.66835,test
2023-08-16 03:00:00+05:00,16.107514996106204,15.934652331540052,16.066805,test
2023-08-16 04:00:00+05:00,14.677409637743779,13.728848080555933,14.600592,test
2023-08-16 05:00:00+05:00,10.413230855987479,12.814286762130312,10.428738,test
2023-08-16 06:00:00+05:00,13.449625255217825,13.60045448427917,13.288334,test
2023-08-16 07:00:00+05:00,22.597700055076075,24.72087070522107,22.793732,test
2023-08-16 08:00:00+05:00,37.081485789112605,37.077810660977356,37.557064,test
2023-08-16 09:00:00+05:00,41.030750367308485,42.19662992074487,41.002888,test
2023-08-16 10:00:00+05:00,48.23239817242529,49.226188835087505,48.241474,test
2023-08-16 11:00:00+05:00,65.16121559208909,67.93132014158779,65.09361,test
2023-08-16 12:00:00+05:00,61.51352413719434,61.766507211835474,61.496468,test
2023-08-16 13:00:00+05:00,57.55454984635668,57.68201199510586,57.370087,test
2023-08-16 14:00:00+05:00,67.37501460633717,69.0314278473527,67.41009,test
2023-08-16 15:00:00+05:00,50.02794523577268,50.32611158604651,49.971416,test
2023-08-16 16:00:00+05:00,45.48300179366311,48.131285128386516,45.14387,test
2023-08-16 17:00:00+05:00,43.31481182445236,41.51804113951846,43.555344,test
2023-08-16 18:00:00+05:00,34.5534066346309,33.895520473405576,34.554615,test
2023-08-16 19:00:00+05:00,27.574375048164143,27.485865900889983,27.590572,test
2023-08-16 20:00:00+05:00,22.617589660280373,22.388723492256116,22.517809,test
2023-08-16 21:00:00+05:00,22.05067509221584,22.403629829782446,22.01995,test
2023-08-16 22:00:00+05:00,21.450276815696043,21.471093893996215,21.457825,test
2023-08-16 23:00:00+05:00,17.230775968936484,17.02140322640918,17.204662,test
2023-08-17 00:00:00+05:00,17.171098767927617,17.23125905624024,17.160988,test
2023-08-17 01:00:00+05:00,16.7736652616058,16.697476248312785,16.744133,test
2023-08-17 02:00:00+05:00,14.402797346301554,14.706361895591787,14.410486,test
2023-08-17 03:00:00+05:00,15.724527588131878,15.84098201073457,15.699675,test
2023-08-17 04:00:00+05:00,16.203595309107754,16.111527771774572,16.128244,test
2023-08-17 05:00:00+05:00,12.56474706075187,13.069111123959182,12.604349,test
2023-08-17 06:00:00+05:00,15.057977577015606,13.864275482484521,15.112017,test
2023-08-17 07:00:00+05:00,25.11557689866322,25.416305127851764,25.218678,test
2023-08-17 08:00:00+05:00,37.78191402024788,35.52283334089228,37.966354,test
2023-08-17 09:00:00+05:00,45.037357978496175,45.77721093318552,45.15919,test
2023-08-17 10:00:00+05:00,53.139952391890006,52.34770970405681,53.086136,test
2023-08-17 11:00:00+05:00,66.60258111442624,68.25599835951513,66.625984,test
2023-08-17 12:00:00+05:00,57.57828977454284,57.78859943904276,57.475357,test
2023-08-17 13:00:00+05:00,59.4884801879366,59.527327809869675,59.39971,test
2023-08-17 14:00:00+05:00,69.09505000149619,70.51717367117143,69.168655,test
2023-08-17 15:00:00+05:00,58.64492543840652,57.406730374484276,58.635635,test
2023-08-17 16:00:00+05:00,47.3535215587861,48.44989791104466,47.20342,test
2023-08-17 17:00:00+05:00,47.77316092289453,42.50862065638397,47.364586,test
2023-08-17 18:00:00+05:00,35.49347791489362,34.92790104533674,35.89735,test
2023-08-17 19:00:00+05:00,28.611788795887776,28.932402125027316,28.692139,test
2023-08-17 20:00:00+05:00,26.28639700816518,26.279975471539622,26.280975,test
2023-08-17 21:00:00+05:00,23.605210159731712,23.635804794617314,23.649311,test
2023-08-17 22:00:00+05:00,23.486582304812202,23.71099605818298,23.475018,test
2023-08-17 23:00:00+05:00,19.54118548440846,19.499275715116077,19.54388,test
2023-08-18 00:00:00+05:00,18.84831075104671,18.82872708904857,18.84762,test
2023-08-18 01:00:00+05:00,18.878116827573024,18.930431032775925,18.8736,test
2023-08-18 02:00:00+05:00,15.596739258545824,15.50821132496703,15.601225,test
2023-08-18 03:00:00+05:00,17.824851905994194,17.83552574668474,17.825857,test
2023-08-18 04:00:00+05:00,17.824851905994194,17.866746232620123,17.82742,test
2023-08-18 05:00:00+05:00,14.077809351960184,14.81917245494845,14.102196,test
2023-08-18 06:00:00+05:00,16.067475793431072,16.142051026974297,16.151278,test
2023-08-18 07:00:00+05:00,25.184614184973384,25.505294829399716,25.234406,test
2023-08-18 08:00:00+05:00,39.7159535926628,36.19150748321747,39.839752,test
2023-08-18 09:00:00+05:00,47.99981312164357,47.439871093283706,48.256775,test
2023-08-18 10:00:00+05:00,52.14501487200596,53.13972651539696,52.07685,test
2023-08-18 11:00:00+05:00,68.62965846176087,69.51000972053345,68.55749,test
2023-08-18 12:00:00+05:00,65.31334041037218,65.64369995996503,65.30716,test
2023-08-18 13:00:00+05:00,65.19452297682739,65.61076177205892,65.182304,test
2023-08-18 14:00:00+05:00,64.0823801924704,65.81490665944317,64.14341,test
2023-08-18 15:00:00+05:00,52.93464404551207,52.631446385367994,52.934155,test
2023-08-18 16:00:00+05:00,53.4144373661091,53.60052167255082,53.704895,test
2023-08-18 17:00:00+05:00,49.60682709812221,43.72215480863826,49.326664,test
2023-08-18 18:00:00+05:00,37.99316478402966,36.695206100225654,37.974472,test
2023-08-18 19:00:00+05:00,29.655484336114228,29.96009271750358,29.686874,test
2023-08-18 20:00:00+05:00,26.512721937322908,26.489070100565975,26.30999,test
2023-08-18 21:00:00+05:00,28.4558816916703,28.482148547533278,28.400509,test
2023-08-18 22:00:00+05:00,24.176644785552924,24.188090596657975,24.187168,test
2023-08-18 23:00:00+05:00,21.02053570444525,20.785162894185117,21.073788,test
2023-08-19 00:00:00+05:00,19.933489386194765,19.902892283456957,19.934307,test
2023-08-19 01:00:00+05:00,18.878116827573024,18.930431032775925,18.873173,test
2023-08-19 02:00:00+05:00,16.467367743913655,16.498152325070155,16.47652,test
2023-08-19 03:00:00+05:00,19.332038775322758,19.21403049046019,19.312752,test
2023-08-19 04:00:00+05:00,18.878116827573024,18.93444175349471,18.899887,test
2023-08-19 05:00:00+05:00,15.705461121666247,15.687213921798854,15.748426,test
2023-08-19 06:00:00+05:00,13.74098820442589,15.342696829967029,15.081596,test
2023-08-19 07:00:00+05:00,25.964441366138942,25.587584841428768,26.199001,test
2023-08-19 08:00:00+05:00,39.49518748622603,36.23641781238157,39.68699,test
2023-08-19 09:00:00+05:00,53.905437356045695,50.178083091085554,53.85941,test
2023-08-19 10:00:00+05:00,52.079275498775246,53.15844553212605,52.11381,test
2023-08-19 11:00:00+05:00,62.167261907486136,63.00314119867758,62.21879,test
2023-08-19 12:00:00+05:00,65.23368412977044,65.59795360270829,65.21911,test
2023-08-19 13:00:00+05:00,61.35407443406342,62.19510578821788,61.320213,test
2023-08-19 14:00:00+05:00,66.18882971342566,65.39657779793225,66.23656,test
2023-08-19 15:00:00+05:00,56.66646870761201,56.145229833702686,56.55785,test
2023-08-19 16:00:00+05:00,50.37645897482838,50.952308377517696,50.482685,test
2023-08-19 17:00:00+05:00,47.30195706616303,43.44496079284163,47.328976,test
2023-08-19 18:00:00+05:00,37.84825552569765,37.370820422504565,37.9046,test
2023-08-19 19:00:00+05:00,33.39690309332968,32.93921829919519,33.03704,test
2023-08-19 20:00:00+05:00,28.315060364122075,27.963520730196613,28.31389,test
2023-08-19 21:00:00+05:00,30.36726985611807,30.33041896299004,30.37439,test
2023-08-19 22:00:00+05:00,28.03753154729037,28.049865329616424,28.07447,test
2023-08-19 23:00:00+05:00,23.094388724090607,23.015202710610822,23.123215,test
2023-08-20 00:00:00+05:00,24.176644785552924,24.188512412215484,24.176746,test
2023-08-20 01:00:00+05:00,20.990998990357866,20.968605896965972,20.995272,test
2023-08-20 02:00:00+05:00,16.467367743913655,16.49315451358062,16.48278,test
2023-08-20 03:00:00+05:00,18.237135457063687,18.446442925488476,18.274038,test
2023-08-20 04:00:00+05:00,19.933489386194765,19.916940732369802,19.959366,test
2023-08-20 05:00:00+05:00,15.162155372617576,15.273667354127225,15.208534,test
2023-08-20 06:00:00+05:00,18.566562855972904,18.997667444513294,18.64743,test
2023-08-20 07:00:00+05:00,26.915753810742217,26.108356156750485,27.296574,test
2023-08-20 08:00:00+05:00,39.68493455995588,36.46557846876867,39.932793,test
2023-08-20 09:00:00+05:00,47.83233898158397,47.545157013205056,47.848957,test
2023-08-20 10:00:00+05:00,56.91977464390641,56.63584438558026,56.90104,test
2023-08-20 11:00:00+05:00,69.11969235168226,70.46681514928595,69.14275,test
2023-08-20 12:00:00+05:00,62.40394011571709,62.57051768172027,62.31938,test
2023-08-20 13:00:00+05:00,58.780714410269184,59.76290702298584,58.60199,test
2023-08-20 14:00:00+05:00,66.08402617895553,65.36882153279711,66.14456,test
2023-08-20 15:00:00+05:00,62.37693791703049,59.957998539394865,62.338875,test
2023-08-20 16:00:00+05:00,47.32917283670008,49.46884556091596,47.12267,test
2023-08-20 17:00:00+05:00,47.67722916253729,45.13647374145735,47.67022,test
2023-08-20 18:00:00+05:00,37.54408627467467,37.30536446575242,37.267307,test
2023-08-20 19:00:00+05:00,33.37919377521888,32.93491644545295,33.01381,test
2023-08-20 20:00:00+05:00,28.315060364122075,28.234394976778635,28.30674,test
2023-08-20 21:00:00+05:00,30.146946478866823,30.29447061418569,30.176735,test
2023-08-20 22:00:00+05:00,28.03753154729037,28.053761704267956,28.083977,test
2023-08-20 23:00:00+05:00,25.479327618500577,25.21809661770612,25.493446,test
2023-08-21 00:00:00+05:00,26.69699579802085,26.861157063563983,26.707663,test
2023-08-21 01:00:00+05:00,24.176644785552924,24.188512412215484,24.179142,test
2023-08-21 02:00:00+05:00,17.77699296386959,17.520030016893823,17.777822,test
2023-08-21 03:00:00+05:00,19.933489386194765,19.933849073509446,19.951527,test
2023-08-21 04:00:00+05:00,20.990998990357866,20.971495289723546,21.023815,test
2023-08-21 05:00:00+05:00,15.162155372617576,15.271997305066273,15.209522,test
2023-08-21 06:00:00+05:00,18.529117312858432,18.96081904762527,18.617098,test
2023-08-21 07:00:00+05:00,26.343720250659146,26.02910464974723,26.731228,test
2023-08-21 08:00:00+05:00,39.4615483603103,36.45430310075753,39.511307,test
2023-08-21 09:00:00+05:00,43.73119706154927,44.42197013983376,43.742252,test
2023-08-21 10:00:00+05:00,54.827725672373674,53.72299113775412,54.683147,test
2023-08-21 11:00:00+05:00,69.11962468802903,70.59281383517578,69.164215,test
2023-08-21 12:00:00+05:00,66.06332216633359,66.088175254931,66.07402,test
2023-08-21 13:00:00+05:00,62.20774602137027,62.56995606092594,62.19317,test
2023-08-21 14:00:00+05:00,65.69877816951248,64.71205850885153,65.73712,test
2023-08-21 15:00:00+05:00,58.52001545847787,57.23247821581352,58.405,test
2023-08-21 16:00:00+05:00,56.12620947425722,54.84193774591234,56.434273,test
2023-08-21 17:00:00+05:00,51.60075394335678,45.531480382433436,51.36635,test
2023-08-21 18:00:00+05:00,38.947811558180035,38.63996008180251,38.881474,test
2023-08-21 19:00:00+05:00,32.303177295066234,32.207493228621274,31.979355,test
2023-08-21 20:00:00+05:00,28.3069246034446,28.458729426701176,28.156208,test
2023-08-21 21:00:00+05:00,26.857492337694566,26.867990477519605,26.8862,test
2023-08-21 22:00:00+05:00,24.176644785552924,24.176644785552774,24.18195,test
2023-08-21 23:00:00+05:00,21.906801947034012,21.849889822346938,21.918766,test
2023-08-22 00:00:00+05:00,22.526438751414844,22.57378321768491,22.555637,test
2023-08-22 01:00:00+05:00,21.450276815696043,21.705524570654,21.474667,test
2023-08-22 02:00:00+05:00,18.7911191350899,18.508465149323893,18.786152,test
2023-08-22 03:00:00+05:00,20.376693141554313,20.424803128130762,20.42404,test
2023-08-22 04:00:00+05:00,19.933489386194765,19.960844735273987,19.958103,test
2023-08-22 05:00:00+05:00,17.012505470092947,16.87534044247896,17.030611,test
2023-08-22 06:00:00+05:00,16.367148033907995,16.73072548110286,16.335262,test
2023-08-22 07:00:00+05:00,26.712933596281175,25.93981132021309,26.639866,test
2023-08-22 08:00:00+05:00,40.37226772856354,37.291630388450336,40.41687,test
2023-08-22 09:00:00+05:00,46.64126629599377,46.83428872927773,46.712555,test
2023-08-22 10:00:00+05:00,54.74562813393834,53.566704591965376,54.611027,test
2023-08-22 11:00:00+05:00,68.05168816724819,66.77892683059792,68.04208,test
2023-08-22 12:00:00+05:00,63.987889932234566,64.0458490177007,64.02229,test
2023-08-22 13:00:00+05:00,61.114156742045225,62.097590882933076,60.985306,test
2023-08-22 14:00:00+05:00,70.9993513668565,66.89075153670765,71.034805,test
2023-08-22 15:00:00+05:00,53.60351683071241,53.17563677820006,53.641506,test
2023-08-22 16:00:00+05:00,50.06573532681335,50.44825728959704,50.073055,test
2023-08-22 17:00:00+05:00,47.03287006587419,41.99163411008205,46.871704,test
2023-08-22 18:00:00+05:00,36.70094681350673,36.41958577732629,36.621117,test
2023-08-22 19:00:00+05:00,30.980727577440916,30.929267194812304,30.981392,test
2023-08-22 20:00:00+05:00,27.969853745980174,27.955168287266492,27.860157,test
2023-08-22 21:00:00+05:00,27.072484676462636,27.554819770408752,26.791004,test
2023-08-22 22:00:00+05:00,25.770705914114615,25.78250590200019,25.794815,test
2023-08-22 23:00:00+05:00,21.622450964228335,21.354242532658613,21.470766,test
2023-08-23 00:00:00+05:00,22.526438751414844,22.575166108653544,22.55403,test
2023-08-23 01:00:00+05:00,19.933489386194765,20.075443958231837,19.94551,test
2023-08-23 02:00:00+05:00,18.10509522848696,17.908190231479015,18.08782,test
2023-08-23 03:00:00+05:00,19.933489386194765,19.951152964729076,19.95601,test
2023-08-23 04:00:00+05:00,19.933489386194765,19.955426193857512,19.967812,test
2023-08-23 05:00:00+05:00,17.230775968936484,17.21429306723213,17.256083,test
2023-08-23 06:00:00+05:00,19.063839189450505,19.372819706350594,19.175957,test
2023-08-23 07:00:00+05:00,26.90308640462797,27.254364052673075,26.683044,test
2023-08-23 08:00:00+05:00,40.870973636264125,37.70631968579979,41.213562,test
2023-08-23 09:00:00+05:00,46.65858069126665,49.97085946914125,46.848717,test
2023-08-23 10:00:00+05:00,64.92530386867975,60.98292924691993,65.05023,test
2023-08-23 11:00:00+05:00,70.67062481016455,69.28928887436645,70.614235,test
2023-08-23 12:00:00+05:00,62.18258292043208,62.53879489371732,62.083855,test
2023-08-23 13:00:00+05:00,62.04160135985393,62.47231400724081,61.98483,test
2023-08-23 14:00:00+05:00,71.84587857822828,67.8798368767127,71.958954,test
2023-08-23 15:00:00+05:00,53.507800152184814,52.8589536729864,53.576656,test
2023-08-23 16:00:00+05:00,50.9580911349704,52.02530170669351,51.231987,test
2023-08-23 17:00:00+05:00,48.832056918850185,42.00234979114904,48.795616,test
2023-08-23 18:00:00+05:00,36.58406669716686,35.76808278948521,36.39285,test
2023-08-23 19:00:00+05:00,31.714227219555767,31.869574630441537,31.587936,test
2023-08-23 20:00:00+05:00,27.969853745980174,27.956710229447285,27.9654,test
2023-08-23 21:00:00+05:00,26.857492337694566,26.930618562192123,26.900887,test
2023-08-23 22:00:00+05:00,26.31163476322837,26.298435182496743,26.314804,test
2023-08-23 23:00:00+05:00,24.253738511794324,24.090675777687313,24.311382,test
2023-08-24 00:00:00+05:00,21.450276815696043,21.63863610464202,21.493858,test
2023-08-24 01:00:00+05:00,22.05067509221584,22.07807312004583,22.059761,test
2023-08-24 02:00:00+05:00,18.543000765931424,18.415752995900103,18.527908,test
2023-08-24 03:00:00+05:00,19.933489386194765,20.053580772861004,19.9636,test
2023-08-24 04:00:00+05:00,18.878116827573024,19.13347779431958,18.913675,test
2023-08-24 05:00:00+05:00,17.012505470092947,16.95635367600599,17.039236,test
2023-08-24 06:00:00+05:00,19.038770061992864,19.24964089647307,19.147564,test
2023-08-24 07:00:00+05:00,27.563953030709342,27.280357619624485,27.584475,test
2023-08-24 08:00:00+05:00,41.266244626258185,37.74709346689626,41.32648,test
2023-08-24 09:00:00+05:00,54.37883752065528,53.31650077838264,54.704105,test
2023-08-24 10:00:00+05:00,57.600718334379394,56.92933720687727,57.627316,test
2023-08-24 11:00:00+05:00,69.49483597974336,65.98557798241121,69.49411,test
2023-08-24 12:00:00+05:00,61.09323544173856,62.05697044846147,60.987564,test
2023-08-24 13:00:00+05:00,66.6229275935658,66.42904699949092,66.62883,test
2023-08-24 14:00:00+05:00,71.70671742965902,67.91793659694167,71.843796,test
2023-08-24 15:00:00+05:00,51.327567370051554,49.58603947716807,51.407536,test
2023-08-24 16:00:00+05:00,48.300515256599624,49.11289013357166,48.131653,test
2023-08-24 17:00:00+05:00,48.94409753407945,41.77894586260568,48.854534,test
2023-08-24 18:00:00+05:00,38.12747885284722,36.53624793464494,38.241753,test
2023-08-24 19:00:00+05:00,31.156178487012653,31.30741818369012,31.149754,test
2023-08-24 20:00:00+05:00,25.730458232036938,25.70392447264367,25.640764,test
2023-08-24 21:00:00+05:00,25.953795484104774,25.67866624614524,25.808567,test
2023-08-24 22:00:00+05:00,24.68662218819958,24.73541084192358,24.754395,test
2023-08-24 23:00:00+05:00,20.409701358320774,20.42383997342752,20.376562,test
2023-08-25 00:00:00+05:00,22.05067509221584,22.100506799766528,22.071524,test
2023-08-25 01:00:00+05:00,20.990998990357866,20.971130927592007,21.013498,test
2023-08-25 02:00:00+05:00,17.77699296386959,17.7545158530952,17.794775,test
2023-08-25 03:00:00+05:00,20.990998990357866,20.967579818540376,21.026985,test
2023-08-25 04:00:00+05:00,20.378473038828986,20.34078258566888,20.402784,test
2023-08-25 05:00:00+05:00,16.249527392118978,16.57590747075277,16.311436,test
2023-08-25 06:00:00+05:00,20.070795668418555,20.065957863513855,20.187786,test
2023-08-25 07:00:00+05:00,28.165353314865797,27.28129804549285,27.834206,test
2023-08-25 08:00:00+05:00,40.10461150915171,37.39421082892868,40.15096,test
2023-08-25 09:00:00+05:00,47.39110462941153,47.74185883043025,47.0309,test
2023-08-25 10:00:00+05:00,50.64162515108512,50.05834458932088,50.714436,test
2023-08-25 11:00:00+05:00,67.64127597273375,63.151935031129,67.63738,test
2023-08-25 12:00:00+05:00,60.00373487854739,61.13725228628621,59.949814,test
2023-08-25 13:00:00+05:00,53.71515521877535,55.67480076604654,53.741783,test
2023-08-25 14:00:00+05:00,59.72772003302782,59.73996599079671,59.674923,test
2023-08-25 15:00:00+05:00,51.238916761499695,49.63457490007251,51.322266,test
2023-08-25 16:00:00+05:00,44.83099944913732,46.609953257672494,45.143665,test
2023-08-25 17:00:00+05:00,42.0437396645911,40.26785250191499,42.263515,test
2023-08-25 18:00:00+05:00,34.99205052603469,34.623031614582096,35.212788,test
2023-08-25 19:00:00+05:00,30.956701534647834,30.92769885857121,30.725502,test
2023-08-25 20:00:00+05:00,27.222161405138877,27.332998165634404,27.262623,test
2023-08-25 21:00:00+05:00,28.81903735214513,28.833433951674408,28.854195,test
2023-08-25 22:00:00+05:00,27.756992572378806,27.783848438015326,27.788116,test
2023-08-25 23:00:00+05:00,21.622450964228335,21.454043085456135,21.565922,test
2023-08-26 00:00:00+05:00,23.11254718252809,23.113863414819154,23.118816,test
2023-08-26 01:00:00+05:00,22.05067509221584,22.20833094810811,22.062012,test
2023-08-26 02:00:00+05:00,19.4339561443727,19.49211158034808,19.469933,test
2023-08-26 03:00:00+05:00,20.376693141554313,20.433399416575444,20.45507,test
2023-08-26 04:00:00+05:00,18.287432463000528,18.049028492910104,18.281721,test
2023-08-26 05:00:00+05:00,16.903416443322556,16.76522488588009,16.949146,test
2023-08-26 06:00:00+05:00,17.312310959983904,17.42605486082753,17.39774,test
2023-08-26 07:00:00+05:00,25.247408249444902,25.27420512143841,25.28206,test
2023-08-26 08:00:00+05:00,38.9437995741676,35.8668762125804,38.502117,test
2023-08-26 09:00:00+05:00,45.26223254894245,46.18002159159855,45.264587,test
2023-08-26 10:00:00+05:00,50.56609044871158,49.97710340659559,50.703003,test
2023-08-26 11:00:00+05:00,67.24146722315777,62.71042289850267,67.21959,test
2023-08-26 12:00:00+05:00,58.91402840472534,59.393407126535955,58.781326,test
2023-08-26 13:00:00+05:00,56.29794657107993,57.3616338025057,56.34265,test
2023-08-26 14:00:00+05:00,61.87656948488302,62.3919887736998,61.951096,test
2023-08-26 15:00:00+05:00,51.14821614949608,50.916803315297784,51.187595,test
2023-08-26 16:00:00+05:00,47.5347107015923,48.33966833329336,47.406372,test
2023-08-26 17:00:00+05:00,43.7890152564745,40.489360302750626,44.20925,test
2023-08-26 18:00:00+05:00,34.101144691197135,33.51331758826168,34.140568,test
2023-08-26 19:00:00+05:00,29.53591284075725,29.712649587896575,29.511917,test
2023-08-26 20:00:00+05:00,24.61576179374356,24.419298662981397,24.488222,test
2023-08-26 21:00:00+05:00,27.382586307136705,27.406758680391043,27.343336,test
2023-08-26 22:00:00+05:00,25.93538483098979,26.040751826422145,26.0993,test
2023-08-26 23:00:00+05:00,21.906801947034012,21.74914042144972,22.013952,test
2023-08-27 00:00:00+05:00,24.583035248813417,24.76954567830822,24.5784,test
2023-08-27 01:00:00+05:00,23.840299613641946,23.869003081338928,24.258274,test
2023-08-27 02:00:00+05:00,21.463464926961592,20.955270556926564,21.574594,test
2023-08-27 03:00:00+05:00,22.02273228462701,21.41186635609345,22.129257,test
2023-08-27 04:00:00+05:00,20.986555972812766,20.48807719910519,20.970743,test
2023-08-27 05:00:00+05:00,15.165537235467752,15.528241640205913,15.094761,test
2023-08-27 06:00:00+05:00,16.920424446323636,16.381216467883927,16.589863,test
2023-08-27 07:00:00+05:00,19.35360205147299,23.235115073743916,20.05884,test
2023-08-27 08:00:00+05:00,25.45420691468047,31.558229473775523,26.276651,test
2023-08-27 09:00:00+05:00,32.00368166958236,39.37510548430407,33.359997,test
2023-08-27 10:00:00+05:00,42.41837356025695,48.8734618149219,42.029472,test
2023-08-27 11:00:00+05:00,42.39389678317315,49.60878312912913,42.601364,test
2023-08-27 12:00:00+05:00,48.882924001641584,59.20984325530329,48.322323,test
2023-08-27 13:00:00+05:00,43.16204150853355,52.25078141216987,44.042103,test
2023-08-27 14:00:00+05:00,44.98778740581264,49.403669483997504,44.83691,test
2023-08-27 15:00:00+05:00,36.04560138310728,40.93795849118443,35.52053,test
2023-08-27 16:00:00+05:00,33.34762364365952,40.25175137245769,32.790764,test
2023-08-27 17:00:00+05:00,29.15059325036202,30.386413199475566,29.69559,test
2023-08-27 18:00:00+05:00,23.472011893123863,24.61365128952709,24.189003,test
2023-08-27 19:00:00+05:00,19.333672779997528,19.748182733820634,19.188162,test
2023-08-27 20:00:00+05:00,19.305656461254557,19.36905260952805,19.305511,test
2023-08-27 21:00:00+05:00,15.046352713764236,15.442383389335449,14.960297,test
2023-08-27 22:00:00+05:00,16.560165728432708,16.159788420436833,16.492468,test
2023-08-27 23:00:00+05:00,13.363426151186445,13.35310845737356,13.212721,test
2023-08-28 00:00:00+05:00,13.987580469516786,13.736375896449317,13.860811,test
2023-08-28 01:00:00+05:00,10.8285568251693,13.352782450670691,11.692478,test
2023-08-28 02:00:00+05:00,12.93323610778424,13.352782450670691,12.843218,test
2023-08-28 03:00:00+05:00,13.987580469516786,13.736375896449317,13.875271,test
2023-08-28 04:00:00+05:00,14.677409637743779,13.771529380479091,14.579691,test
2023-08-28 05:00:00+05:00,12.56474706075187,13.150576536736775,12.528145,test
2023-08-28 06:00:00+05:00,12.90929116573534,13.385495871643242,13.0264015,test
2023-08-28 07:00:00+05:00,19.49546186122882,23.226804948834495,20.365019,test
2023-08-28 08:00:00+05:00,27.52680656607714,31.975325592273972,27.993626,test
2023-08-28 09:00:00+05:00,33.95379206244672,40.40595039169014,33.211193,test
2023-08-28 10:00:00+05:00,39.52724975234986,44.28234124915102,38.90918,test
2023-08-28 11:00:00+05:00,51.24684034269893,53.645603876859035,50.875893,test
2023-08-28 12:00:00+05:00,53.601857314868084,59.24836905650592,53.021576,test
2023-08-28 13:00:00+05:00,49.57147934696525,56.07517921779043,49.510662,test
2023-08-28 14:00:00+05:00,52.51593002346323,53.86806902063585,52.4739,test
2023-08-28 15:00:00+05:00,48.15374900272451,45.446519786862694,47.87147,test
2023-08-28 16:00:00+05:00,41.639414961742034,43.28043282429576,41.688858,test
2023-08-28 17:00:00+05:00,33.239488329591495,33.13521635447364,33.121834,test
2023-08-28 18:00:00+05:00,24.454876442510056,24.618425248909258,24.299816,test
2023-08-28 19:00:00+05:00,18.237824483531995,18.60050507930534,18.229763,test
2023-08-28 20:00:00+05:00,15.270755873412327,15.4634455618172,15.214945,test
2023-08-28 21:00:00+05:00,18.878116827573024,19.034792289622217,18.792389,test
2023-08-28 22:00:00+05:00,15.724527588131878,15.965295149597717,15.653194,test
2023-08-28 23:00:00+05:00,11.272439008265508,12.992374114147335,11.261358,test
2023-08-29 00:00:00+05:00,15.164310525764222,13.895732446699288,15.029343,test
2023-08-29 01:00:00+05:00,13.632282225869574,13.495348564305814,13.548534,test
2023-08-29 02:00:00+05:00,11.146815500062417,13.399321749431543,11.0242,test
2023-08-29 03:00:00+05:00,14.677409637743779,13.769948211100145,14.624002,test
2023-08-29 04:00:00+05:00,16.203595309107754,16.24893316670844,16.123331,test
2023-08-29 05:00:00+05:00,12.939857362367547,13.447849832485748,12.934481,test
2023-08-29 06:00:00+05:00,11.808040674149424,12.981204050394224,11.985737,test
2023-08-29 07:00:00+05:00,19.694952294011102,23.20303370940031,19.69152,test
2023-08-29 08:00:00+05:00,33.31842598608608,34.52638175785443,31.942669,test
2023-08-29 09:00:00+05:00,45.7761693604582,43.577454859157754,44.96177,test
2023-08-29 10:00:00+05:00,49.12664241049987,49.43555252507289,48.91076,test
2023-08-29 11:00:00+05:00,62.951778756657234,57.991214745899654,62.671593,test
2023-08-29 12:00:00+05:00,60.345300471162545,61.432083679514506,60.441017,test
2023-08-29 13:00:00+05:00,55.44287762738389,57.101997404835046,55.361206,test
2023-08-29 14:00:00+05:00,65.96251632931262,63.22724602263648,65.880196,test
2023-08-29 15:00:00+05:00,51.425671221690266,52.29076626785767,51.56362,test
2023-08-29 16:00:00+05:00,45.99241901595309,49.19256515740543,46.254078,test
2023-08-29 17:00:00+05:00,42.70687227126791,38.30368313585322,43.088573,test
2023-08-29 18:00:00+05:00,31.717528676806353,30.338000209394206,32.006294,test
2023-08-29 19:00:00+05:00,24.83843657015376,25.493230962032342,24.721596,test
2023-08-29 20:00:00+05:00,19.74982500373477,19.742165616347467,19.756304,test
2023-08-29 21:00:00+05:00,20.376693141554313,20.48469371564647,20.453547,test
2023-08-29 22:00:00+05:00,18.632139088399185,18.085737882722587,18.631054,test
2023-08-29 23:00:00+05:00,15.596739258545824,15.57407418481369,15.62812,test
2023-08-30 00:00:00+05:00,18.632139088399185,18.101782005310515,18.656286,test
2023-08-30 01:00:00+05:00,18.287432463000528,18.087237710107967,18.231514,test
2023-08-30 02:00:00+05:00,14.294438023742487,14.920512546230947,14.496271,test
2023-08-30 03:00:00+05:00,15.046352713764236,15.477175721884626,15.154211,test
2023-08-30 04:00:00+05:00,13.987580469516786,13.72676020557848,14.037954,test
2023-08-30 05:00:00+05:00,12.996457028535815,13.406698768006777,13.093317,test
2023-08-30 06:00:00+05:00,17.289874362555395,17.147503881491758,17.028734,test
2023-08-30 07:00:00+05:00,23.774865506140713,24.619217878423285,23.86169,test
2023-08-30 08:00:00+05:00,34.30756980231854,32.86235947181675,33.414883,test
2023-08-30 09:00:00+05:00,38.94853908329986,42.13224745215676,39.341175,test
2023-08-30 10:00:00+05:00,47.04631310351516,48.858447722276395,47.4234,test
2023-08-30 11:00:00+05:00,59.02670717731377,56.259971735184905,57.884552,test
2023-08-30 12:00:00+05:00,56.309901599719126,59.107162999119815,56.507805,test
2023-08-30 13:00:00+05:00,44.88847331773866,52.22884001677175,44.954594,test
2023-08-30 14:00:00+05:00,45.52788173650043,49.2882478748819,45.463516,test
2023-08-30 15:00:00+05:00,36.47852773561118,40.258447041743665,36.454758,test
2023-08-30 16:00:00+05:00,34.27015264635469,39.35935817737607,33.952583,test
2023-08-30 17:00:00+05:00,33.68399368823225,31.771761584648466,33.543335,test
2023-08-30 18:00:00+05:00,25.16012554763438,24.822379445107092,25.53495,test
2023-08-30 19:00:00+05:00,21.450276815696043,21.789437089170935,21.372244,test
2023-08-30 20:00:00+05:00,21.426762468579113,21.39230840933629,21.605366,test
2023-08-30 21:00:00+05:00,21.1881653874799,20.492274224002184,21.505678,test
2023-08-30 22:00:00+05:00,19.332038775322758,19.643184715398775,19.505056,test
2023-08-30 23:00:00+05:00,14.402797346301554,14.795347759681711,14.323149,test
2023-08-31 00:00:00+05:00,16.203595309107754,16.16172701068121,16.117254,test
2023-08-31 01:00:00+05:00,14.677409637743779,13.734604354385185,14.549448,test
2023-08-31 02:00:00+05:00,12.133508797879244,12.893659268295016,11.952646,test
2023-08-31 03:00:00+05:00,14.677409637743779,13.734604354385185,14.573626,test
2023-08-31 04:00:00+05:00,12.78054295087378,13.319299810994837,12.906822,test
2023-08-31 05:00:00+05:00,11.918065901758496,12.880292679322864,12.30615,test
2023-08-31 06:00:00+05:00,15.76637124639251,16.140091841424297,15.955271,test
2023-08-31 07:00:00+05:00,20.523879245382716,23.39321768768032,21.65352,test
2023-08-31 08:00:00+05:00,27.097801005259328,30.676221378798047,28.363201,test
2023-08-31 09:00:00+05:00,38.71633212599926,41.34703668196732,38.9014,test
2023-08-31 10:00:00+05:00,45.95837264747661,48.51738959949529,45.31383,test
2023-08-31 11:00:00+05:00,46.74246969651051,49.0443258817096,47.024525,test
2023-08-31 12:00:00+05:00,54.24867552984648,59.16290132113627,53.942715,test
2023-08-31 13:00:00+05:00,50.25379901422281,55.82380698870102,50.08792,test
2023-08-31 14:00:00+05:00,59.56395651457797,56.247229579932515,58.552383,test
2023-08-31 15:00:00+05:00,42.43236705227753,44.181120778920125,41.788284,test
2023-08-31 16:00:00+05:00,37.631856023466696,41.56059783898403,36.848724,test
2023-08-31 17:00:00+05:00,35.90823854947246,31.573109068805262,36.21729,test
2023-08-31 18:00:00+05:00,25.0677273734932,24.85443248943472,24.925451,test
2023-08-31 19:00:00+05:00,20.990998990357866,21.082915317646606,20.947474,test
2023-08-31 20:00:00+05:00,16.576333871395548,16.538104705883438,16.552412,test
2023-08-31 21:00:00+05:00,19.670495094409034,19.34955319495972,19.571987,test
2023-08-31 22:00:00+05:00,18.632139088399185,18.100630855585663,18.56731,test
2023-08-31 23:00:00+05:00,13.320550317379343,13.423979488607067,13.289221,test
2023-09-01 00:00:00+05:00,17.24462698155918,16.9314864748212,17.095797,test
